family,harness_M,harness_N,K,dtype,harness_opA,harness_opB,rocblas_M,rocblas_N,rocblas_transA,rocblas_transB,n_solutions,rocblas_solution_index,tensile_index_for_override,default_ms,best_ms,gain
skinny-M,8,2641,4697,fp16,T,N,2641,8,N,T,258,-606622839,606622829,0.59644,0.03946,15.1167
skinny-M,2,1661,2911,fp16,T,N,1661,2,N,T,55,-548,538,0.37302,0.03314,11.2561
skinny-M,6,5161,3526,fp16,T,N,5161,6,N,T,71,-606622839,606622829,0.47264,0.05676,8.3277
skinny-M,6,7522,5417,fp16,T,N,7522,6,N,T,74,-606622839,606622829,0.96157,0.12028,7.9943
skinny-M,14,5301,10342,fp16,T,T,5301,14,T,T,53,-606629613,606629603,1.30530,0.17453,7.4790
skinny-M,14,7471,6320,fp16,T,T,7471,14,T,T,53,-606629613,606629603,1.20032,0.16091,7.4596
skinny-M,9,1498,9358,fp16,T,T,1498,9,T,T,88,-606629612,606629602,1.12919,0.16200,6.9704
skinny-M,16,6623,8533,fp16,T,T,6623,16,T,T,53,-606629612,606629602,1.09487,0.15737,6.9574
skinny-M,2,5500,8481,fp16,T,N,5500,2,N,T,107,-606602877,606602867,1.10425,0.15932,6.9310
skinny-M,16,9097,4075,fp16,T,T,9097,16,T,T,53,-606629622,606629612,0.78360,0.11652,6.7249
skinny-M,15,2514,6918,fp16,T,T,2514,15,T,T,88,-606629613,606629603,0.84790,0.12628,6.7144
skinny-M,9,1818,7377,fp16,T,T,1818,9,T,T,53,-606629622,606629612,0.89456,0.13674,6.5422
skinny-M,15,4997,2727,fp16,T,T,4997,15,T,T,53,-606629612,606629602,0.34643,0.05725,6.0513
skinny-M,4,20928,1051,fp16,T,N,20928,4,N,T,227,-606602970,606602960,0.32107,0.05329,6.0252
skinny-M,10,17601,31985,fp16,T,T,17601,10,T,T,53,-606629612,606629602,7.64695,1.45208,5.2662
skinny-M,2,9458,3831,fp16,T,N,9458,2,N,T,55,-606622900,606622890,0.68712,0.13661,5.0297
skinny-M,2,14660,12166,fp16,T,T,14660,2,T,T,60,-606629560,606629550,2.82929,0.79033,3.5799
skinny-M,5,1161,23699,fp32,N,T,1161,5,T,N,612,-606618433,606618423,0.57540,0.17453,3.2968
skinny-M,2,10224,26560,fp16,N,N,10224,2,N,N,399,-606624210,606624200,1.50131,0.48873,3.0719
skinny-M,4,2658,16964,fp32,T,N,2658,4,N,T,519,-606624704,606624694,0.70352,0.23695,2.9691
skinny-M,7,14760,5469,fp16,N,N,14760,7,N,N,393,-606603255,606603245,0.35440,0.14514,2.4418
skinny-M,8,4580,3165,fp32,T,T,4580,8,T,T,82,-606620820,606620810,0.20395,0.08476,2.4061
skinny-M,15,1448,4316,fp16,N,N,1448,15,N,N,393,-606603284,606603274,0.04705,0.01970,2.3880
skinny-M,2,7999,29126,fp16,T,T,7999,2,T,T,36,-374,364,5.51178,2.37671,2.3191
skinny-M,11,4199,30799,bf16,T,T,4199,11,T,T,39,-606619899,606619889,1.25704,0.54521,2.3056
skinny-M,7,8372,10763,fp16,T,T,8372,7,T,T,36,-374,364,2.04656,0.88953,2.3007
skinny-M,3,16275,1515,fp16,T,T,16275,3,T,T,36,-374,364,0.43743,0.19253,2.2720
skinny-M,5,7051,1580,fp32,T,T,7051,5,T,T,82,-606620828,606620818,0.17755,0.07839,2.2649
skinny-M,1,10227,2613,bf16,T,N,10227,1,N,T,10,-9,-1,0.14756,0.06726,2.1940
skinny-M,3,22072,12963,fp16,T,T,22072,3,T,T,36,-378,368,4.12449,1.90928,2.1602
skinny-M,6,2257,2320,fp32,T,T,2257,6,T,T,82,-606620796,606620786,0.12108,0.05795,2.0894
skinny-M,11,2123,5792,fp16,T,N,2123,11,N,T,258,-606622882,606622872,0.09499,0.04582,2.0731
skinny-M,2,19003,31435,fp16,N,T,19003,2,T,N,70,-606627647,606627637,2.49144,1.21994,2.0423
skinny-M,5,3029,9869,fp16,T,T,3029,5,T,T,36,-374,364,1.21209,0.60999,1.9871
skinny-M,5,1808,16145,fp16,T,T,1808,5,T,T,36,-374,364,1.94942,0.98930,1.9705
skinny-M,6,4075,27297,fp16,T,T,4075,6,T,T,36,-374,364,3.38641,1.73893,1.9474
skinny-M,3,1431,12905,fp16,T,T,1431,3,T,T,36,-374,364,1.55242,0.80218,1.9353
skinny-M,2,5166,3585,fp16,T,T,5166,2,T,T,36,-374,364,0.45362,0.23442,1.9351
skinny-M,15,13923,25673,fp16,N,T,13923,15,T,N,70,-606627734,606627724,1.54159,0.80383,1.9178
skinny-M,14,16607,2775,fp16,N,N,16607,14,N,N,103,-606624140,606624130,0.18757,0.09831,1.9079
skinny-M,1,7574,5601,fp16,N,N,7574,1,N,N,102,-9,-1,0.19621,0.10404,1.8858
skinny-M,1,6753,4847,bf16,N,N,6753,1,N,N,177,-9,-1,0.18136,0.09853,1.8406
skinny-M,1,3135,30516,bf16,N,T,3135,1,T,N,65,-606623130,606623120,0.36358,0.19984,1.8194
skinny-M,11,2758,9970,fp16,N,T,2758,11,T,N,70,-606604761,606604751,0.12691,0.06979,1.8184
skinny-M,13,3290,7741,bf16,N,T,3290,13,T,N,64,-606623168,606623158,0.11805,0.06544,1.8039
skinny-M,13,1605,1466,fp16,N,N,1605,13,N,N,97,-606624200,606624190,0.03496,0.01947,1.7951
skinny-M,13,1411,1362,fp16,N,N,1411,13,N,N,97,-606603275,606603265,0.03388,0.01890,1.7929
skinny-M,4,16056,12496,fp16,N,N,16056,4,N,N,399,-606624078,606624068,0.67327,0.38225,1.7613
skinny-M,3,2834,25588,fp16,N,T,2834,3,T,N,70,-606627650,606627640,0.28447,0.16778,1.6955
skinny-M,1,1207,2765,fp16,N,T,1207,1,T,N,69,-9,-1,0.02422,0.01432,1.6914
skinny-M,8,1377,1063,fp32,N,N,1377,8,N,N,556,-606628038,606628028,0.01706,0.01012,1.6857
skinny-M,8,27350,1056,fp16,T,N,27350,8,N,T,249,-606622868,606622858,0.11293,0.06721,1.6802
skinny-M,13,1642,21553,fp16,T,N,1642,13,N,T,259,-606602963,606602953,0.16797,0.10031,1.6745
skinny-M,2,1184,6563,bf16,T,T,1184,2,T,T,4,-354,344,0.70788,0.42593,1.6620
skinny-M,3,1977,14375,bf16,T,T,1977,3,T,T,4,-354,344,1.55555,0.94147,1.6523
skinny-M,6,1618,4363,bf16,T,T,1618,6,T,T,4,-354,344,0.47481,0.28789,1.6493
skinny-M,1,22464,4518,bf16,N,N,22464,1,N,N,426,-9,-1,0.28826,0.17786,1.6207
skinny-M,1,7008,6688,fp16,N,N,7008,1,N,N,394,-606624109,606624099,0.14825,0.09194,1.6125
skinny-M,5,3160,2955,bf16,T,T,3160,5,T,T,4,-354,344,0.32683,0.20358,1.6054
skinny-M,2,24324,26533,bf16,N,N,24324,2,N,N,283,-606605207,606605197,1.86386,1.17910,1.5807
skinny-M,13,2355,18385,fp16,N,T,2355,13,T,N,70,-606627666,606627656,0.19302,0.12345,1.5636
skinny-M,7,11102,20245,fp16,N,N,11102,7,N,N,101,-606603383,606603373,0.73759,0.47320,1.5587
skinny-M,16,2384,1096,fp32,N,N,2384,16,N,N,562,-606605146,606605136,0.02098,0.01348,1.5563
skinny-M,8,6878,20579,fp32,T,N,6878,8,N,T,519,-606604023,606604013,0.91629,0.59346,1.5440
skinny-M,2,4834,3471,bf16,T,T,4834,2,T,T,4,-354,344,0.38147,0.24986,1.5267
skinny-M,4,2598,15341,fp16,T,N,2598,4,N,T,74,-606622839,606622829,0.15477,0.10208,1.5161
skinny-M,8,3789,2275,fp16,N,N,3789,8,N,N,103,-606603283,606603273,0.05636,0.03723,1.5140
skinny-M,11,2901,9372,fp32,N,T,2901,11,T,N,612,-606602197,606602187,0.15721,0.10583,1.4855
skinny-M,12,16900,25213,fp16,N,N,16900,12,N,N,232,-606603293,606603283,1.26171,0.87755,1.4378
skinny-M,3,1431,6254,fp32,T,T,1431,3,T,T,15,-606620762,606620752,0.31354,0.21965,1.4274
skinny-M,3,29459,1379,fp32,N,N,29459,3,N,N,556,-606605006,606604996,0.19241,0.13552,1.4198
skinny-M,3,2795,2586,bf16,T,N,2795,3,N,T,26,-151,141,0.11451,0.08231,1.3912
skinny-M,4,1397,31984,bf16,N,N,1397,4,N,N,176,-606605266,606605256,0.19018,0.13675,1.3908
skinny-M,3,2357,2029,bf16,T,N,2357,3,N,T,26,-152,142,0.09128,0.06626,1.3776
skinny-M,4,15159,20172,fp16,N,N,15159,4,N,N,103,-606603313,606603303,0.93701,0.68291,1.3721
skinny-M,3,5149,28704,fp32,T,T,5149,3,T,T,15,-606620832,606620822,1.80015,1.32565,1.3579
skinny-M,1,6986,1982,bf16,T,N,6986,1,N,T,10,-9,-1,0.06872,0.05075,1.3541
skinny-M,3,13541,30722,bf16,N,N,13541,3,N,N,176,-606605179,606605169,1.34258,1.01137,1.3275
skinny-M,11,12047,12316,fp32,N,T,12047,11,T,N,612,-606618431,606618421,0.75849,0.57183,1.3264
skinny-M,4,5204,15155,bf16,N,T,5204,4,T,N,64,-606603151,606603141,0.22621,0.17176,1.3170
skinny-M,8,8817,6560,fp16,N,N,8817,8,N,N,103,-606624243,606624233,0.20527,0.15735,1.3045
skinny-M,8,14492,1529,bf16,T,T,14492,8,T,T,39,-606619899,606619889,0.09441,0.07284,1.2961
skinny-M,6,9815,11307,bf16,N,T,9815,6,T,N,64,-606623130,606623120,0.28868,0.22273,1.2961
skinny-M,1,17723,26027,fp16,N,T,17723,1,T,N,71,-606627649,606627639,1.17065,0.91412,1.2806
skinny-M,2,1361,1229,bf16,T,N,1361,2,N,T,24,-151,141,0.05235,0.04110,1.2735
skinny-M,2,18003,1485,fp32,N,N,18003,2,N,N,556,-606605005,606604995,0.11094,0.08786,1.2627
skinny-M,8,19183,27506,bf16,T,T,19183,8,T,T,39,-606619899,606619889,1.53681,1.21958,1.2601
skinny-M,9,13968,31299,fp32,T,N,13968,9,N,T,525,-606624721,606624711,1.93549,1.59025,1.2171
skinny-M,3,25735,2048,fp32,N,N,25735,3,N,N,556,-606605141,606605131,0.19896,0.16362,1.2160
skinny-M,5,26343,1915,fp32,N,N,26343,5,N,N,556,-606628034,606628024,0.18676,0.15429,1.2104
skinny-M,9,28001,3356,fp32,N,N,28001,9,N,N,556,-606627862,606627852,0.39987,0.33125,1.2072
skinny-M,1,11857,15078,fp32,N,N,11857,1,N,N,557,-606628034,606628024,0.74035,0.61429,1.2052
skinny-M,4,17922,4876,fp32,N,N,17922,4,N,N,558,-606627903,606627893,0.35103,0.29326,1.1970
skinny-M,10,3466,28462,fp16,T,N,3466,10,N,T,259,-606622839,606622829,0.42445,0.35599,1.1923
skinny-M,7,5683,11137,fp16,N,N,5683,7,N,N,99,-606603283,606603273,0.20672,0.17447,1.1849
skinny-M,4,26242,6784,fp32,T,N,26242,4,N,T,519,-606604014,606604004,0.72852,0.63059,1.1553
skinny-M,2,4490,1237,bf16,N,N,4490,2,N,N,174,-606605228,606605218,0.03372,0.02932,1.1500
skinny-M,1,17211,10547,fp32,N,N,17211,1,N,N,557,-606627902,606627892,0.70543,0.61422,1.1485
skinny-M,2,19241,7198,fp32,N,N,19241,2,N,N,556,-606627862,606627852,0.51885,0.45233,1.1471
skinny-M,3,3774,6354,bf16,T,N,3774,3,N,T,27,-606630723,606630713,0.25052,0.21883,1.1448
skinny-M,8,1279,19144,fp16,T,N,1279,8,N,T,259,-606602963,606602953,0.07773,0.06794,1.1441
skinny-M,1,5837,25558,bf16,T,N,5837,1,N,T,12,-9,-1,0.55594,0.48640,1.1430
skinny-M,10,31245,2493,bf16,T,T,31245,10,T,T,39,-606619899,606619889,0.25296,0.22147,1.1422
skinny-M,13,5065,9276,fp32,N,T,5065,13,T,N,612,-606602198,606602188,0.20998,0.18450,1.1381
skinny-M,3,2841,8606,fp32,T,N,2841,3,N,T,253,-606603884,606603874,0.13932,0.12254,1.1370
skinny-M,2,26302,24773,fp16,N,T,26302,2,T,N,70,-606604760,606604750,1.43172,1.27889,1.1195
skinny-M,4,2059,8025,fp16,N,N,2059,4,N,N,103,-606603403,606603393,0.06364,0.05693,1.1180
skinny-M,7,24100,3045,bf16,N,N,24100,7,N,N,283,-606605254,606605244,0.15563,0.14177,1.0977
skinny-M,9,5095,7805,bf16,N,N,5095,9,N,N,176,-606629919,606629909,0.13927,0.12726,1.0944
skinny-M,12,12372,17297,fp16,N,T,12372,12,T,N,70,-606627662,606627652,0.47184,0.43690,1.0800
skinny-M,14,2151,1818,fp32,T,N,2151,14,N,T,519,-606624689,606624679,0.03100,0.02882,1.0757
skinny-M,6,10028,11524,bf16,T,T,10028,6,T,T,4,-354,344,1.47930,1.38735,1.0663
skinny-M,9,19269,29079,fp32,N,T,19269,9,T,N,612,-606618439,606618429,2.25288,2.11905,1.0632
skinny-M,2,5519,1431,bf16,N,N,5519,2,N,N,174,-606605260,606605250,0.03720,0.03508,1.0605
skinny-M,2,12491,17151,bf16,T,T,12491,2,T,T,4,-354,344,2.21089,2.11120,1.0472
skinny-M,1,2611,1496,bf16,N,T,2611,1,T,N,63,-9,-1,0.01800,0.01730,1.0400
skinny-M,14,5251,4529,fp16,N,N,5251,14,N,N,103,-606624108,606624098,0.08917,0.08691,1.0260
skinny-M,5,6540,25555,fp32,T,N,6540,5,N,T,525,-606603996,606603986,0.60832,0.59480,1.0227
skinny-M,11,2100,3278,fp16,N,T,2100,11,T,N,68,-606604761,606604751,0.03111,0.03056,1.0181
skinny-M,5,20623,11236,fp32,T,T,20623,5,T,T,82,-606620823,606620813,1.12793,1.11227,1.0141
skinny-M,11,13206,21901,bf16,N,T,13206,11,T,N,64,-606603150,606603140,0.57793,0.57003,1.0138
skinny-M,9,1461,2346,fp32,T,N,1461,9,N,T,519,-606624689,606624679,0.03376,0.03349,1.0082
skinny-M,1,2084,15606,bf16,T,T,2084,1,T,T,4,-356,346,0.08986,0.08933,1.0059
skinny-M,1,7140,4962,bf16,N,N,7140,1,N,N,284,-606629825,606629815,0.09630,0.09580,1.0053
skinny-M,3,13765,16476,bf16,T,N,13765,3,N,T,28,-606605522,606605512,0.75453,0.75145,1.0041
skinny-M,1,4196,6469,fp16,T,T,4196,1,T,T,23,-606629592,606629582,0.07867,0.07857,1.0013
skinny-M,6,2334,5751,fp16,N,T,2334,6,T,N,70,-606627654,606627644,0.04539,0.04534,1.0012
skinny-M,1,9260,7244,fp16,T,N,9260,1,N,T,38,-606622733,606622723,0.14795,0.14784,1.0007
skinny-M,1,2163,29521,bf16,N,N,2163,1,N,N,177,-606605183,606605173,0.17589,0.17586,1.0002
skinny-M,1,31434,7593,bf16,T,T,31434,1,T,T,4,-9,-1,0.82558,0.82553,1.0001
skinny-M,1,11060,3883,fp16,T,T,11060,1,T,T,23,-606629598,606629588,0.11595,0.11595,1.0000
skinny-M,12,1027,12691,fp16,T,N,1027,12,N,T,258,-606603003,606602993,0.04300,0.04300,0.9999
skinny-M,5,17516,1056,bf16,T,T,17516,5,T,T,4,-357,347,0.16493,0.16496,0.9998
skinny-M,14,1074,18628,fp16,N,T,1074,14,T,N,70,-606604754,606604744,0.08489,0.08492,0.9997
skinny-M,14,26242,27847,fp32,N,T,26242,14,T,N,612,-606601886,606601876,2.72431,2.72693,0.9990
skinny-M,15,8225,1641,fp16,N,N,8225,15,N,N,97,-606603313,606603303,0.04886,0.04894,0.9984
skinny-M,8,12141,3792,bf16,N,T,12141,8,T,N,62,-606623129,606623119,0.10463,0.10482,0.9981
skinny-M,12,1199,12140,bf16,N,T,1199,12,T,N,64,-606623202,606623192,0.06838,0.06852,0.9981
skinny-M,5,1094,15427,fp16,N,T,1094,5,T,N,70,-606604754,606604744,0.08132,0.08152,0.9975
skinny-M,2,12219,1956,fp16,N,T,12219,2,T,N,68,-606604773,606604763,0.05804,0.05820,0.9972
skinny-M,6,6164,30413,fp32,T,N,6164,6,N,T,525,-606603796,606603786,0.64349,0.64622,0.9958
skinny-M,1,5316,27424,fp32,T,T,5316,1,T,T,13,-606620753,606620743,0.49428,0.49657,0.9954
skinny-M,10,10850,25130,fp32,T,N,10850,10,N,T,519,-606604014,606604004,0.98048,0.98584,0.9946
skinny-M,2,23098,28084,bf16,T,N,23098,2,N,T,28,-606630771,606630761,1.61649,1.62902,0.9923
skinny-M,5,1771,2131,bf16,N,T,1771,5,T,N,62,-606623182,606623172,0.02261,0.02280,0.9916
skinny-M,6,13606,14748,fp32,T,T,13606,6,T,T,82,-606620798,606620788,1.08209,1.09182,0.9911
skinny-M,1,1577,8466,fp16,T,N,1577,1,N,T,38,-606602865,606602855,0.13967,0.14092,0.9911
skinny-M,7,2037,11626,fp16,T,N,2037,7,N,T,74,-606603003,606602993,0.08029,0.08118,0.9890
skinny-M,3,26046,30779,bf16,T,N,26046,3,N,T,28,-606605522,606605512,2.01798,2.05495,0.9820
skinny-M,5,3314,2962,fp32,T,N,3314,5,N,T,519,-606624713,606624703,0.04690,0.04797,0.9776
large-K,508,471,22804,fp16,T,N,471,508,N,T,258,-606603005,606602995,2.47566,0.20974,11.8036
large-K,179,1546,13321,bf16,T,N,1546,179,N,T,247,-606630700,606630690,1.79109,0.15875,11.2824
large-K,630,393,16058,fp16,T,N,393,630,N,T,258,-606622884,606622874,1.63312,0.15246,10.7119
large-K,398,977,14543,bf16,T,N,977,398,N,T,247,-606630700,606630690,2.56594,0.28109,9.1286
large-K,10145,401,13136,fp16,T,N,401,10145,N,T,245,-606603106,606603096,10.46733,1.27656,8.1997
large-K,10311,314,10208,fp16,T,N,314,10311,N,T,245,-606603049,606603039,6.54861,0.81776,8.0080
large-K,699,923,15353,bf16,T,N,923,699,N,T,244,-606605453,606605443,2.58978,0.32839,7.8862
large-K,312,271,11702,fp16,T,T,271,312,T,T,53,-606629612,606629602,1.46969,0.19068,7.7075
large-K,1968,390,11358,bf16,T,N,390,1968,N,T,244,-606630836,606630826,1.94522,0.25291,7.6915
large-K,1920,14000,13877,fp16,T,T,14000,1920,T,T,53,-606629610,606629600,47.25605,6.43243,7.3465
large-K,1585,161,13323,fp16,T,N,161,1585,N,T,258,-606622884,606622874,0.99014,0.13558,7.3028
large-K,254,11817,9423,fp16,T,T,11817,254,T,T,53,-606629607,606629597,4.32131,0.59289,7.2885
large-K,133,1427,8267,fp16,T,N,1427,133,N,T,258,-606603005,606602995,0.75545,0.10828,6.9768
large-K,454,1072,9926,fp16,T,T,1072,454,T,T,88,-606629613,606629603,1.73631,0.25176,6.8967
large-K,2877,617,28628,fp16,T,T,617,2877,T,T,53,-606629611,606629601,10.45804,1.61174,6.4887
large-K,2476,621,11347,fp16,T,T,621,2476,T,T,53,-606629606,606629596,2.91212,0.45209,6.4414
large-K,292,460,8645,fp16,T,T,460,292,T,T,53,-606629613,606629603,0.90079,0.14654,6.1471
large-K,6222,760,16862,fp16,T,T,760,6222,T,T,88,-606629610,606629600,9.49290,1.55174,6.1176
large-K,532,542,8561,fp16,T,T,542,532,T,T,53,-606629622,606629612,0.92601,0.15270,6.0641
large-K,257,835,12264,fp16,T,T,835,257,T,T,53,-606629621,606629611,1.23793,0.20699,5.9808
large-K,2681,2391,14700,fp16,T,T,2391,2681,T,T,53,-606629611,606629601,12.79136,2.18652,5.8501
large-K,516,4620,15046,fp16,T,T,4620,516,T,T,88,-606629607,606629597,5.22925,0.89724,5.8281
large-K,2522,3468,9156,fp16,T,T,3468,2522,T,T,88,-606629610,606629600,9.75131,1.71877,5.6734
large-K,4635,2873,8970,fp16,T,T,2873,4635,T,T,53,-606629617,606629607,17.10680,3.03612,5.6344
large-K,211,4095,31880,fp16,T,T,4095,211,T,T,53,-606629614,606629604,6.25776,1.11361,5.6193
large-K,22286,252,21620,fp16,T,T,252,22286,T,T,88,-606629620,606629610,14.12002,2.57375,5.4862
large-K,6509,396,13276,fp16,T,T,396,6509,T,T,88,-606629608,606629598,4.47244,0.81696,5.4745
large-K,8280,248,27509,fp16,T,T,248,8280,T,T,53,-606629614,606629604,8.45541,1.55554,5.4357
large-K,8014,3117,19888,fp16,T,T,3117,8014,T,T,53,-606629618,606629608,67.21912,12.55633,5.3534
large-K,7240,4092,8459,fp16,T,T,4092,7240,T,T,53,-606629620,606629610,32.46873,6.07503,5.3446
large-K,386,412,20744,fp16,T,N,412,386,N,T,395,-606622884,606622874,0.90146,0.16923,5.3269
large-K,7016,1337,18493,fp16,T,T,1337,7016,T,T,53,-606629618,606629608,22.62834,4.26527,5.3053
large-K,4050,1307,16699,fp16,T,T,1307,4050,T,T,53,-606629616,606629606,12.47810,2.35310,5.3028
large-K,1611,2189,26479,fp16,T,T,2189,1611,T,T,53,-606629616,606629606,13.88594,2.66847,5.2037
large-K,142,629,24502,fp16,T,N,629,142,N,T,259,-606622884,606622874,0.96890,0.18925,5.1196
large-K,230,8592,18796,fp16,T,T,8592,230,T,T,88,-606629607,606629597,5.47803,1.07354,5.1028
large-K,5177,1192,31767,fp16,T,T,1192,5177,T,T,53,-606629618,606629608,27.74314,5.43949,5.1003
large-K,443,1636,24285,fp16,T,T,1636,443,T,T,53,-606629621,606629611,3.56066,0.70400,5.0578
large-K,5649,2432,8468,fp16,T,T,2432,5649,T,T,88,-606629617,606629607,13.09346,2.61138,5.0140
large-K,9543,1665,24354,fp16,T,T,1665,9543,T,T,53,-606629618,606629608,58.39111,11.82255,4.9390
large-K,554,2729,19204,fp16,T,T,2729,554,T,T,53,-606629614,606629604,4.88653,0.99953,4.8888
large-K,209,480,11135,bf16,N,T,480,209,T,N,214,-606603212,606603202,0.32779,0.06941,4.7225
large-K,6078,2284,27465,fp16,T,T,2284,6078,T,T,53,-606629608,606629598,49.78496,10.55002,4.7189
large-K,5071,3592,15425,fp16,T,T,3592,5071,T,T,53,-606629608,606629598,35.79150,7.83217,4.5698
large-K,960,172,11369,fp16,T,N,172,960,N,T,395,-606603005,606602995,0.50887,0.11589,4.3909
large-K,8259,2672,22605,fp16,T,T,2672,8259,T,T,53,-606629615,606629605,66.54308,15.32268,4.3428
large-K,2169,20183,12257,fp16,T,T,20183,2169,T,T,53,-606629611,606629601,67.38268,15.54141,4.3357
large-K,4119,7849,13742,fp16,T,T,7849,4119,T,T,53,-606629618,606629608,59.92617,14.14654,4.2361
large-K,2509,286,16100,fp16,T,T,286,2509,T,T,88,-606629621,606629611,1.83166,0.46453,3.9431
large-K,1020,18926,26025,fp16,T,T,18926,1020,T,T,53,-606629611,606629601,63.80259,16.71334,3.8175
large-K,4921,759,14242,bf16,T,N,759,4921,N,T,231,-606605569,606605559,3.88000,1.03325,3.7551
large-K,484,128,29438,fp16,N,N,128,484,N,N,399,-606603250,606603240,0.24411,0.06733,3.6258
large-K,11013,744,28132,bf16,N,T,744,11013,T,N,201,-606623196,606623186,12.60345,3.99586,3.1541
large-K,128,4799,8619,fp16,N,T,4799,128,T,N,68,-606627668,606627658,0.62945,0.20681,3.0437
large-K,660,132,20045,fp16,N,N,132,660,N,N,232,-606624108,606624098,0.35197,0.11878,2.9632
large-K,358,2430,18754,fp32,T,N,2430,358,N,T,519,-606624692,606624682,2.96046,1.01228,2.9245
large-K,3132,7257,12119,bf16,T,N,7257,3132,N,T,231,-606630826,606630816,12.81472,4.39019,2.9189
large-K,697,174,30162,fp32,N,T,174,697,T,N,612,-606618203,606618193,1.34994,0.47424,2.8466
large-K,2078,141,17901,fp16,N,N,141,2078,N,N,103,-606624235,606624225,0.86102,0.30354,2.8366
large-K,937,325,11054,bf16,N,T,325,937,T,N,64,-606603225,606603215,0.46825,0.17103,2.7378
large-K,1518,191,9569,fp16,N,N,191,1518,N,N,103,-606603283,606603273,0.47771,0.17573,2.7185
large-K,1712,9691,9030,bf16,T,N,9691,1712,N,T,231,-606630852,606630842,6.62511,2.49389,2.6565
large-K,1851,234,15222,fp16,N,N,234,1851,N,N,101,-606624235,606624225,0.66676,0.25164,2.6497
large-K,2044,1650,25653,fp16,T,N,1650,2044,N,T,245,-606603099,606603089,3.56651,1.34631,2.6491
large-K,1713,9387,9171,bf16,T,N,9387,1713,N,T,231,-606605657,606605647,6.86253,2.61338,2.6259
large-K,344,324,15417,fp16,N,N,324,344,N,N,232,-606624235,606624225,0.31997,0.12423,2.5756
large-K,523,249,26152,fp32,N,T,249,523,T,N,612,-606602165,606602155,1.07158,0.42041,2.5489
large-K,2627,3718,13306,bf16,T,N,3718,2627,N,T,231,-606605595,606605585,6.42864,2.52216,2.5489
large-K,1662,4382,14259,bf16,T,N,4382,1662,N,T,231,-606630826,606630816,4.74757,1.86873,2.5405
large-K,1645,6483,15053,bf16,T,N,6483,1645,N,T,231,-606605644,606605634,7.19876,2.91143,2.4726
large-K,1943,4171,19403,fp16,T,N,4171,1943,N,T,245,-606623001,606622991,7.67739,3.15397,2.4342
large-K,138,748,11667,fp16,N,N,748,138,N,N,232,-606603403,606603393,0.23819,0.09942,2.3958
large-K,354,134,9611,fp32,N,N,134,354,N,N,556,-606605146,606605136,0.27557,0.11636,2.3683
large-K,619,140,10271,bf16,T,N,140,619,N,T,348,-606605453,606605443,0.23203,0.09899,2.3440
large-K,4537,578,31840,fp16,T,N,578,4537,N,T,249,-606622995,606622985,3.67916,1.58991,2.3141
large-K,262,7821,30041,bf16,T,N,7821,262,N,T,238,-606630822,606630812,3.26658,1.41323,2.3114
large-K,407,3057,15543,fp16,T,N,3057,407,N,T,250,-606622962,606622952,1.05092,0.46062,2.2815
large-K,1367,5359,22748,fp16,T,N,5359,1367,N,T,245,-606603115,606603105,8.12279,3.56548,2.2782
large-K,974,245,11796,fp32,N,T,245,974,T,N,612,-606618439,606618429,0.50505,0.22304,2.2644
large-K,1717,7516,15296,fp16,N,T,7516,1717,T,N,62,-606604851,606604841,6.85704,3.13311,2.1886
large-K,9457,12982,16790,bf16,T,T,12982,9457,T,T,39,-606619916,606619906,72.55692,33.57125,2.1613
large-K,614,943,15203,fp16,N,N,943,614,N,N,103,-606603299,606603289,0.77041,0.35768,2.1539
large-K,16368,6804,21486,bf16,T,T,6804,16368,T,T,39,-606619916,606619906,82.89024,38.55712,2.1498
large-K,206,427,32112,bf16,N,T,427,206,T,N,64,-606623149,606623139,0.42329,0.19981,2.1184
large-K,4516,1193,8455,bf16,T,N,1193,4516,N,T,231,-606630884,606630874,1.77551,0.84794,2.0939
large-K,14171,13508,10645,bf16,T,T,13508,14171,T,T,39,-606619916,606619906,68.99590,33.17265,2.0799
large-K,9923,342,29592,bf16,N,T,342,9923,T,N,57,-606623198,606623188,5.48461,2.66321,2.0594
large-K,210,178,16546,fp16,T,T,178,210,T,T,88,-606629622,606629612,0.58169,0.28245,2.0594
large-K,1417,3027,15782,bf16,N,T,3027,1417,T,N,57,-606603145,606603135,2.89210,1.40636,2.0565
large-K,11351,15545,15562,bf16,T,T,15545,11351,T,T,39,-606619916,606619906,91.48045,44.54150,2.0538
large-K,13020,10121,10163,bf16,T,T,10121,13020,T,T,39,-606619916,606619906,44.93388,21.90560,2.0513
large-K,4125,16070,25745,bf16,T,T,16070,4125,T,T,39,-606619916,606619906,65.45850,32.22041,2.0316
large-K,140,2653,9940,fp16,N,N,2653,140,N,N,103,-606624121,606624111,0.45595,0.22523,2.0244
large-K,1838,3053,16508,fp16,N,T,3053,1838,T,N,62,-606627741,606627731,4.00514,1.98707,2.0156
large-K,13761,347,24874,bf16,N,T,347,13761,T,N,57,-606603181,606603171,6.97131,3.47034,2.0088
large-K,12045,14390,12061,bf16,T,T,14390,12045,T,T,39,-606619916,606619906,74.02209,36.88526,2.0068
large-K,1429,5101,11172,bf16,N,T,5101,1429,T,N,57,-606623198,606623188,3.32172,1.67241,1.9862
large-K,283,450,15541,fp32,N,N,450,283,N,N,556,-606605063,606605053,0.43896,0.22112,1.9852
large-K,10116,12554,16095,bf16,T,T,12554,10116,T,T,39,-606619916,606619906,70.85531,35.86903,1.9754
large-K,914,2295,21254,fp16,T,N,2295,914,N,T,249,-606603110,606603100,2.07945,1.06041,1.9610
large-K,211,805,11828,fp32,N,N,805,211,N,N,556,-606627955,606627945,0.34595,0.17643,1.9608
large-K,1917,9435,20889,bf16,N,N,9435,1917,N,N,166,-606630013,606630003,12.16515,6.21869,1.9562
large-K,26963,1733,16277,fp16,N,N,1733,26963,N,N,90,-606603433,606603423,25.00008,12.87451,1.9418
large-K,9507,9323,16883,bf16,T,T,9323,9507,T,T,39,-606619916,606619906,53.07574,27.49325,1.9305
large-K,1447,1506,28594,fp16,T,N,1506,1447,N,T,249,-606622971,606622961,2.64790,1.37459,1.9263
large-K,1607,2261,12648,bf16,N,T,2261,1607,T,N,57,-606603145,606603135,1.74464,0.90611,1.9254
large-K,236,853,16398,fp16,N,T,853,236,T,N,70,-606627668,606627658,0.44123,0.22972,1.9207
large-K,3601,205,15828,fp16,T,N,205,3601,N,T,255,-606603068,606603058,0.79283,0.41569,1.9072
large-K,20868,4856,10532,bf16,T,T,4856,20868,T,T,39,-606619916,606619906,32.08591,16.87648,1.9012
large-K,4667,543,18548,fp32,N,T,543,4667,T,N,612,-606618436,606618426,5.42191,2.86616,1.8917
large-K,1104,945,8209,bf16,N,N,945,1104,N,N,176,-606605259,606605249,0.58488,0.31181,1.8758
large-K,1130,1336,16130,fp16,N,T,1336,1130,T,N,239,-606627706,606627696,0.89120,0.47691,1.8687
large-K,8444,8579,10426,bf16,T,T,8579,8444,T,T,39,-606619916,606619906,23.27719,12.47016,1.8666
large-K,340,4911,20094,bf16,T,N,4911,340,N,T,239,-606630822,606630812,1.70730,0.91553,1.8648
large-K,1009,6422,21651,bf16,N,N,6422,1009,N,N,166,-606605359,606605349,4.36936,2.34825,1.8607
large-K,1494,587,9791,fp16,N,N,587,1494,N,N,103,-606624215,606624205,0.49684,0.26740,1.8580
large-K,10145,10602,8819,bf16,T,T,10602,10145,T,T,39,-606619916,606619906,30.17682,16.25966,1.8559
large-K,8622,22293,12528,bf16,T,T,22293,8622,T,T,39,-606619916,606619906,70.97145,38.61958,1.8377
large-K,18625,6935,9151,bf16,T,T,6935,18625,T,T,39,-606619916,606619906,38.89092,21.19618,1.8348
large-K,787,1620,13188,fp16,T,N,1620,787,N,T,387,-606622954,606622944,0.66347,0.36160,1.8348
large-K,2721,4881,9784,bf16,N,T,4881,2721,T,N,57,-606623124,606623114,5.39956,2.96261,1.8226
large-K,27249,2074,11717,bf16,N,N,2074,27249,N,N,166,-606630009,606629999,21.38270,11.75181,1.8195
large-K,6984,14947,21760,bf16,T,T,14947,6984,T,T,39,-606619916,606619906,66.59600,36.64150,1.8175
large-K,9763,1234,26443,bf16,T,N,1234,9763,N,T,231,-606630877,606630867,9.74042,5.38451,1.8090
large-K,9363,1327,29986,bf16,T,N,1327,9363,N,T,231,-606605657,606605647,12.34694,6.87437,1.7961
large-K,265,3541,26094,bf16,N,T,3541,265,T,N,62,-606623140,606623130,1.13121,0.63214,1.7895
large-K,26977,7236,8735,bf16,T,T,7236,26977,T,T,39,-606619916,606619906,50.63662,28.31969,1.7880
large-K,467,6271,17054,bf16,N,T,6271,467,T,N,57,-606603145,606603135,1.99074,1.11545,1.7847
large-K,2259,4823,12989,bf16,N,N,4823,2259,N,N,166,-606630018,606630008,4.63824,2.60136,1.7830
large-K,178,6888,10506,bf16,N,T,6888,178,T,N,212,-606623178,606623168,0.64293,0.36241,1.7740
large-K,13210,477,21591,fp16,N,T,477,13210,T,N,62,-606604870,606604860,6.95276,3.93011,1.7691
large-K,2583,2052,28886,bf16,T,T,2052,2583,T,T,39,-606619916,606619906,5.27595,2.98942,1.7649
large-K,5354,11917,15085,fp16,N,N,11917,5354,N,N,94,-606603433,606603423,26.80318,15.32587,1.7489
large-K,6190,1621,25807,bf16,T,N,1621,6190,N,T,231,-606630837,606630827,7.86818,4.50774,1.7455
large-K,1619,4150,9947,bf16,N,T,4150,1619,T,N,57,-606603145,606603135,2.77880,1.59420,1.7431
large-K,569,573,9574,fp32,N,T,573,569,T,N,612,-606602159,606602149,0.41802,0.24010,1.7410
large-K,2028,13165,17061,bf16,T,T,13165,2028,T,T,39,-606619916,606619906,12.82000,7.37744,1.7377
large-K,26727,245,26089,fp32,T,T,245,26727,T,T,82,-606620815,606620805,18.70185,10.77446,1.7358
large-K,2819,29622,16543,bf16,T,T,29622,2819,T,T,39,-606619916,606619906,48.07981,27.76414,1.7317
large-K,1227,4206,18691,bf16,N,T,4206,1227,T,N,57,-606603218,606603208,4.16373,2.40962,1.7280
large-K,13111,2726,16249,bf16,T,T,2726,13111,T,T,39,-606619916,606619906,17.84235,10.33080,1.7271
large-K,2057,2328,10565,fp32,N,N,2328,2057,N,N,556,-606605071,606605061,5.46332,3.17599,1.7202
large-K,14230,10707,12024,bf16,T,T,10707,14230,T,T,39,-606619916,606619906,59.97167,34.97785,1.7146
large-K,644,2787,11723,fp16,T,N,2787,644,N,T,249,-606603110,606603100,0.98526,0.57574,1.7113
large-K,3372,1773,13225,fp16,N,T,1773,3372,T,N,62,-606604851,606604841,3.26476,1.90944,1.7098
large-K,552,15220,9923,bf16,N,N,15220,552,N,N,273,-606629857,606629847,2.55009,1.49510,1.7056
large-K,2745,1331,13788,fp32,N,T,1331,2745,T,N,612,-606602207,606602197,4.96814,2.91436,1.7047
large-K,31439,246,28589,fp32,T,T,246,31439,T,T,82,-606620801,606620791,24.44177,14.34122,1.7043
large-K,1093,1090,12272,bf16,T,T,1090,1093,T,T,39,-606619903,606619893,0.65803,0.38686,1.7009
large-K,1344,3842,9879,bf16,N,T,3842,1344,T,N,57,-606603145,606603135,2.01567,1.18550,1.7003
large-K,842,1915,17621,bf16,T,N,1915,842,N,T,239,-606630822,606630812,1.37325,0.80896,1.6976
large-K,639,5924,12223,fp16,N,T,5924,639,T,N,62,-606627717,606627707,1.93713,1.14184,1.6965
large-K,7805,28529,12640,bf16,T,T,28529,7805,T,T,39,-606619916,606619906,83.28728,49.21229,1.6924
large-K,817,693,12345,fp32,N,T,693,817,T,N,612,-606602209,606602199,0.73862,0.43931,1.6813
large-K,1072,2677,16130,bf16,N,T,2677,1072,T,N,57,-606623161,606623151,1.78417,1.06158,1.6807
large-K,20264,12151,8782,bf16,T,T,12151,20264,T,T,39,-606619916,606619906,58.58290,35.01572,1.6730
large-K,8500,199,19283,bf16,N,T,199,8500,T,N,62,-606623140,606623130,1.55914,0.93210,1.6727
large-K,211,6443,28587,fp32,T,N,6443,211,N,T,519,-606624847,606624837,4.47442,2.67705,1.6714
large-K,5830,271,27188,bf16,N,T,271,5830,T,N,62,-606623161,606623151,1.98699,1.19140,1.6678
large-K,178,10108,20414,bf16,N,T,10108,178,T,N,62,-606623198,606623188,1.51548,0.91095,1.6636
large-K,7439,12022,13201,fp16,N,N,12022,7439,N,N,92,-606624261,606624251,32.52580,19.59555,1.6599
large-K,13720,2452,29458,bf16,T,T,2452,13720,T,T,39,-606619916,606619906,32.73203,19.76560,1.6560
large-K,6643,1915,30888,fp16,N,T,1915,6643,T,N,62,-606604851,606604841,20.04700,12.19079,1.6444
large-K,922,2014,21176,fp16,T,N,2014,922,N,T,249,-606603087,606603077,1.66183,1.01210,1.6420
large-K,634,4842,29174,fp16,N,T,4842,634,T,N,62,-606627698,606627688,4.03995,2.46118,1.6415
large-K,6139,537,29220,bf16,T,N,537,6139,N,T,231,-606605594,606605584,3.78905,2.31136,1.6393
large-K,468,3543,8781,fp16,T,N,3543,468,N,T,250,-606622996,606622986,0.69331,0.42311,1.6386
large-K,2329,28051,11798,bf16,N,N,28051,2329,N,N,166,-606630018,606630008,21.06559,12.91853,1.6306
large-K,184,9710,13437,bf16,N,N,9710,184,N,N,174,-606605265,606605255,1.03370,0.63419,1.6300
large-K,3877,1746,29898,fp32,T,T,1746,3877,T,T,82,-606620807,606620797,22.33134,13.73218,1.6262
large-K,4405,20089,12664,bf16,T,T,20089,4405,T,T,39,-606619916,606619906,35.84933,22.07656,1.6239
large-K,2822,3624,26171,fp16,N,T,3624,2822,T,N,227,-606627759,606627749,8.46828,5.22673,1.6202
large-K,4451,841,9874,fp32,N,T,841,4451,T,N,612,-606601941,606601931,3.77956,2.33818,1.6165
large-K,2057,3356,30514,fp16,N,T,3356,2057,T,N,62,-606604851,606604841,10.48307,6.49185,1.6148
large-K,1406,1537,11353,bf16,N,T,1537,1406,T,N,62,-606603145,606603135,0.93201,0.57776,1.6131
large-K,2167,876,25740,bf16,N,T,876,2167,T,N,62,-606623140,606623130,1.86525,1.15691,1.6123
large-K,5962,10676,16968,bf16,T,T,10676,5962,T,T,39,-606619916,606619906,32.95301,20.47572,1.6094
large-K,1560,2961,9645,fp16,N,T,2961,1560,T,N,62,-606627741,606627731,1.77708,1.10691,1.6054
large-K,1978,4633,8691,bf16,N,T,4633,1978,T,N,57,-606603161,606603151,3.33826,2.08233,1.6031
large-K,2383,1033,20693,fp32,N,N,1033,2383,N,N,556,-606605086,606605076,5.78879,3.61595,1.6009
large-K,2820,5972,12065,fp16,N,T,5972,2820,T,N,62,-606627741,606627731,8.54734,5.34044,1.6005
large-K,2603,2019,8245,fp32,N,T,2019,2603,T,N,612,-606618195,606618185,4.12760,2.58072,1.5994
large-K,3216,9674,8960,fp16,N,N,9674,3216,N,N,98,-606624261,606624251,7.51651,4.71356,1.5947
large-K,395,2437,27802,fp32,T,N,2437,395,N,T,519,-606624942,606624932,3.04967,1.92393,1.5851
large-K,7813,2401,22386,fp16,N,T,2401,7813,T,N,62,-606604822,606604812,22.87102,14.45011,1.5828
large-K,7345,689,17245,fp16,N,T,689,7345,T,N,62,-606627760,606627750,3.88637,2.46119,1.5791
large-K,1943,9201,12077,fp16,N,N,9201,1943,N,N,90,-606624264,606624254,5.88418,3.73136,1.5770
large-K,1182,217,17634,fp32,N,T,217,1182,T,N,612,-606618439,606618429,0.53195,0.33790,1.5743
large-K,1352,2375,9235,bf16,N,T,2375,1352,T,N,57,-606603161,606603151,1.19682,0.76188,1.5709
large-K,1675,1465,19048,bf16,N,N,1465,1675,N,N,174,-606629895,606629885,1.55527,0.99490,1.5632
large-K,1110,5036,28685,fp16,N,T,5036,1110,T,N,62,-606604851,606604841,7.10594,4.55766,1.5591
large-K,474,414,12849,fp32,N,T,414,474,T,N,612,-606618175,606618165,0.36560,0.23460,1.5584
large-K,3233,11662,8262,bf16,N,N,11662,3233,N,N,166,-606630010,606630000,8.43073,5.41465,1.5570
large-K,2594,3596,15191,bf16,N,T,3596,2594,T,N,57,-606623198,606623188,6.22235,4.00221,1.5547
large-K,4579,5040,9805,fp16,N,T,5040,4579,T,N,227,-606627754,606627744,6.38234,4.10688,1.5541
large-K,640,484,12527,bf16,T,T,484,640,T,T,39,-606619899,606619889,0.34486,0.22224,1.5517
large-K,4866,8479,10131,bf16,N,N,8479,4866,N,N,166,-606629966,606629956,11.08208,7.14755,1.5505
large-K,4602,1169,18087,fp16,N,T,1169,4602,T,N,62,-606604851,606604841,4.61648,2.98215,1.5480
large-K,6476,320,30601,fp32,N,N,320,6476,N,N,562,-606605148,606605138,5.54879,3.61290,1.5358
large-K,637,130,27875,fp16,N,T,130,637,T,N,70,-606604766,606604756,0.44793,0.29260,1.5308
large-K,2086,12755,13735,bf16,N,N,12755,2086,N,N,166,-606630014,606630004,10.17166,6.66750,1.5256
large-K,10850,4781,10930,bf16,T,N,4781,10850,N,T,231,-606605631,606605621,13.18646,8.65629,1.5233
large-K,1247,129,8974,bf16,T,T,129,1247,T,T,39,-606619899,606619889,0.24116,0.15846,1.5219
large-K,220,1798,16090,bf16,N,N,1798,220,N,N,176,-606605183,606605173,0.38180,0.25099,1.5212
large-K,614,1963,11799,bf16,N,N,1963,614,N,N,174,-606605259,606605249,0.70024,0.46033,1.5212
large-K,886,23502,16322,bf16,T,T,23502,886,T,T,39,-606619916,606619906,11.31884,7.44230,1.5209
large-K,2442,12139,15572,bf16,T,T,12139,2442,T,T,39,-606619916,606619906,13.93911,9.20144,1.5149
large-K,2324,11186,10668,fp16,N,N,11186,2324,N,N,98,-606624246,606624236,7.56484,4.99487,1.5145
large-K,353,227,17249,fp32,N,T,227,353,T,N,612,-606618432,606618422,0.27971,0.18482,1.5134
large-K,2755,5249,16877,fp16,N,T,5249,2755,T,N,62,-606627741,606627731,10.20568,6.74711,1.5126
large-K,4536,3858,25627,fp16,N,T,3858,4536,T,N,62,-606604809,606604799,21.11171,14.02492,1.5053
large-K,2600,1162,28469,fp32,T,T,1162,2600,T,T,82,-606620832,606620822,8.14877,5.46396,1.4914
large-K,488,9097,8428,fp32,N,N,9097,488,N,N,556,-606628040,606628030,3.28864,2.20954,1.4884
large-K,567,3627,27164,bf16,N,N,3627,567,N,N,174,-606629918,606629908,2.00889,1.35148,1.4864
large-K,1608,2056,28706,fp16,T,N,2056,1608,N,T,519,-606603029,606603019,2.58354,1.74028,1.4846
large-K,8541,187,17018,fp32,N,N,187,8541,N,N,556,-606628040,606628030,2.48004,1.67088,1.4843
large-K,5387,872,13418,fp16,T,N,872,5387,N,T,513,-606622952,606622942,1.63680,1.10716,1.4784
large-K,13309,1411,8499,bf16,T,N,1411,13309,N,T,231,-606630896,606630886,4.01300,2.72134,1.4746
large-K,593,612,10258,fp16,T,N,612,593,N,T,395,-606622762,606622752,0.23411,0.15890,1.4733
large-K,5449,2082,15345,bf16,T,T,2082,5449,T,T,39,-606619916,606619906,4.80410,3.26414,1.4718
large-K,6842,3663,21342,bf16,N,T,3663,6842,T,N,57,-606623140,606623130,25.68506,17.46065,1.4710
large-K,4210,3609,16813,fp16,N,T,3609,4210,T,N,62,-606604851,606604841,10.47487,7.13821,1.4674
large-K,804,21161,19972,fp16,N,N,21161,804,N,N,94,-606603354,606603344,9.28651,6.33145,1.4667
large-K,422,194,21875,bf16,T,T,194,422,T,T,39,-606619899,606619889,0.53518,0.36563,1.4637
large-K,2602,6150,21668,bf16,T,T,6150,2602,T,T,39,-606619916,606619906,10.75772,7.37233,1.4592
large-K,131,22639,20565,bf16,N,T,22639,131,T,N,57,-606623199,606623189,2.68429,1.84288,1.4566
large-K,5726,3992,8517,fp16,N,T,3992,5726,T,N,227,-606627758,606627748,5.11723,3.52162,1.4531
large-K,543,454,23778,fp32,N,T,454,543,T,N,612,-606602204,606602194,0.67100,0.46227,1.4515
large-K,1679,1305,21736,bf16,N,N,1305,1679,N,N,174,-606629908,606629898,1.61105,1.11364,1.4467
large-K,303,4299,8770,fp32,T,T,4299,303,T,T,82,-606620788,606620778,1.17834,0.81924,1.4383
large-K,1291,1934,16091,fp16,N,T,1934,1291,T,N,68,-606604870,606604860,1.64185,1.14467,1.4343
large-K,1278,15302,12269,bf16,T,T,15302,1278,T,T,39,-606619916,606619906,5.78489,4.03564,1.4335
large-K,4199,1330,18626,bf16,T,T,1330,4199,T,T,39,-606619916,606619906,2.95843,2.07078,1.4287
large-K,888,820,14015,fp32,N,T,820,888,T,N,616,-606618184,606618174,0.95361,0.67472,1.4133
large-K,5581,302,10442,fp32,T,T,302,5581,T,T,82,-606620815,606620805,1.75601,1.24628,1.4090
large-K,25350,1296,11954,bf16,T,T,1296,25350,T,T,39,-606619916,606619906,11.37581,8.14126,1.3973
large-K,6127,7559,23448,fp16,N,T,7559,6127,T,N,62,-606627741,606627731,49.80683,35.84194,1.3896
large-K,9324,2535,12462,bf16,T,T,2535,9324,T,T,39,-606619916,606619906,7.39240,5.33453,1.3858
large-K,707,12977,21732,fp16,T,N,12977,707,N,T,245,-606603120,606603110,4.54698,3.29337,1.3806
large-K,698,1307,26082,fp32,N,N,1307,698,N,N,556,-606628025,606628015,2.54783,1.85033,1.3770
large-K,1819,2639,8415,fp32,N,N,2639,1819,N,N,556,-606628025,606628015,3.20123,2.35269,1.3607
large-K,527,4979,28313,bf16,N,T,4979,527,T,N,62,-606603145,606603135,3.25070,2.38978,1.3603
large-K,344,1600,26541,fp16,N,N,1600,344,N,N,399,-606624209,606624199,0.43167,0.31739,1.3600
large-K,7388,5782,22317,fp16,N,T,5782,7388,T,N,62,-606604870,606604860,41.69392,30.69021,1.3585
large-K,397,23839,32182,bf16,T,N,23839,397,N,T,231,-606630873,606630863,8.51042,6.27791,1.3556
large-K,8102,285,10256,fp32,N,N,285,8102,N,N,556,-606604997,606604987,1.97534,1.45993,1.3530
large-K,5126,9241,28652,bf16,N,T,9241,5126,T,N,57,-606603181,606603171,61.78276,45.73309,1.3509
large-K,5927,1980,19963,bf16,N,N,1980,5927,N,N,273,-606605362,606605352,5.56348,4.11951,1.3505
large-K,3607,13292,26777,bf16,N,T,13292,3607,T,N,57,-606603181,606603171,56.25394,41.76150,1.3470
large-K,3065,3682,14639,bf16,T,T,3682,3065,T,T,39,-606619916,606619906,4.17655,3.10721,1.3441
large-K,654,1504,18443,fp32,N,T,1504,654,T,N,614,-606602207,606602197,1.69096,1.26191,1.3400
large-K,315,23713,9437,bf16,N,N,23713,315,N,N,166,-606605263,606605253,2.00260,1.49795,1.3369
large-K,2714,7395,8442,fp16,N,N,7395,2714,N,N,94,-606624158,606624148,4.47020,3.35685,1.3317
large-K,449,2664,14858,fp32,N,T,2664,449,T,N,614,-606618439,606618429,1.75017,1.31432,1.3316
large-K,234,1543,8800,fp32,N,N,1543,234,N,N,556,-606628008,606627998,0.28294,0.21249,1.3316
large-K,5044,398,12293,fp32,N,N,398,5044,N,N,556,-606605148,606605138,2.29843,1.72863,1.3296
large-K,4463,191,15981,bf16,T,T,191,4463,T,T,39,-606619903,606619893,0.64572,0.48581,1.3292
large-K,2714,8060,19865,bf16,N,N,8060,2714,N,N,273,-606605295,606605285,9.48682,7.14814,1.3272
large-K,796,1243,20651,fp32,N,N,1243,796,N,N,558,-606628025,606628015,1.93208,1.46325,1.3204
large-K,180,6461,8637,bf16,N,N,6461,180,N,N,176,-606605264,606605254,0.44932,0.34164,1.3152
large-K,3804,1555,20246,bf16,N,N,1555,3804,N,N,166,-606629908,606629898,3.25769,2.47925,1.3140
large-K,690,616,8465,fp32,T,N,616,690,N,T,525,-606604015,606604005,0.38385,0.29224,1.3135
large-K,329,1395,14079,fp32,T,N,1395,329,N,T,519,-606624920,606624910,0.63866,0.48668,1.3123
large-K,13530,358,11759,fp16,N,N,358,13530,N,N,98,-606603414,606603404,1.77945,1.35628,1.3120
large-K,2330,298,15861,fp16,T,N,298,2330,N,T,255,-606622764,606622754,0.47783,0.36429,1.3117
large-K,1082,1481,10246,fp16,T,N,1481,1082,N,T,250,-606622974,606622964,0.64656,0.49629,1.3028
large-K,2380,5112,11376,fp16,T,N,5112,2380,N,T,513,-606622812,606622802,2.83863,2.17957,1.3024
large-K,6662,3554,8367,bf16,T,T,3554,6662,T,T,39,-606619916,606619906,4.85914,3.73767,1.3000
large-K,1914,2057,25335,fp16,N,N,2057,1914,N,N,94,-606603414,606603404,2.73668,2.10523,1.2999
large-K,12945,1726,14232,bf16,T,T,1726,12945,T,T,39,-606619916,606619906,8.13244,6.30595,1.2896
large-K,4850,1432,22471,bf16,N,N,1432,4850,N,N,388,-606605295,606605285,3.43949,2.66797,1.2892
large-K,577,20546,10205,fp32,T,T,20546,577,T,T,82,-606620777,606620767,9.84367,7.65567,1.2858
large-K,3541,436,8848,fp16,T,N,436,3541,N,T,387,-606602934,606602924,0.46411,0.36111,1.2852
large-K,2624,1662,9148,bf16,T,N,1662,2624,N,T,231,-606630854,606630844,0.90179,0.70213,1.2844
large-K,21160,812,20860,bf16,T,N,812,21160,N,T,332,-606630910,606630900,7.84992,6.12686,1.2812
large-K,31693,848,14019,bf16,T,T,848,31693,T,T,39,-606619916,606619906,9.43600,7.37399,1.2796
large-K,1357,1067,12164,fp16,N,N,1067,1357,N,N,97,-606603424,606603414,0.61398,0.48388,1.2689
large-K,769,9850,25829,bf16,T,T,9850,769,T,T,39,-606619907,606619897,6.38451,5.03817,1.2672
large-K,617,9441,8668,fp16,N,N,9441,617,N,N,90,-606624185,606624175,1.29119,1.02085,1.2648
large-K,497,25877,13039,bf16,T,T,25877,497,T,T,39,-606619916,606619906,4.08624,3.25802,1.2542
large-K,2396,3428,8277,fp16,T,N,3428,2396,N,T,382,-606622954,606622944,1.58823,1.26649,1.2540
large-K,3836,930,16218,bf16,T,N,930,3836,N,T,231,-606630837,606630827,1.53612,1.22905,1.2498
large-K,10424,918,8242,fp32,N,T,918,10424,T,N,612,-606618436,606618426,6.23112,4.99364,1.2478
large-K,169,1592,10135,fp16,T,N,1592,169,N,T,589,-606603007,606602997,0.13952,0.11193,1.2465
large-K,611,1680,19229,fp16,N,T,1680,611,T,N,241,-606604852,606604842,0.65685,0.52723,1.2459
large-K,1550,743,8395,fp32,T,N,743,1550,N,T,519,-606624706,606624696,0.82383,0.66240,1.2437
large-K,1185,2477,30191,fp32,N,N,2477,1185,N,N,556,-606605116,606605106,6.79529,5.46695,1.2430
large-K,3352,3092,14107,fp16,N,N,3092,3352,N,N,223,-606624186,606624176,3.13315,2.52266,1.2420
large-K,2352,2836,16465,fp16,N,N,2836,2352,N,N,223,-606603351,606603341,2.60975,2.10320,1.2409
large-K,248,1476,26453,fp32,T,N,1476,248,N,T,539,-606603840,606603830,0.78855,0.63561,1.2406
large-K,174,4534,14313,bf16,T,T,4534,174,T,T,39,-606619903,606619893,0.54571,0.44109,1.2372
large-K,2617,2516,19631,fp16,T,N,2516,2617,N,T,382,-606622952,606622942,3.05373,2.47291,1.2349
large-K,1331,913,8689,fp32,N,T,913,1331,T,N,612,-606618439,606618429,0.96102,0.78209,1.2288
large-K,17938,1040,13943,bf16,N,N,1040,17938,N,N,388,-606605177,606605167,5.95117,4.84304,1.2288
large-K,2000,2476,9015,bf16,N,N,2476,2000,N,N,273,-606605361,606605351,1.10691,0.90151,1.2278
large-K,267,755,23565,fp32,N,N,755,267,N,N,556,-606605112,606605102,0.63707,0.52072,1.2234
large-K,1387,651,14013,fp32,N,N,651,1387,N,N,556,-606605132,606605122,1.20929,0.99173,1.2194
large-K,444,3720,23695,fp16,T,N,3720,444,N,T,555,-606622904,606622894,1.05126,0.86567,1.2144
large-K,30027,327,18900,bf16,N,N,327,30027,N,N,166,-606629916,606629906,5.06867,4.18004,1.2126
large-K,739,1382,10850,fp32,N,N,1382,739,N,N,556,-606628025,606628015,0.90261,0.74598,1.2100
large-K,28746,383,26228,bf16,T,N,383,28746,N,T,231,-606605592,606605582,5.59686,4.62787,1.2094
large-K,196,1075,15430,fp32,T,N,1075,196,N,T,519,-606624892,606624882,0.35317,0.29348,1.2034
large-K,2847,405,15802,fp32,N,N,405,2847,N,N,556,-606627870,606627860,1.72421,1.43570,1.2010
large-K,4908,3144,12932,fp16,N,T,3144,4908,T,N,227,-606627716,606627706,4.18259,3.49227,1.1977
large-K,621,776,19724,bf16,N,T,776,621,T,N,214,-606623176,606623166,0.40288,0.33672,1.1965
large-K,3854,1152,17418,fp32,N,N,1152,3854,N,N,556,-606605112,606605102,5.84565,4.88977,1.1955
large-K,333,2353,29716,bf16,T,N,2353,333,N,T,244,-606605583,606605573,0.75123,0.62842,1.1954
large-K,13633,1900,13128,fp16,N,N,1900,13633,N,N,217,-606624226,606624216,8.22402,6.88296,1.1948
large-K,1882,128,12066,fp32,T,N,128,1882,N,T,525,-606603986,606603976,0.27530,0.23087,1.1924
large-K,11574,200,17559,fp32,N,T,200,11574,T,N,614,-606618402,606618392,3.57552,2.99853,1.1924
large-K,7063,3309,10421,bf16,T,T,3309,7063,T,T,39,-606619916,606619906,5.59611,4.69759,1.1913
large-K,790,2006,16882,fp32,N,T,2006,790,T,N,612,-606602201,606602191,1.95657,1.64363,1.1904
large-K,1338,7060,9828,bf16,T,T,7060,1338,T,T,39,-606619915,606619905,2.06102,1.73254,1.1896
large-K,4073,1103,8437,bf16,N,N,1103,4073,N,N,166,-606629917,606629907,0.98664,0.83059,1.1879
large-K,1280,2768,15628,bf16,N,N,2768,1280,N,N,398,-606605300,606605290,1.05821,0.89347,1.1844
large-K,4662,7903,28859,fp16,N,N,7903,4662,N,N,94,-606603432,606603422,20.50146,17.34990,1.1816
large-K,4840,1161,10909,bf16,N,N,1161,4840,N,N,166,-606629966,606629956,1.30918,1.11294,1.1763
large-K,6483,1176,8292,fp16,T,N,1176,6483,N,T,513,-606602943,606602933,1.30760,1.11392,1.1739
large-K,4483,916,12551,fp16,N,N,916,4483,N,N,217,-606603427,606603417,1.30729,1.11456,1.1729
large-K,344,2139,20412,fp16,N,T,2139,344,T,N,68,-606604809,606604799,0.53431,0.46141,1.1580
large-K,512,2286,25219,fp32,N,T,2286,512,T,N,612,-606602017,606602007,2.12210,1.83378,1.1572
large-K,1367,409,25805,bf16,T,T,409,1367,T,T,39,-606619899,606619889,0.77176,0.66770,1.1558
large-K,8381,6725,11137,fp16,N,N,6725,8381,N,N,90,-606624263,606624253,12.01605,10.40623,1.1547
large-K,6752,1467,27820,fp16,N,N,1467,6752,N,N,94,-606603431,606603421,6.42845,5.57553,1.1530
large-K,6118,2159,12633,fp16,T,N,2159,6118,N,T,245,-606603110,606603100,3.49773,3.03827,1.1512
large-K,136,722,17283,fp32,T,N,722,136,N,T,519,-606624915,606624905,0.32200,0.27993,1.1503
large-K,5158,12067,9594,fp16,T,T,12067,5158,T,T,53,-606629620,606629610,21.03456,18.32479,1.1479
large-K,738,656,30672,bf16,T,T,656,738,T,T,39,-606619899,606619889,0.84924,0.74266,1.1435
large-K,16920,802,8859,bf16,N,T,802,16920,T,N,57,-606603218,606603208,3.39697,2.97758,1.1408
large-K,8007,4053,14359,fp16,N,N,4053,8007,N,N,90,-606624263,606624253,8.41235,7.40349,1.1363
large-K,7469,7096,13033,fp16,T,T,7096,7469,T,T,53,-606629620,606629610,23.28198,20.49782,1.1358
large-K,5812,9185,10539,fp16,T,T,9185,5812,T,T,53,-606629618,606629608,18.62029,16.47412,1.1303
large-K,7636,687,19918,bf16,N,N,687,7636,N,N,166,-606605355,606605345,2.21900,1.96329,1.1302
large-K,12219,4267,25685,fp16,N,N,4267,12219,N,N,90,-606624263,606624253,24.91314,22.05611,1.1295
large-K,735,2182,15132,fp16,N,N,2182,735,N,N,99,-606603393,606603383,0.71339,0.63190,1.1290
large-K,9131,4607,9495,bf16,N,N,4607,9131,N,N,166,-606605364,606605354,7.59615,6.73279,1.1282
large-K,10459,5138,12405,fp16,T,T,5138,10459,T,T,53,-606629615,606629605,23.02040,20.44764,1.1258
large-K,20237,3995,13768,bf16,N,N,3995,20237,N,N,166,-606605354,606605344,19.80403,17.59303,1.1257
large-K,7975,23689,8735,fp16,T,T,23689,7975,T,T,53,-606629618,606629608,60.03396,53.34953,1.1253
large-K,4320,264,10998,bf16,N,T,264,4320,T,N,212,-606623137,606623127,0.32666,0.29144,1.1209
large-K,4624,8043,17176,bf16,N,N,8043,4624,N,N,166,-606605354,606605344,12.49830,11.16571,1.1193
large-K,2603,4273,10922,fp16,N,N,4273,2603,N,N,90,-606624263,606624253,2.49799,2.23987,1.1152
large-K,4406,1748,11716,bf16,N,N,1748,4406,N,N,273,-606629916,606629906,1.92429,1.72569,1.1151
large-K,13249,15611,9761,fp16,T,T,15611,13249,T,T,53,-606629620,606629610,71.41447,64.06046,1.1148
large-K,305,25443,22671,bf16,T,N,25443,305,N,T,231,-606630848,606630838,3.98179,3.57994,1.1122
large-K,202,5535,11871,bf16,N,N,5535,202,N,N,176,-606629917,606629907,0.58665,0.52795,1.1112
large-K,3104,738,8948,fp32,N,N,738,3104,N,N,556,-606628023,606628013,1.38548,1.24846,1.1098
large-K,9156,1432,13333,bf16,T,T,1432,9156,T,T,39,-606619911,606619901,4.70040,4.23767,1.1092
large-K,12123,2949,13604,bf16,N,N,2949,12123,N,N,166,-606630014,606630004,8.90687,8.03048,1.1091
large-K,2975,19393,27643,fp16,N,N,19393,2975,N,N,90,-606603433,606603423,29.01264,26.20340,1.1072
large-K,13120,3401,21017,fp16,N,N,3401,13120,N,N,94,-606603430,606603420,17.66173,15.98777,1.1047
large-K,1653,9399,8400,bf16,T,T,9399,1653,T,T,39,-606619915,606619905,2.89293,2.62278,1.1030
large-K,7483,4853,24963,fp16,N,N,4853,7483,N,N,90,-606624263,606624253,16.51772,14.97747,1.1028
large-K,703,11324,23611,fp16,T,N,11324,703,N,T,382,-606603135,606603125,3.95737,3.59078,1.1021
large-K,5152,5535,19328,bf16,N,N,5535,5152,N,N,166,-606630018,606630008,10.23071,9.29769,1.1003
large-K,2273,2488,13432,fp16,N,T,2488,2273,T,N,227,-606604798,606604788,1.65851,1.50925,1.0989
large-K,4956,5877,13941,bf16,N,N,5877,4956,N,N,166,-606605311,606605301,7.58387,6.90423,1.0984
large-K,3013,807,20172,bf16,T,N,807,3013,N,T,238,-606630840,606630830,1.11267,1.01660,1.0945
large-K,11161,6753,13620,fp16,T,T,6753,11161,T,T,53,-606629608,606629598,34.04223,31.27954,1.0883
large-K,15817,7593,13900,fp16,N,N,7593,15817,N,N,90,-606603433,606603423,30.10760,27.69439,1.0871
large-K,1380,1380,28388,bf16,T,N,1380,1380,N,T,339,-606630815,606630805,1.28560,1.18417,1.0856
large-K,313,3887,9441,fp16,N,T,3887,313,T,N,68,-606604809,606604799,0.42960,0.39594,1.0850
large-K,5598,4073,13160,fp32,T,T,4073,5598,T,T,82,-606620770,606620760,18.67267,17.21618,1.0846
large-K,8511,161,24314,fp16,N,N,161,8511,N,N,97,-606624242,606624232,1.25815,1.16038,1.0843
large-K,972,29831,30612,bf16,N,N,29831,972,N,N,166,-606630010,606630000,16.17949,14.92558,1.0840
large-K,11516,9340,8889,bf16,N,T,9340,11516,T,N,57,-606623161,606623151,26.99363,24.92224,1.0831
large-K,713,157,29813,bf16,N,T,157,713,T,N,64,-606603150,606603140,0.45882,0.42425,1.0815
large-K,6303,8281,13485,fp32,T,T,8281,6303,T,T,82,-606620831,606620821,43.28408,40.02761,1.0814
large-K,1918,10813,10652,fp16,T,N,10813,1918,N,T,245,-606623002,606622992,4.04360,3.74059,1.0810
large-K,271,14527,9906,bf16,T,N,14527,271,N,T,231,-606630822,606630812,1.07634,0.99582,1.0809
large-K,5092,8746,21418,bf16,N,N,8746,5092,N,N,166,-606630009,606629999,16.26986,15.06650,1.0799
large-K,10481,8797,14020,bf16,N,T,8797,10481,T,N,57,-606623161,606623151,43.93591,40.70722,1.0793
large-K,244,18626,30457,bf16,N,N,18626,244,N,N,166,-606605356,606605346,3.14387,2.91452,1.0787
large-K,1749,4000,11757,fp32,N,T,4000,1749,T,N,614,-606601877,606601867,5.47698,5.08232,1.0777
large-K,9389,10773,11872,bf16,N,N,10773,9389,N,N,166,-606630010,606630000,20.96456,19.46220,1.0772
large-K,2994,202,15817,fp16,N,T,202,2994,T,N,68,-606627741,606627731,0.41250,0.38315,1.0766
large-K,9124,1027,16135,fp16,N,N,1027,9124,N,N,94,-606624263,606624253,3.46519,3.21951,1.0763
large-K,1769,19104,19793,fp16,N,N,19104,1769,N,N,352,-606624162,606624152,11.90287,11.06169,1.0760
large-K,20283,7094,8845,fp16,N,N,7094,20283,N,N,92,-606624264,606624254,21.93333,20.38380,1.0760
large-K,5165,29565,12462,fp16,T,T,29565,5165,T,T,53,-606629611,606629601,68.72694,63.89562,1.0756
large-K,17196,10418,10936,fp16,N,N,10418,17196,N,N,98,-606624261,606624251,33.75787,31.39755,1.0752
large-K,5975,9444,13084,fp32,T,T,9444,5975,T,T,82,-606620767,606620757,45.87865,42.68319,1.0749
large-K,478,19798,13323,fp32,T,T,19798,478,T,T,82,-606620772,606620762,9.25067,8.61061,1.0743
large-K,6300,21618,10163,bf16,N,T,21618,6300,T,N,57,-606623161,606623151,41.44136,38.62464,1.0729
large-K,2627,28242,16661,fp16,N,N,28242,2627,N,N,92,-606624261,606624251,21.94716,20.46537,1.0724
large-K,2979,3249,8401,bf16,T,N,3249,2979,N,T,231,-606630910,606630900,1.50789,1.40633,1.0722
large-K,1569,1483,13875,fp32,T,N,1483,1569,N,T,519,-606603957,606603947,2.14713,2.00345,1.0717
large-K,6354,5304,18892,fp32,T,T,5304,6354,T,T,82,-606620831,606620821,39.60289,36.97242,1.0711
large-K,1496,398,31866,fp32,N,T,398,1496,T,N,612,-606618178,606618168,1.59549,1.49277,1.0688
large-K,1516,9656,31304,bf16,T,N,9656,1516,N,T,441,-606605608,606605598,8.26913,7.74379,1.0678
large-K,6550,301,19686,bf16,T,T,301,6550,T,T,39,-606619909,606619899,1.10456,1.03552,1.0667
large-K,12273,3329,13145,fp32,T,T,3329,12273,T,T,82,-606620810,606620800,33.40248,31.33001,1.0661
large-K,11202,11417,13477,fp16,N,N,11417,11202,N,N,94,-606603433,606603423,30.77472,28.92912,1.0638
large-K,1650,5474,10509,bf16,T,T,5474,1650,T,T,39,-606619915,606619905,2.13785,2.01068,1.0632
large-K,6565,31977,10068,fp16,N,N,31977,6565,N,N,90,-606624262,606624252,36.91398,34.74612,1.0624
large-K,8845,2464,14922,fp16,N,T,2464,8845,T,N,227,-606627693,606627683,5.91460,5.57834,1.0603
large-K,25162,347,21092,bf16,T,T,347,25162,T,T,39,-606619903,606619893,4.23789,3.99878,1.0598
large-K,4198,3175,20191,bf16,N,N,3175,4198,N,N,166,-606605263,606605253,5.78816,5.47129,1.0579
large-K,8255,259,13243,bf16,T,T,259,8255,T,T,39,-606619925,606619915,0.77740,0.73561,1.0568
large-K,846,9831,9412,fp32,T,N,9831,846,N,T,519,-606604015,606604005,5.29370,5.01809,1.0549
large-K,9256,18847,11699,bf16,N,T,18847,9256,T,N,57,-606623161,606623151,65.05193,61.67522,1.0547
large-K,4088,10898,15228,fp16,T,N,10898,4088,N,T,245,-606622958,606622948,11.34147,10.75830,1.0542
large-K,760,28963,26612,bf16,T,N,28963,760,N,T,231,-606630837,606630827,10.75331,10.20016,1.0542
large-K,7568,5173,19569,fp32,T,T,5173,7568,T,T,82,-606620831,606620821,46.12390,43.82003,1.0526
large-K,17133,820,11084,bf16,T,N,820,17133,N,T,332,-606605599,606605589,3.13559,2.97984,1.0523
large-K,23092,9193,11602,fp16,N,N,9193,23092,N,N,94,-606603430,606603420,42.23132,40.16241,1.0515
large-K,846,2344,8860,bf16,N,N,2344,846,N,N,411,-606629842,606629832,0.43674,0.41631,1.0491
large-K,207,18040,9071,fp32,T,N,18040,207,N,T,525,-606624801,606624791,2.45363,2.33974,1.0487
large-K,6431,9410,12698,fp32,T,T,9410,6431,T,T,82,-606620808,606620798,50.57522,48.23017,1.0486
large-K,2888,10491,9476,fp32,T,T,10491,2888,T,T,82,-606620794,606620784,17.21465,16.42320,1.0482
large-K,10552,226,18561,bf16,T,T,226,10552,T,T,39,-606619906,606619896,1.06877,1.01961,1.0482
large-K,4946,2274,10730,fp32,T,N,2274,4946,N,T,519,-606624701,606624691,7.11606,6.79349,1.0475
large-K,3155,15065,11514,fp16,N,T,15065,3155,T,N,62,-606627760,606627750,16.98556,16.21706,1.0474
large-K,229,7268,10942,fp16,N,N,7268,229,N,N,224,-606624147,606624137,0.52025,0.49707,1.0466
large-K,25550,2471,8626,bf16,N,T,2471,25550,T,N,57,-606603145,606603135,16.78098,16.03704,1.0464
large-K,9090,16654,12037,fp16,N,N,16654,9090,N,N,98,-606603432,606603422,32.06039,30.66765,1.0454
large-K,8137,734,9130,fp16,N,T,734,8137,T,N,62,-606604870,606604860,1.22874,1.17588,1.0450
large-K,14835,14979,9581,bf16,N,T,14979,14835,T,N,57,-606603181,606603171,66.12584,63.32255,1.0443
large-K,6397,11581,16564,bf16,N,T,11581,6397,T,N,57,-606603181,606603171,41.26142,39.55218,1.0432
large-K,3098,16038,16675,bf16,T,N,16038,3098,N,T,231,-606605611,606605601,13.92726,13.36269,1.0422
large-K,6425,5582,10222,bf16,N,T,5582,6425,T,N,57,-606603218,606603208,10.25568,9.84363,1.0419
large-K,3264,23895,9825,bf16,T,N,23895,3264,N,T,231,-606605637,606605627,12.90361,12.38495,1.0419
large-K,6789,3752,10521,fp32,T,T,3752,6789,T,T,82,-606620831,606620821,16.39499,15.74443,1.0413
large-K,2919,742,14799,fp16,N,N,742,2919,N,N,99,-606603416,606603406,0.74696,0.71734,1.0413
large-K,14106,4423,8278,fp16,N,T,4423,14106,T,N,62,-606604822,606604812,15.04034,14.45772,1.0403
large-K,1485,13293,9235,fp32,T,T,13293,1485,T,T,82,-606620772,606620762,10.87880,10.45952,1.0401
large-K,10459,11483,13033,bf16,N,T,11483,10459,T,N,57,-606603181,606603171,50.09840,48.22445,1.0389
large-K,7452,4116,9606,bf16,T,N,4116,7452,N,T,332,-606630824,606630814,4.83885,4.66096,1.0382
large-K,20461,10938,9352,fp16,N,N,10938,20461,N,N,92,-606603429,606603419,39.22840,37.78988,1.0381
large-K,743,2209,28749,fp32,T,T,2209,743,T,T,82,-606620797,606620787,3.51591,3.38864,1.0376
large-K,5151,2133,12738,fp32,T,T,2133,5151,T,T,82,-606620811,606620801,9.38679,9.06051,1.0360
large-K,19247,351,9257,fp32,T,N,351,19247,N,T,519,-606603959,606603949,4.01182,3.87499,1.0353
large-K,1070,3483,11962,fp32,N,T,3483,1070,T,N,612,-606601879,606601869,2.87258,2.77939,1.0335
large-K,444,14076,11266,bf16,T,N,14076,444,N,T,332,-606630852,606630842,1.44302,1.39644,1.0334
large-K,4581,10597,12182,fp16,N,T,10597,4581,T,N,62,-606604870,606604860,18.27230,17.68428,1.0333
large-K,2508,1360,32332,bf16,T,T,1360,2508,T,T,39,-606619901,606619891,2.83425,2.74411,1.0328
large-K,9694,4213,9403,fp32,T,T,4213,9694,T,T,82,-606620831,606620821,22.54480,21.83870,1.0323
large-K,243,26415,15439,fp32,T,T,26415,243,T,T,82,-606620767,606620757,6.03949,5.86106,1.0304
large-K,5771,18267,11045,fp16,N,T,18267,5771,T,N,62,-606627760,606627750,35.60615,34.57399,1.0299
large-K,13986,1499,8926,fp16,N,N,1499,13986,N,N,94,-606624264,606624254,4.01435,3.90033,1.0292
large-K,1970,1228,20932,fp16,T,N,1228,1970,N,T,386,-606602947,606602937,1.03102,1.00204,1.0289
large-K,14898,12766,10476,fp16,N,N,12766,14898,N,N,98,-606624263,606624253,34.11442,33.15477,1.0289
large-K,22177,4798,22328,fp16,N,N,4798,22177,N,N,92,-606624264,606624254,40.94531,39.80061,1.0288
large-K,18376,3791,19127,fp16,N,T,3791,18376,T,N,62,-606604822,606604812,46.05158,44.76728,1.0287
large-K,16269,2298,10581,fp16,N,N,2298,16269,N,N,92,-606603432,606603422,7.95300,7.73894,1.0277
large-K,4676,3779,25973,fp16,T,N,3779,4676,N,T,245,-606603092,606603082,8.33936,8.12326,1.0266
large-K,15036,448,17375,fp32,T,N,448,15036,N,T,539,-606604049,606604039,6.71387,6.54718,1.0255
large-K,5642,7389,12463,fp16,N,T,7389,5642,T,N,62,-606604870,606604860,15.60669,15.22506,1.0251
large-K,563,1640,30187,fp32,T,T,1640,563,T,T,82,-606620831,606620821,2.23087,2.17644,1.0250
large-K,913,1073,15997,fp32,T,N,1073,913,N,T,519,-606624942,606624932,1.16704,1.13904,1.0246
large-K,825,5469,8382,fp32,T,N,5469,825,N,T,519,-606604047,606604037,2.56360,2.50418,1.0237
large-K,29767,5575,10349,bf16,N,T,5575,29767,T,N,57,-606623198,606623188,53.14637,51.95723,1.0229
large-K,830,2568,12420,fp32,T,N,2568,830,N,T,525,-606624844,606624834,1.83338,1.79303,1.0225
large-K,1998,17689,11502,fp16,N,T,17689,1998,T,N,62,-606604870,606604860,11.86849,11.61228,1.0221
large-K,1104,9205,10179,fp32,T,N,9205,1104,N,T,519,-606604020,606604010,6.15889,6.02890,1.0216
large-K,2648,1487,27454,bf16,T,T,1487,2648,T,T,39,-606619902,606619892,2.51686,2.46393,1.0215
large-K,273,771,9019,bf16,N,T,771,273,T,N,64,-606603225,606603215,0.14661,0.14360,1.0210
large-K,3063,2159,14038,fp32,T,N,2159,3063,N,T,519,-606634108,606634098,5.34592,5.23811,1.0206
large-K,3121,131,8770,fp32,T,T,131,3121,T,T,82,-606620762,606620752,0.40530,0.39720,1.0204
large-K,1498,183,23114,fp16,N,N,183,1498,N,N,103,-606624108,606624098,0.35670,0.34984,1.0196
large-K,22734,643,9504,fp16,N,N,643,22734,N,N,94,-606624159,606624149,3.12054,3.06108,1.0194
large-K,12054,207,11944,bf16,T,T,207,12054,T,T,39,-606619900,606619890,0.76139,0.74700,1.0193
large-K,16894,983,8690,bf16,T,N,983,16894,N,T,231,-606605601,606605591,2.46506,2.41949,1.0188
large-K,19208,8935,13812,fp16,T,T,8935,19208,T,T,53,-606629618,606629608,73.44154,72.08519,1.0188
large-K,20419,2238,25718,bf16,N,T,2238,20419,T,N,57,-606603161,606603151,41.50986,40.77556,1.0180
large-K,6013,554,27686,bf16,T,T,554,6013,T,T,39,-606619903,606619893,3.00373,2.95054,1.0180
large-K,9084,7706,15926,fp16,N,T,7706,9084,T,N,62,-606604870,606604860,36.25991,35.63422,1.0176
large-K,5751,15944,11356,fp16,T,T,15944,5751,T,T,88,-606629620,606629610,32.02037,31.47189,1.0174
large-K,11542,10953,8575,fp16,T,T,10953,11542,T,T,53,-606629620,606629610,34.37865,33.80301,1.0170
large-K,22351,3503,16684,fp16,T,T,3503,22351,T,T,53,-606629611,606629601,40.20206,39.55289,1.0164
large-K,3585,350,10362,fp32,T,N,350,3585,N,T,519,-606608180,606608170,0.96625,0.95083,1.0162
large-K,1082,10237,16402,fp16,N,N,10237,1082,N,N,94,-606603432,606603422,3.71350,3.65868,1.0150
large-K,995,22025,8902,fp16,N,N,22025,995,N,N,90,-606624264,606624254,3.73078,3.67916,1.0140
large-K,3704,17666,22714,fp16,N,N,17666,3704,N,N,98,-606624185,606624175,26.22410,25.86373,1.0139
large-K,22029,4324,8690,bf16,N,T,4324,22029,T,N,57,-606623198,606623188,23.79572,23.47072,1.0138
large-K,7206,7399,11832,bf16,N,T,7399,7206,T,N,57,-606623124,606623114,18.44207,18.19995,1.0133
large-K,1700,1620,12470,fp32,T,N,1620,1700,N,T,539,-606624693,606624683,2.12012,2.09235,1.0133
large-K,15568,262,12285,fp32,T,T,262,15568,T,T,82,-606620815,606620805,3.97371,3.92165,1.0133
large-K,19995,2456,15456,fp32,T,T,2456,19995,T,T,82,-606620802,606620792,46.52168,45.91768,1.0132
large-K,812,30398,9507,bf16,N,T,30398,812,T,N,57,-606603181,606603171,6.66515,6.58617,1.0120
large-K,446,1683,9523,fp32,T,T,1683,446,T,T,82,-606620821,606620811,0.47255,0.46732,1.0112
large-K,6197,3461,29060,fp16,T,N,3461,6197,N,T,245,-606622978,606622968,11.08672,10.96809,1.0108
large-K,5986,1927,11255,fp32,T,T,1927,5986,T,T,82,-606620831,606620821,8.79304,8.70148,1.0105
large-K,1695,10202,10579,fp16,N,T,10202,1695,T,N,62,-606627760,606627750,5.07058,5.01829,1.0104
large-K,1653,26870,30683,fp16,N,T,26870,1653,T,N,62,-606604870,606604860,49.55419,49.07603,1.0097
large-K,6297,2274,12051,fp16,N,N,2274,6297,N,N,92,-606624185,606624175,3.30012,3.27001,1.0092
large-K,448,1511,19420,fp32,N,T,1511,448,T,N,612,-606602178,606602168,0.92506,0.91671,1.0091
large-K,30432,339,8646,fp32,T,T,339,30432,T,T,82,-606620821,606620811,5.67337,5.62358,1.0089
large-K,24514,2301,9949,fp32,T,T,2301,24514,T,T,82,-606620767,606620757,34.45426,34.16404,1.0085
large-K,1237,457,30198,fp16,N,T,457,1237,T,N,68,-606604779,606604769,0.65059,0.64519,1.0084
large-K,3396,11149,14167,fp16,N,T,11149,3396,T,N,62,-606604822,606604812,17.21756,17.07708,1.0082
large-K,245,24838,10039,fp16,N,T,24838,245,T,N,62,-606604809,606604799,1.63382,1.62164,1.0075
large-K,23146,254,13513,fp16,N,T,254,23146,T,N,62,-606627760,606627750,1.91480,1.90066,1.0074
large-K,2312,12287,9778,bf16,N,T,12287,2312,T,N,57,-606623198,606623188,7.45631,7.40206,1.0073
large-K,12944,708,24023,fp16,N,N,708,12944,N,N,223,-606603333,606603323,3.86198,3.83590,1.0068
large-K,24670,697,14129,fp16,T,T,697,24670,T,T,53,-606629616,606629606,7.72467,7.67369,1.0066
large-K,1556,467,26356,fp32,N,T,467,1556,T,N,612,-606618178,606618168,1.27722,1.26916,1.0064
large-K,5246,19635,20974,fp16,T,T,19635,5246,T,T,53,-606629611,606629601,75.71902,75.23730,1.0064
large-K,2691,17551,11106,bf16,N,T,17551,2691,T,N,57,-606603181,606603171,15.21391,15.12197,1.0061
large-K,21300,155,12222,fp16,N,T,155,21300,T,N,62,-606627741,606627731,1.39452,1.38616,1.0060
large-K,2437,1741,14046,fp32,T,T,1741,2437,T,T,82,-606620804,606620794,4.13566,4.11083,1.0060
large-K,3776,28835,16841,bf16,N,T,28835,3776,T,N,57,-606603181,606603171,59.67167,59.32227,1.0059
large-K,1333,19469,10491,fp16,N,T,19469,1333,T,N,62,-606604870,606604860,8.01501,7.97312,1.0053
large-K,5078,6897,14871,fp16,T,N,6897,5078,N,T,245,-606603120,606603110,8.94577,8.90807,1.0042
large-K,2721,5270,9391,fp32,T,T,5270,2721,T,T,82,-606620807,606620797,8.00599,7.97325,1.0041
large-K,23424,1295,9550,fp16,T,T,1295,23424,T,T,53,-606629607,606629597,5.40158,5.38465,1.0031
large-K,236,22709,9873,bf16,N,T,22709,236,T,N,57,-606603145,606603135,1.46728,1.46310,1.0029
large-K,966,508,13889,fp16,N,T,508,966,T,N,70,-606627668,606627658,0.30740,0.30684,1.0019
large-K,3260,2503,22705,bf16,N,N,2503,3260,N,N,166,-606629895,606629885,3.74975,3.74437,1.0014
large-K,1333,246,21447,bf16,T,N,246,1333,N,T,247,-606630700,606630690,0.20235,0.20207,1.0014
large-K,2506,2654,21291,bf16,N,N,2654,2506,N,N,166,-606629916,606629906,3.17803,3.17399,1.0013
large-K,1941,1008,11164,bf16,T,N,1008,1941,N,T,464,-606630708,606630698,0.42353,0.42305,1.0011
large-K,25945,3825,12942,bf16,N,T,3825,25945,T,N,57,-606623124,606623114,42.80801,42.77831,1.0007
large-K,2336,1721,22452,fp32,T,T,1721,2336,T,T,82,-606620799,606620789,5.42776,5.42585,1.0004
large-K,912,26439,13202,fp16,T,N,26439,912,N,T,245,-606622993,606622983,5.94690,5.94562,1.0002
large-K,7225,788,9035,fp32,T,T,788,7225,T,T,82,-606620781,606620771,3.65484,3.65557,0.9998
large-K,1927,1407,11446,fp32,T,T,1407,1927,T,T,82,-606620814,606620804,1.94221,1.94275,0.9997
large-K,225,494,14308,fp32,T,T,494,225,T,T,82,-606620796,606620786,0.31785,0.31798,0.9996
large-K,414,345,23858,fp32,T,N,345,414,N,T,519,-606603866,606603856,0.40223,0.40243,0.9995
large-K,2313,281,27594,fp16,T,N,281,2313,N,T,255,-606622884,606622874,0.69659,0.69703,0.9994
large-K,144,1199,15032,fp32,T,T,1199,144,T,T,82,-606620814,606620804,0.35245,0.35269,0.9993
large-K,8886,211,8690,bf16,N,T,211,8886,T,N,62,-606603181,606603171,0.37046,0.37080,0.9991
large-K,627,7483,10697,bf16,T,T,7483,627,T,T,39,-606619921,606619911,1.10573,1.10676,0.9991
large-K,736,135,13499,bf16,N,N,135,736,N,N,176,-606605266,606605256,0.11386,0.11397,0.9990
large-K,421,520,29291,bf16,T,N,520,421,N,T,502,-606605481,606605471,0.18829,0.18850,0.9989
large-K,20655,5147,9019,fp16,N,T,5147,20655,T,N,62,-606627760,606627750,28.10311,28.13662,0.9988
large-K,2297,447,26673,fp32,T,T,447,2297,T,T,82,-606620831,606620821,1.89830,1.90070,0.9987
large-K,535,281,30218,bf16,N,N,281,535,N,N,176,-606629833,606629823,0.22497,0.22528,0.9986
large-K,10336,828,14664,bf16,T,T,828,10336,T,T,39,-606619920,606619910,2.33030,2.33398,0.9984
large-K,25816,1704,9768,fp16,T,N,1704,25816,N,T,513,-606603030,606603020,7.12438,7.13558,0.9984
large-K,2464,454,12487,fp32,T,T,454,2464,T,T,82,-606620799,606620789,0.96160,0.96343,0.9981
large-K,635,596,25198,bf16,N,T,596,635,T,N,64,-606623132,606623122,0.40963,0.41050,0.9979
large-K,901,155,18358,bf16,N,N,155,901,N,N,176,-606605183,606605173,0.15647,0.15682,0.9978
large-K,3394,22868,13245,bf16,N,T,22868,3394,T,N,57,-606603181,606603171,32.32871,32.39838,0.9978
large-K,169,12142,16836,fp16,N,T,12142,169,T,N,68,-606604851,606604841,0.82491,0.82686,0.9976
large-K,409,903,30739,bf16,T,N,903,409,N,T,247,-606605453,606605443,0.50004,0.50148,0.9971
large-K,7920,5570,15480,fp16,N,T,5570,7920,T,N,62,-606604809,606604799,21.39787,21.46274,0.9970
large-K,501,215,16112,bf16,N,N,215,501,N,N,176,-606629919,606629909,0.09619,0.09650,0.9968
large-K,9047,2802,8950,fp32,T,T,2802,9047,T,T,82,-606620778,606620768,13.28115,13.32470,0.9967
large-K,18049,204,18354,bf16,T,T,204,18049,T,T,39,-606619927,606619917,1.65840,1.66400,0.9966
large-K,298,8343,14135,fp32,T,T,8343,298,T,T,82,-606620797,606620787,2.57023,2.58104,0.9958
large-K,15062,1411,12962,fp16,N,T,1411,15062,T,N,62,-606627741,606627731,8.46748,8.50984,0.9950
large-K,6555,12903,20610,bf16,N,T,12903,6555,T,N,57,-606623161,606623151,62.05016,62.42037,0.9941
large-K,2229,4772,13604,fp32,T,T,4772,2229,T,T,82,-606620796,606620786,8.52484,8.58187,0.9934
large-K,2903,646,13138,fp16,N,N,646,2903,N,N,99,-606603416,606603406,0.65385,0.65832,0.9932
large-K,31750,1463,19204,fp16,N,T,1463,31750,T,N,62,-606627698,606627688,30.41162,30.63454,0.9927
large-K,6343,8007,11902,bf16,N,T,8007,6343,T,N,57,-606603181,606603171,18.57004,18.72486,0.9917
large-K,2200,5896,22483,fp32,T,T,5896,2200,T,T,82,-606620797,606620787,18.07141,18.22635,0.9915
large-K,2627,374,26299,fp16,T,N,374,2627,N,T,255,-606603068,606603058,0.69176,0.69864,0.9902
large-K,677,411,8594,fp16,N,N,411,677,N,N,99,-606603392,606603382,0.16143,0.16304,0.9902
large-K,7775,8130,12082,fp16,N,N,8130,7775,N,N,92,-606624261,606624251,12.58932,12.71440,0.9902
large-K,12950,351,15551,bf16,N,T,351,12950,T,N,57,-606623124,606623114,1.73999,1.75986,0.9887
large-K,2082,30094,32505,fp16,N,N,30094,2082,N,N,98,-606603354,606603344,36.44313,36.86822,0.9885
large-K,4476,6253,24070,fp16,N,N,6253,4476,N,N,94,-606603420,606603410,12.53730,12.68349,0.9885
large-K,130,1525,23178,bf16,N,N,1525,130,N,N,176,-606605183,606605173,0.32451,0.32828,0.9885
large-K,8614,18652,11024,fp16,N,T,18652,8614,T,N,62,-606604851,606604841,45.78320,46.32100,0.9884
large-K,22628,1475,15337,bf16,T,N,1475,22628,N,T,231,-606630860,606630850,8.22615,8.32369,0.9883
large-K,10571,7250,20917,bf16,N,T,7250,10571,T,N,57,-606603181,606603171,53.28117,53.98320,0.9870
large-K,5059,3468,8300,bf16,N,T,3468,5059,T,N,57,-606603161,606603151,3.19011,3.23382,0.9865
large-K,167,2366,28241,bf16,N,T,2366,167,T,N,64,-606603153,606603143,0.49600,0.50290,0.9863
large-K,19497,3250,14863,fp16,T,T,3250,19497,T,T,53,-606629611,606629601,29.99424,30.43373,0.9856
large-K,714,6771,13265,fp32,T,T,6771,714,T,T,82,-606620792,606620782,4.31727,4.38377,0.9848
large-K,233,3964,15620,bf16,N,N,3964,233,N,N,283,-606629853,606629843,0.37342,0.37939,0.9843
large-K,18850,7945,12158,fp16,T,T,7945,18850,T,T,53,-606629618,606629608,58.00638,58.93767,0.9842
large-K,30291,810,11458,fp32,T,T,810,30291,T,T,82,-606620798,606620788,17.25750,17.56643,0.9824
large-K,3469,8420,10917,bf16,N,N,8420,3469,N,N,273,-606605295,606605285,5.45699,5.55540,0.9823
large-K,181,28202,10212,bf16,N,T,28202,181,T,N,57,-606603181,606603171,1.23797,1.26129,0.9815
large-K,1373,21754,9829,bf16,T,N,21754,1373,N,T,231,-606605573,606605563,4.58067,4.67104,0.9807
large-K,184,17372,16976,bf16,T,T,17372,184,T,T,39,-606619908,606619898,1.49124,1.52180,0.9799
large-K,900,25741,10377,fp16,T,N,25741,900,N,T,245,-606622964,606622954,4.17301,4.25881,0.9799
large-K,564,1316,10811,fp16,N,T,1316,564,T,N,68,-606627711,606627701,0.27917,0.28492,0.9798
large-K,651,14628,11258,fp16,N,T,14628,651,T,N,62,-606627741,606627731,2.44305,2.49397,0.9796
large-K,1865,18907,20189,fp16,T,N,18907,1865,N,T,245,-606603105,606603095,12.01496,12.26703,0.9795
large-K,375,1664,10206,fp16,N,T,1664,375,T,N,241,-606627661,606627651,0.21382,0.21829,0.9795
large-K,3097,6727,11344,fp16,N,T,6727,3097,T,N,62,-606627741,606627731,5.42084,5.54494,0.9776
large-K,921,924,22038,fp32,T,T,924,921,T,T,82,-606620831,606620821,1.60229,1.64277,0.9754
large-K,1088,14023,9944,bf16,N,T,14023,1088,T,N,57,-606623124,606623114,3.75013,3.84558,0.9752
large-K,1472,2656,24379,bf16,T,T,2656,1472,T,T,39,-606619900,606619890,2.07609,2.13046,0.9745
large-K,1101,467,22711,bf16,T,N,467,1101,N,T,247,-606605453,606605443,0.39921,0.40992,0.9739
large-K,17029,2426,10833,fp16,N,T,2426,17029,T,N,62,-606604822,606604812,12.41152,12.76443,0.9724
large-K,17445,4004,9507,fp16,N,T,4004,17445,T,N,62,-606627711,606627701,19.70135,20.27741,0.9716
large-K,128,4838,30997,bf16,N,T,4838,128,T,N,62,-606603218,606603208,0.71523,0.73846,0.9686
large-K,301,3925,29588,fp32,T,T,3925,301,T,T,82,-606620799,606620789,2.38287,2.46127,0.9681
large-K,11868,11138,14352,bf16,N,T,11138,11868,T,N,57,-606603218,606603208,54.87325,56.68790,0.9680
large-K,561,472,20751,fp16,T,N,472,561,N,T,589,-606603021,606603011,0.14383,0.14867,0.9674
large-K,394,1590,19981,fp16,T,N,1590,394,N,T,255,-606603005,606602995,0.36434,0.37777,0.9644
large-K,3162,368,28181,fp16,T,N,368,3162,N,T,572,-606603021,606603011,0.71507,0.74257,0.9630
large-K,7829,184,16299,fp32,T,T,184,7829,T,T,82,-606620789,606620779,1.64504,1.71053,0.9617
large-K,5791,822,16962,fp16,N,N,822,5791,N,N,92,-606603432,606603422,1.74956,1.81983,0.9614
large-K,541,8810,10921,fp16,N,T,8810,541,T,N,62,-606627741,606627731,1.29588,1.35176,0.9587
large-K,793,9301,14467,fp16,N,T,9301,793,T,N,62,-606627741,606627731,3.11029,3.24760,0.9577
large-K,353,22363,11117,bf16,T,T,22363,353,T,T,39,-606619925,606619915,2.18471,2.29073,0.9537
large-K,2845,10198,20099,fp16,N,N,10198,2845,N,N,92,-606624260,606624250,10.09397,10.67528,0.9455
large-K,473,685,30975,fp32,T,T,685,473,T,T,82,-606620800,606620790,0.78283,0.82835,0.9450
large-K,3358,16266,16588,bf16,T,N,16266,3358,N,T,231,-606605573,606605563,14.24298,15.11775,0.9421
large-K,729,335,27673,bf16,T,N,335,729,N,T,247,-606605453,606605443,0.24148,0.25914,0.9318
