transA,transB,M,N,batch_count,K,alpha,beta,lda,ldb,ldc,input_type,output_type,compute_type,solution_index
N,T,2641,8,1,4697,1,0,2641,8,2641,f16_r,f32_r,f32_r,606622829
N,T,1661,2,1,2911,1,0,1661,2,1661,f16_r,f32_r,f32_r,538
N,T,5161,6,1,3526,1,0,5161,6,5161,f16_r,f32_r,f32_r,606622829
N,T,7522,6,1,5417,1,0,7522,6,7522,f16_r,f32_r,f32_r,606622829
T,T,5301,14,1,10342,1,0,10342,14,5301,f16_r,f32_r,f32_r,606629603
T,T,7471,14,1,6320,1,0,6320,14,7471,f16_r,f32_r,f32_r,606629603
T,T,1498,9,1,9358,1,0,9358,9,1498,f16_r,f32_r,f32_r,606629602
T,T,6623,16,1,8533,1,0,8533,16,6623,f16_r,f32_r,f32_r,606629602
N,T,5500,2,1,8481,1,0,5500,2,5500,f16_r,f32_r,f32_r,606602867
T,T,9097,16,1,4075,1,0,4075,16,9097,f16_r,f32_r,f32_r,606629612
T,T,2514,15,1,6918,1,0,6918,15,2514,f16_r,f32_r,f32_r,606629603
T,T,1818,9,1,7377,1,0,7377,9,1818,f16_r,f32_r,f32_r,606629612
T,T,4997,15,1,2727,1,0,2727,15,4997,f16_r,f32_r,f32_r,606629602
N,T,20928,4,1,1051,1,0,20928,4,20928,f16_r,f32_r,f32_r,606602960
T,T,17601,10,1,31985,1,0,31985,10,17601,f16_r,f32_r,f32_r,606629602
N,T,9458,2,1,3831,1,0,9458,2,9458,f16_r,f32_r,f32_r,606622890
T,T,14660,2,1,12166,1,0,12166,2,14660,f16_r,f32_r,f32_r,606629550
T,N,1161,5,1,23699,1,0,23699,23699,1161,f32_r,f32_r,f32_r,606618423
N,N,10224,2,1,26560,1,0,10224,26560,10224,f16_r,f32_r,f32_r,606624200
N,T,2658,4,1,16964,1,0,2658,4,2658,f32_r,f32_r,f32_r,606624694
N,N,14760,7,1,5469,1,0,14760,5469,14760,f16_r,f32_r,f32_r,606603245
T,T,4580,8,1,3165,1,0,3165,8,4580,f32_r,f32_r,f32_r,606620810
N,N,1448,15,1,4316,1,0,1448,4316,1448,f16_r,f32_r,f32_r,606603274
T,T,7999,2,1,29126,1,0,29126,2,7999,f16_r,f32_r,f32_r,364
T,T,4199,11,1,30799,1,0,30799,11,4199,bf16_r,f32_r,f32_r,606619889
T,T,8372,7,1,10763,1,0,10763,7,8372,f16_r,f32_r,f32_r,364
T,T,16275,3,1,1515,1,0,1515,3,16275,f16_r,f32_r,f32_r,364
T,T,7051,5,1,1580,1,0,1580,5,7051,f32_r,f32_r,f32_r,606620818
N,T,10227,1,1,2613,1,0,10227,1,10227,bf16_r,f32_r,f32_r,-1
T,T,22072,3,1,12963,1,0,12963,3,22072,f16_r,f32_r,f32_r,368
T,T,2257,6,1,2320,1,0,2320,6,2257,f32_r,f32_r,f32_r,606620786
N,T,2123,11,1,5792,1,0,2123,11,2123,f16_r,f32_r,f32_r,606622872
T,N,19003,2,1,31435,1,0,31435,31435,19003,f16_r,f32_r,f32_r,606627637
T,T,3029,5,1,9869,1,0,9869,5,3029,f16_r,f32_r,f32_r,364
T,T,1808,5,1,16145,1,0,16145,5,1808,f16_r,f32_r,f32_r,364
T,T,4075,6,1,27297,1,0,27297,6,4075,f16_r,f32_r,f32_r,364
T,T,1431,3,1,12905,1,0,12905,3,1431,f16_r,f32_r,f32_r,364
T,T,5166,2,1,3585,1,0,3585,2,5166,f16_r,f32_r,f32_r,364
T,N,13923,15,1,25673,1,0,25673,25673,13923,f16_r,f32_r,f32_r,606627724
N,N,16607,14,1,2775,1,0,16607,2775,16607,f16_r,f32_r,f32_r,606624130
N,N,7574,1,1,5601,1,0,7574,5601,7574,f16_r,f32_r,f32_r,-1
N,N,6753,1,1,4847,1,0,6753,4847,6753,bf16_r,f32_r,f32_r,-1
T,N,3135,1,1,30516,1,0,30516,30516,3135,bf16_r,f32_r,f32_r,606623120
T,N,2758,11,1,9970,1,0,9970,9970,2758,f16_r,f32_r,f32_r,606604751
T,N,3290,13,1,7741,1,0,7741,7741,3290,bf16_r,f32_r,f32_r,606623158
N,N,1605,13,1,1466,1,0,1605,1466,1605,f16_r,f32_r,f32_r,606624190
N,N,1411,13,1,1362,1,0,1411,1362,1411,f16_r,f32_r,f32_r,606603265
N,N,16056,4,1,12496,1,0,16056,12496,16056,f16_r,f32_r,f32_r,606624068
T,N,2834,3,1,25588,1,0,25588,25588,2834,f16_r,f32_r,f32_r,606627640
T,N,1207,1,1,2765,1,0,2765,2765,1207,f16_r,f32_r,f32_r,-1
N,N,1377,8,1,1063,1,0,1377,1063,1377,f32_r,f32_r,f32_r,606628028
N,T,27350,8,1,1056,1,0,27350,8,27350,f16_r,f32_r,f32_r,606622858
N,T,1642,13,1,21553,1,0,1642,13,1642,f16_r,f32_r,f32_r,606602953
T,T,1184,2,1,6563,1,0,6563,2,1184,bf16_r,f32_r,f32_r,344
T,T,1977,3,1,14375,1,0,14375,3,1977,bf16_r,f32_r,f32_r,344
T,T,1618,6,1,4363,1,0,4363,6,1618,bf16_r,f32_r,f32_r,344
N,N,22464,1,1,4518,1,0,22464,4518,22464,bf16_r,f32_r,f32_r,-1
N,N,7008,1,1,6688,1,0,7008,6688,7008,f16_r,f32_r,f32_r,606624099
T,T,3160,5,1,2955,1,0,2955,5,3160,bf16_r,f32_r,f32_r,344
N,N,24324,2,1,26533,1,0,24324,26533,24324,bf16_r,f32_r,f32_r,606605197
T,N,2355,13,1,18385,1,0,18385,18385,2355,f16_r,f32_r,f32_r,606627656
N,N,11102,7,1,20245,1,0,11102,20245,11102,f16_r,f32_r,f32_r,606603373
N,N,2384,16,1,1096,1,0,2384,1096,2384,f32_r,f32_r,f32_r,606605136
N,T,6878,8,1,20579,1,0,6878,8,6878,f32_r,f32_r,f32_r,606604013
T,T,4834,2,1,3471,1,0,3471,2,4834,bf16_r,f32_r,f32_r,344
N,T,2598,4,1,15341,1,0,2598,4,2598,f16_r,f32_r,f32_r,606622829
N,N,3789,8,1,2275,1,0,3789,2275,3789,f16_r,f32_r,f32_r,606603273
T,N,2901,11,1,9372,1,0,9372,9372,2901,f32_r,f32_r,f32_r,606602187
N,N,16900,12,1,25213,1,0,16900,25213,16900,f16_r,f32_r,f32_r,606603283
T,T,1431,3,1,6254,1,0,6254,3,1431,f32_r,f32_r,f32_r,606620752
N,N,29459,3,1,1379,1,0,29459,1379,29459,f32_r,f32_r,f32_r,606604996
N,T,2795,3,1,2586,1,0,2795,3,2795,bf16_r,f32_r,f32_r,141
N,N,1397,4,1,31984,1,0,1397,31984,1397,bf16_r,f32_r,f32_r,606605256
N,T,2357,3,1,2029,1,0,2357,3,2357,bf16_r,f32_r,f32_r,142
N,N,15159,4,1,20172,1,0,15159,20172,15159,f16_r,f32_r,f32_r,606603303
T,T,5149,3,1,28704,1,0,28704,3,5149,f32_r,f32_r,f32_r,606620822
N,T,6986,1,1,1982,1,0,6986,1,6986,bf16_r,f32_r,f32_r,-1
N,N,13541,3,1,30722,1,0,13541,30722,13541,bf16_r,f32_r,f32_r,606605169
T,N,12047,11,1,12316,1,0,12316,12316,12047,f32_r,f32_r,f32_r,606618421
T,N,5204,4,1,15155,1,0,15155,15155,5204,bf16_r,f32_r,f32_r,606603141
N,N,8817,8,1,6560,1,0,8817,6560,8817,f16_r,f32_r,f32_r,606624233
T,T,14492,8,1,1529,1,0,1529,8,14492,bf16_r,f32_r,f32_r,606619889
T,N,9815,6,1,11307,1,0,11307,11307,9815,bf16_r,f32_r,f32_r,606623120
T,N,17723,1,1,26027,1,0,26027,26027,17723,f16_r,f32_r,f32_r,606627639
N,T,1361,2,1,1229,1,0,1361,2,1361,bf16_r,f32_r,f32_r,141
N,N,18003,2,1,1485,1,0,18003,1485,18003,f32_r,f32_r,f32_r,606604995
T,T,19183,8,1,27506,1,0,27506,8,19183,bf16_r,f32_r,f32_r,606619889
N,T,13968,9,1,31299,1,0,13968,9,13968,f32_r,f32_r,f32_r,606624711
N,N,25735,3,1,2048,1,0,25735,2048,25735,f32_r,f32_r,f32_r,606605131
N,N,26343,5,1,1915,1,0,26343,1915,26343,f32_r,f32_r,f32_r,606628024
N,N,28001,9,1,3356,1,0,28001,3356,28001,f32_r,f32_r,f32_r,606627852
N,N,11857,1,1,15078,1,0,11857,15078,11857,f32_r,f32_r,f32_r,606628024
N,N,17922,4,1,4876,1,0,17922,4876,17922,f32_r,f32_r,f32_r,606627893
N,T,3466,10,1,28462,1,0,3466,10,3466,f16_r,f32_r,f32_r,606622829
N,N,5683,7,1,11137,1,0,5683,11137,5683,f16_r,f32_r,f32_r,606603273
N,T,26242,4,1,6784,1,0,26242,4,26242,f32_r,f32_r,f32_r,606604004
N,N,4490,2,1,1237,1,0,4490,1237,4490,bf16_r,f32_r,f32_r,606605218
N,N,17211,1,1,10547,1,0,17211,10547,17211,f32_r,f32_r,f32_r,606627892
N,N,19241,2,1,7198,1,0,19241,7198,19241,f32_r,f32_r,f32_r,606627852
N,T,3774,3,1,6354,1,0,3774,3,3774,bf16_r,f32_r,f32_r,606630713
N,T,1279,8,1,19144,1,0,1279,8,1279,f16_r,f32_r,f32_r,606602953
N,T,5837,1,1,25558,1,0,5837,1,5837,bf16_r,f32_r,f32_r,-1
T,T,31245,10,1,2493,1,0,2493,10,31245,bf16_r,f32_r,f32_r,606619889
T,N,5065,13,1,9276,1,0,9276,9276,5065,f32_r,f32_r,f32_r,606602188
N,T,2841,3,1,8606,1,0,2841,3,2841,f32_r,f32_r,f32_r,606603874
T,N,26302,2,1,24773,1,0,24773,24773,26302,f16_r,f32_r,f32_r,606604750
N,N,2059,4,1,8025,1,0,2059,8025,2059,f16_r,f32_r,f32_r,606603393
N,N,24100,7,1,3045,1,0,24100,3045,24100,bf16_r,f32_r,f32_r,606605244
N,N,5095,9,1,7805,1,0,5095,7805,5095,bf16_r,f32_r,f32_r,606629909
T,N,12372,12,1,17297,1,0,17297,17297,12372,f16_r,f32_r,f32_r,606627652
N,T,2151,14,1,1818,1,0,2151,14,2151,f32_r,f32_r,f32_r,606624679
T,T,10028,6,1,11524,1,0,11524,6,10028,bf16_r,f32_r,f32_r,344
T,N,19269,9,1,29079,1,0,29079,29079,19269,f32_r,f32_r,f32_r,606618429
N,N,5519,2,1,1431,1,0,5519,1431,5519,bf16_r,f32_r,f32_r,606605250
T,T,12491,2,1,17151,1,0,17151,2,12491,bf16_r,f32_r,f32_r,344
T,N,2611,1,1,1496,1,0,1496,1496,2611,bf16_r,f32_r,f32_r,-1
N,N,5251,14,1,4529,1,0,5251,4529,5251,f16_r,f32_r,f32_r,606624098
N,T,6540,5,1,25555,1,0,6540,5,6540,f32_r,f32_r,f32_r,606603986
T,N,2100,11,1,3278,1,0,3278,3278,2100,f16_r,f32_r,f32_r,606604751
T,T,20623,5,1,11236,1,0,11236,5,20623,f32_r,f32_r,f32_r,606620813
T,N,13206,11,1,21901,1,0,21901,21901,13206,bf16_r,f32_r,f32_r,606603140
N,T,1461,9,1,2346,1,0,1461,9,1461,f32_r,f32_r,f32_r,606624679
T,T,2084,1,1,15606,1,0,15606,1,2084,bf16_r,f32_r,f32_r,346
N,N,7140,1,1,4962,1,0,7140,4962,7140,bf16_r,f32_r,f32_r,606629815
N,T,13765,3,1,16476,1,0,13765,3,13765,bf16_r,f32_r,f32_r,606605512
T,T,4196,1,1,6469,1,0,6469,1,4196,f16_r,f32_r,f32_r,606629582
T,N,2334,6,1,5751,1,0,5751,5751,2334,f16_r,f32_r,f32_r,606627644
N,T,9260,1,1,7244,1,0,9260,1,9260,f16_r,f32_r,f32_r,606622723
N,N,2163,1,1,29521,1,0,2163,29521,2163,bf16_r,f32_r,f32_r,606605173
T,T,31434,1,1,7593,1,0,7593,1,31434,bf16_r,f32_r,f32_r,-1
T,T,11060,1,1,3883,1,0,3883,1,11060,f16_r,f32_r,f32_r,606629588
N,T,1027,12,1,12691,1,0,1027,12,1027,f16_r,f32_r,f32_r,606602993
T,T,17516,5,1,1056,1,0,1056,5,17516,bf16_r,f32_r,f32_r,347
T,N,1074,14,1,18628,1,0,18628,18628,1074,f16_r,f32_r,f32_r,606604744
T,N,26242,14,1,27847,1,0,27847,27847,26242,f32_r,f32_r,f32_r,606601876
N,N,8225,15,1,1641,1,0,8225,1641,8225,f16_r,f32_r,f32_r,606603303
T,N,12141,8,1,3792,1,0,3792,3792,12141,bf16_r,f32_r,f32_r,606623119
T,N,1199,12,1,12140,1,0,12140,12140,1199,bf16_r,f32_r,f32_r,606623192
T,N,1094,5,1,15427,1,0,15427,15427,1094,f16_r,f32_r,f32_r,606604744
T,N,12219,2,1,1956,1,0,1956,1956,12219,f16_r,f32_r,f32_r,606604763
N,T,6164,6,1,30413,1,0,6164,6,6164,f32_r,f32_r,f32_r,606603786
T,T,5316,1,1,27424,1,0,27424,1,5316,f32_r,f32_r,f32_r,606620743
N,T,10850,10,1,25130,1,0,10850,10,10850,f32_r,f32_r,f32_r,606604004
N,T,23098,2,1,28084,1,0,23098,2,23098,bf16_r,f32_r,f32_r,606630761
T,N,1771,5,1,2131,1,0,2131,2131,1771,bf16_r,f32_r,f32_r,606623172
T,T,13606,6,1,14748,1,0,14748,6,13606,f32_r,f32_r,f32_r,606620788
N,T,1577,1,1,8466,1,0,1577,1,1577,f16_r,f32_r,f32_r,606602855
N,T,2037,7,1,11626,1,0,2037,7,2037,f16_r,f32_r,f32_r,606602993
N,T,26046,3,1,30779,1,0,26046,3,26046,bf16_r,f32_r,f32_r,606605512
N,T,3314,5,1,2962,1,0,3314,5,3314,f32_r,f32_r,f32_r,606624703
N,T,471,508,1,22804,1,0,471,508,471,f16_r,f32_r,f32_r,606602995
N,T,1546,179,1,13321,1,0,1546,179,1546,bf16_r,f32_r,f32_r,606630690
N,T,393,630,1,16058,1,0,393,630,393,f16_r,f32_r,f32_r,606622874
N,T,977,398,1,14543,1,0,977,398,977,bf16_r,f32_r,f32_r,606630690
N,T,401,10145,1,13136,1,0,401,10145,401,f16_r,f32_r,f32_r,606603096
N,T,314,10311,1,10208,1,0,314,10311,314,f16_r,f32_r,f32_r,606603039
N,T,923,699,1,15353,1,0,923,699,923,bf16_r,f32_r,f32_r,606605443
T,T,271,312,1,11702,1,0,11702,312,271,f16_r,f32_r,f32_r,606629602
N,T,390,1968,1,11358,1,0,390,1968,390,bf16_r,f32_r,f32_r,606630826
T,T,14000,1920,1,13877,1,0,13877,1920,14000,f16_r,f32_r,f32_r,606629600
N,T,161,1585,1,13323,1,0,161,1585,161,f16_r,f32_r,f32_r,606622874
T,T,11817,254,1,9423,1,0,9423,254,11817,f16_r,f32_r,f32_r,606629597
N,T,1427,133,1,8267,1,0,1427,133,1427,f16_r,f32_r,f32_r,606602995
T,T,1072,454,1,9926,1,0,9926,454,1072,f16_r,f32_r,f32_r,606629603
T,T,617,2877,1,28628,1,0,28628,2877,617,f16_r,f32_r,f32_r,606629601
T,T,621,2476,1,11347,1,0,11347,2476,621,f16_r,f32_r,f32_r,606629596
T,T,460,292,1,8645,1,0,8645,292,460,f16_r,f32_r,f32_r,606629603
T,T,760,6222,1,16862,1,0,16862,6222,760,f16_r,f32_r,f32_r,606629600
T,T,542,532,1,8561,1,0,8561,532,542,f16_r,f32_r,f32_r,606629612
T,T,835,257,1,12264,1,0,12264,257,835,f16_r,f32_r,f32_r,606629611
T,T,2391,2681,1,14700,1,0,14700,2681,2391,f16_r,f32_r,f32_r,606629601
T,T,4620,516,1,15046,1,0,15046,516,4620,f16_r,f32_r,f32_r,606629597
T,T,3468,2522,1,9156,1,0,9156,2522,3468,f16_r,f32_r,f32_r,606629600
T,T,2873,4635,1,8970,1,0,8970,4635,2873,f16_r,f32_r,f32_r,606629607
T,T,4095,211,1,31880,1,0,31880,211,4095,f16_r,f32_r,f32_r,606629604
T,T,252,22286,1,21620,1,0,21620,22286,252,f16_r,f32_r,f32_r,606629610
T,T,396,6509,1,13276,1,0,13276,6509,396,f16_r,f32_r,f32_r,606629598
T,T,248,8280,1,27509,1,0,27509,8280,248,f16_r,f32_r,f32_r,606629604
T,T,3117,8014,1,19888,1,0,19888,8014,3117,f16_r,f32_r,f32_r,606629608
T,T,4092,7240,1,8459,1,0,8459,7240,4092,f16_r,f32_r,f32_r,606629610
N,T,412,386,1,20744,1,0,412,386,412,f16_r,f32_r,f32_r,606622874
T,T,1337,7016,1,18493,1,0,18493,7016,1337,f16_r,f32_r,f32_r,606629608
T,T,1307,4050,1,16699,1,0,16699,4050,1307,f16_r,f32_r,f32_r,606629606
T,T,2189,1611,1,26479,1,0,26479,1611,2189,f16_r,f32_r,f32_r,606629606
N,T,629,142,1,24502,1,0,629,142,629,f16_r,f32_r,f32_r,606622874
T,T,8592,230,1,18796,1,0,18796,230,8592,f16_r,f32_r,f32_r,606629597
T,T,1192,5177,1,31767,1,0,31767,5177,1192,f16_r,f32_r,f32_r,606629608
T,T,1636,443,1,24285,1,0,24285,443,1636,f16_r,f32_r,f32_r,606629611
T,T,2432,5649,1,8468,1,0,8468,5649,2432,f16_r,f32_r,f32_r,606629607
T,T,1665,9543,1,24354,1,0,24354,9543,1665,f16_r,f32_r,f32_r,606629608
T,T,2729,554,1,19204,1,0,19204,554,2729,f16_r,f32_r,f32_r,606629604
T,N,480,209,1,11135,1,0,11135,11135,480,bf16_r,f32_r,f32_r,606603202
T,T,2284,6078,1,27465,1,0,27465,6078,2284,f16_r,f32_r,f32_r,606629598
T,T,3592,5071,1,15425,1,0,15425,5071,3592,f16_r,f32_r,f32_r,606629598
N,T,172,960,1,11369,1,0,172,960,172,f16_r,f32_r,f32_r,606602995
T,T,2672,8259,1,22605,1,0,22605,8259,2672,f16_r,f32_r,f32_r,606629605
T,T,20183,2169,1,12257,1,0,12257,2169,20183,f16_r,f32_r,f32_r,606629601
T,T,7849,4119,1,13742,1,0,13742,4119,7849,f16_r,f32_r,f32_r,606629608
T,T,286,2509,1,16100,1,0,16100,2509,286,f16_r,f32_r,f32_r,606629611
T,T,18926,1020,1,26025,1,0,26025,1020,18926,f16_r,f32_r,f32_r,606629601
N,T,759,4921,1,14242,1,0,759,4921,759,bf16_r,f32_r,f32_r,606605559
N,N,128,484,1,29438,1,0,128,29438,128,f16_r,f32_r,f32_r,606603240
T,N,744,11013,1,28132,1,0,28132,28132,744,bf16_r,f32_r,f32_r,606623186
T,N,4799,128,1,8619,1,0,8619,8619,4799,f16_r,f32_r,f32_r,606627658
N,N,132,660,1,20045,1,0,132,20045,132,f16_r,f32_r,f32_r,606624098
N,T,2430,358,1,18754,1,0,2430,358,2430,f32_r,f32_r,f32_r,606624682
N,T,7257,3132,1,12119,1,0,7257,3132,7257,bf16_r,f32_r,f32_r,606630816
T,N,174,697,1,30162,1,0,30162,30162,174,f32_r,f32_r,f32_r,606618193
N,N,141,2078,1,17901,1,0,141,17901,141,f16_r,f32_r,f32_r,606624225
T,N,325,937,1,11054,1,0,11054,11054,325,bf16_r,f32_r,f32_r,606603215
N,N,191,1518,1,9569,1,0,191,9569,191,f16_r,f32_r,f32_r,606603273
N,T,9691,1712,1,9030,1,0,9691,1712,9691,bf16_r,f32_r,f32_r,606630842
N,N,234,1851,1,15222,1,0,234,15222,234,f16_r,f32_r,f32_r,606624225
N,T,1650,2044,1,25653,1,0,1650,2044,1650,f16_r,f32_r,f32_r,606603089
N,T,9387,1713,1,9171,1,0,9387,1713,9387,bf16_r,f32_r,f32_r,606605647
N,N,324,344,1,15417,1,0,324,15417,324,f16_r,f32_r,f32_r,606624225
T,N,249,523,1,26152,1,0,26152,26152,249,f32_r,f32_r,f32_r,606602155
N,T,3718,2627,1,13306,1,0,3718,2627,3718,bf16_r,f32_r,f32_r,606605585
N,T,4382,1662,1,14259,1,0,4382,1662,4382,bf16_r,f32_r,f32_r,606630816
N,T,6483,1645,1,15053,1,0,6483,1645,6483,bf16_r,f32_r,f32_r,606605634
N,T,4171,1943,1,19403,1,0,4171,1943,4171,f16_r,f32_r,f32_r,606622991
N,N,748,138,1,11667,1,0,748,11667,748,f16_r,f32_r,f32_r,606603393
N,N,134,354,1,9611,1,0,134,9611,134,f32_r,f32_r,f32_r,606605136
N,T,140,619,1,10271,1,0,140,619,140,bf16_r,f32_r,f32_r,606605443
N,T,578,4537,1,31840,1,0,578,4537,578,f16_r,f32_r,f32_r,606622985
N,T,7821,262,1,30041,1,0,7821,262,7821,bf16_r,f32_r,f32_r,606630812
N,T,3057,407,1,15543,1,0,3057,407,3057,f16_r,f32_r,f32_r,606622952
N,T,5359,1367,1,22748,1,0,5359,1367,5359,f16_r,f32_r,f32_r,606603105
T,N,245,974,1,11796,1,0,11796,11796,245,f32_r,f32_r,f32_r,606618429
T,N,7516,1717,1,15296,1,0,15296,15296,7516,f16_r,f32_r,f32_r,606604841
T,T,12982,9457,1,16790,1,0,16790,9457,12982,bf16_r,f32_r,f32_r,606619906
N,N,943,614,1,15203,1,0,943,15203,943,f16_r,f32_r,f32_r,606603289
T,T,6804,16368,1,21486,1,0,21486,16368,6804,bf16_r,f32_r,f32_r,606619906
T,N,427,206,1,32112,1,0,32112,32112,427,bf16_r,f32_r,f32_r,606623139
N,T,1193,4516,1,8455,1,0,1193,4516,1193,bf16_r,f32_r,f32_r,606630874
T,T,13508,14171,1,10645,1,0,10645,14171,13508,bf16_r,f32_r,f32_r,606619906
T,N,342,9923,1,29592,1,0,29592,29592,342,bf16_r,f32_r,f32_r,606623188
T,T,178,210,1,16546,1,0,16546,210,178,f16_r,f32_r,f32_r,606629612
T,N,3027,1417,1,15782,1,0,15782,15782,3027,bf16_r,f32_r,f32_r,606603135
T,T,15545,11351,1,15562,1,0,15562,11351,15545,bf16_r,f32_r,f32_r,606619906
T,T,10121,13020,1,10163,1,0,10163,13020,10121,bf16_r,f32_r,f32_r,606619906
T,T,16070,4125,1,25745,1,0,25745,4125,16070,bf16_r,f32_r,f32_r,606619906
N,N,2653,140,1,9940,1,0,2653,9940,2653,f16_r,f32_r,f32_r,606624111
T,N,3053,1838,1,16508,1,0,16508,16508,3053,f16_r,f32_r,f32_r,606627731
T,N,347,13761,1,24874,1,0,24874,24874,347,bf16_r,f32_r,f32_r,606603171
T,T,14390,12045,1,12061,1,0,12061,12045,14390,bf16_r,f32_r,f32_r,606619906
T,N,5101,1429,1,11172,1,0,11172,11172,5101,bf16_r,f32_r,f32_r,606623188
N,N,450,283,1,15541,1,0,450,15541,450,f32_r,f32_r,f32_r,606605053
T,T,12554,10116,1,16095,1,0,16095,10116,12554,bf16_r,f32_r,f32_r,606619906
N,T,2295,914,1,21254,1,0,2295,914,2295,f16_r,f32_r,f32_r,606603100
N,N,805,211,1,11828,1,0,805,11828,805,f32_r,f32_r,f32_r,606627945
N,N,9435,1917,1,20889,1,0,9435,20889,9435,bf16_r,f32_r,f32_r,606630003
N,N,1733,26963,1,16277,1,0,1733,16277,1733,f16_r,f32_r,f32_r,606603423
T,T,9323,9507,1,16883,1,0,16883,9507,9323,bf16_r,f32_r,f32_r,606619906
N,T,1506,1447,1,28594,1,0,1506,1447,1506,f16_r,f32_r,f32_r,606622961
T,N,2261,1607,1,12648,1,0,12648,12648,2261,bf16_r,f32_r,f32_r,606603135
T,N,853,236,1,16398,1,0,16398,16398,853,f16_r,f32_r,f32_r,606627658
N,T,205,3601,1,15828,1,0,205,3601,205,f16_r,f32_r,f32_r,606603058
T,T,4856,20868,1,10532,1,0,10532,20868,4856,bf16_r,f32_r,f32_r,606619906
T,N,543,4667,1,18548,1,0,18548,18548,543,f32_r,f32_r,f32_r,606618426
N,N,945,1104,1,8209,1,0,945,8209,945,bf16_r,f32_r,f32_r,606605249
T,N,1336,1130,1,16130,1,0,16130,16130,1336,f16_r,f32_r,f32_r,606627696
T,T,8579,8444,1,10426,1,0,10426,8444,8579,bf16_r,f32_r,f32_r,606619906
N,T,4911,340,1,20094,1,0,4911,340,4911,bf16_r,f32_r,f32_r,606630812
N,N,6422,1009,1,21651,1,0,6422,21651,6422,bf16_r,f32_r,f32_r,606605349
N,N,587,1494,1,9791,1,0,587,9791,587,f16_r,f32_r,f32_r,606624205
T,T,10602,10145,1,8819,1,0,8819,10145,10602,bf16_r,f32_r,f32_r,606619906
T,T,22293,8622,1,12528,1,0,12528,8622,22293,bf16_r,f32_r,f32_r,606619906
T,T,6935,18625,1,9151,1,0,9151,18625,6935,bf16_r,f32_r,f32_r,606619906
N,T,1620,787,1,13188,1,0,1620,787,1620,f16_r,f32_r,f32_r,606622944
T,N,4881,2721,1,9784,1,0,9784,9784,4881,bf16_r,f32_r,f32_r,606623114
N,N,2074,27249,1,11717,1,0,2074,11717,2074,bf16_r,f32_r,f32_r,606629999
T,T,14947,6984,1,21760,1,0,21760,6984,14947,bf16_r,f32_r,f32_r,606619906
N,T,1234,9763,1,26443,1,0,1234,9763,1234,bf16_r,f32_r,f32_r,606630867
N,T,1327,9363,1,29986,1,0,1327,9363,1327,bf16_r,f32_r,f32_r,606605647
T,N,3541,265,1,26094,1,0,26094,26094,3541,bf16_r,f32_r,f32_r,606623130
T,T,7236,26977,1,8735,1,0,8735,26977,7236,bf16_r,f32_r,f32_r,606619906
T,N,6271,467,1,17054,1,0,17054,17054,6271,bf16_r,f32_r,f32_r,606603135
N,N,4823,2259,1,12989,1,0,4823,12989,4823,bf16_r,f32_r,f32_r,606630008
T,N,6888,178,1,10506,1,0,10506,10506,6888,bf16_r,f32_r,f32_r,606623168
T,N,477,13210,1,21591,1,0,21591,21591,477,f16_r,f32_r,f32_r,606604860
T,T,2052,2583,1,28886,1,0,28886,2583,2052,bf16_r,f32_r,f32_r,606619906
N,N,11917,5354,1,15085,1,0,11917,15085,11917,f16_r,f32_r,f32_r,606603423
N,T,1621,6190,1,25807,1,0,1621,6190,1621,bf16_r,f32_r,f32_r,606630827
T,N,4150,1619,1,9947,1,0,9947,9947,4150,bf16_r,f32_r,f32_r,606603135
T,N,573,569,1,9574,1,0,9574,9574,573,f32_r,f32_r,f32_r,606602149
T,T,13165,2028,1,17061,1,0,17061,2028,13165,bf16_r,f32_r,f32_r,606619906
T,T,245,26727,1,26089,1,0,26089,26727,245,f32_r,f32_r,f32_r,606620805
T,T,29622,2819,1,16543,1,0,16543,2819,29622,bf16_r,f32_r,f32_r,606619906
T,N,4206,1227,1,18691,1,0,18691,18691,4206,bf16_r,f32_r,f32_r,606603208
T,T,2726,13111,1,16249,1,0,16249,13111,2726,bf16_r,f32_r,f32_r,606619906
N,N,2328,2057,1,10565,1,0,2328,10565,2328,f32_r,f32_r,f32_r,606605061
T,T,10707,14230,1,12024,1,0,12024,14230,10707,bf16_r,f32_r,f32_r,606619906
N,T,2787,644,1,11723,1,0,2787,644,2787,f16_r,f32_r,f32_r,606603100
T,N,1773,3372,1,13225,1,0,13225,13225,1773,f16_r,f32_r,f32_r,606604841
N,N,15220,552,1,9923,1,0,15220,9923,15220,bf16_r,f32_r,f32_r,606629847
T,N,1331,2745,1,13788,1,0,13788,13788,1331,f32_r,f32_r,f32_r,606602197
T,T,246,31439,1,28589,1,0,28589,31439,246,f32_r,f32_r,f32_r,606620791
T,T,1090,1093,1,12272,1,0,12272,1093,1090,bf16_r,f32_r,f32_r,606619893
T,N,3842,1344,1,9879,1,0,9879,9879,3842,bf16_r,f32_r,f32_r,606603135
N,T,1915,842,1,17621,1,0,1915,842,1915,bf16_r,f32_r,f32_r,606630812
T,N,5924,639,1,12223,1,0,12223,12223,5924,f16_r,f32_r,f32_r,606627707
T,T,28529,7805,1,12640,1,0,12640,7805,28529,bf16_r,f32_r,f32_r,606619906
T,N,693,817,1,12345,1,0,12345,12345,693,f32_r,f32_r,f32_r,606602199
T,N,2677,1072,1,16130,1,0,16130,16130,2677,bf16_r,f32_r,f32_r,606623151
T,T,12151,20264,1,8782,1,0,8782,20264,12151,bf16_r,f32_r,f32_r,606619906
T,N,199,8500,1,19283,1,0,19283,19283,199,bf16_r,f32_r,f32_r,606623130
N,T,6443,211,1,28587,1,0,6443,211,6443,f32_r,f32_r,f32_r,606624837
T,N,271,5830,1,27188,1,0,27188,27188,271,bf16_r,f32_r,f32_r,606623151
T,N,10108,178,1,20414,1,0,20414,20414,10108,bf16_r,f32_r,f32_r,606623188
N,N,12022,7439,1,13201,1,0,12022,13201,12022,f16_r,f32_r,f32_r,606624251
T,T,2452,13720,1,29458,1,0,29458,13720,2452,bf16_r,f32_r,f32_r,606619906
T,N,1915,6643,1,30888,1,0,30888,30888,1915,f16_r,f32_r,f32_r,606604841
N,T,2014,922,1,21176,1,0,2014,922,2014,f16_r,f32_r,f32_r,606603077
T,N,4842,634,1,29174,1,0,29174,29174,4842,f16_r,f32_r,f32_r,606627688
N,T,537,6139,1,29220,1,0,537,6139,537,bf16_r,f32_r,f32_r,606605584
N,T,3543,468,1,8781,1,0,3543,468,3543,f16_r,f32_r,f32_r,606622986
N,N,28051,2329,1,11798,1,0,28051,11798,28051,bf16_r,f32_r,f32_r,606630008
N,N,9710,184,1,13437,1,0,9710,13437,9710,bf16_r,f32_r,f32_r,606605255
T,T,1746,3877,1,29898,1,0,29898,3877,1746,f32_r,f32_r,f32_r,606620797
T,T,20089,4405,1,12664,1,0,12664,4405,20089,bf16_r,f32_r,f32_r,606619906
T,N,3624,2822,1,26171,1,0,26171,26171,3624,f16_r,f32_r,f32_r,606627749
T,N,841,4451,1,9874,1,0,9874,9874,841,f32_r,f32_r,f32_r,606601931
T,N,3356,2057,1,30514,1,0,30514,30514,3356,f16_r,f32_r,f32_r,606604841
T,N,1537,1406,1,11353,1,0,11353,11353,1537,bf16_r,f32_r,f32_r,606603135
T,N,876,2167,1,25740,1,0,25740,25740,876,bf16_r,f32_r,f32_r,606623130
T,T,10676,5962,1,16968,1,0,16968,5962,10676,bf16_r,f32_r,f32_r,606619906
T,N,2961,1560,1,9645,1,0,9645,9645,2961,f16_r,f32_r,f32_r,606627731
T,N,4633,1978,1,8691,1,0,8691,8691,4633,bf16_r,f32_r,f32_r,606603151
N,N,1033,2383,1,20693,1,0,1033,20693,1033,f32_r,f32_r,f32_r,606605076
T,N,5972,2820,1,12065,1,0,12065,12065,5972,f16_r,f32_r,f32_r,606627731
T,N,2019,2603,1,8245,1,0,8245,8245,2019,f32_r,f32_r,f32_r,606618185
N,N,9674,3216,1,8960,1,0,9674,8960,9674,f16_r,f32_r,f32_r,606624251
N,T,2437,395,1,27802,1,0,2437,395,2437,f32_r,f32_r,f32_r,606624932
T,N,2401,7813,1,22386,1,0,22386,22386,2401,f16_r,f32_r,f32_r,606604812
T,N,689,7345,1,17245,1,0,17245,17245,689,f16_r,f32_r,f32_r,606627750
N,N,9201,1943,1,12077,1,0,9201,12077,9201,f16_r,f32_r,f32_r,606624254
T,N,217,1182,1,17634,1,0,17634,17634,217,f32_r,f32_r,f32_r,606618429
T,N,2375,1352,1,9235,1,0,9235,9235,2375,bf16_r,f32_r,f32_r,606603151
N,N,1465,1675,1,19048,1,0,1465,19048,1465,bf16_r,f32_r,f32_r,606629885
T,N,5036,1110,1,28685,1,0,28685,28685,5036,f16_r,f32_r,f32_r,606604841
T,N,414,474,1,12849,1,0,12849,12849,414,f32_r,f32_r,f32_r,606618165
N,N,11662,3233,1,8262,1,0,11662,8262,11662,bf16_r,f32_r,f32_r,606630000
T,N,3596,2594,1,15191,1,0,15191,15191,3596,bf16_r,f32_r,f32_r,606623188
T,N,5040,4579,1,9805,1,0,9805,9805,5040,f16_r,f32_r,f32_r,606627744
T,T,484,640,1,12527,1,0,12527,640,484,bf16_r,f32_r,f32_r,606619889
N,N,8479,4866,1,10131,1,0,8479,10131,8479,bf16_r,f32_r,f32_r,606629956
T,N,1169,4602,1,18087,1,0,18087,18087,1169,f16_r,f32_r,f32_r,606604841
N,N,320,6476,1,30601,1,0,320,30601,320,f32_r,f32_r,f32_r,606605138
T,N,130,637,1,27875,1,0,27875,27875,130,f16_r,f32_r,f32_r,606604756
N,N,12755,2086,1,13735,1,0,12755,13735,12755,bf16_r,f32_r,f32_r,606630004
N,T,4781,10850,1,10930,1,0,4781,10850,4781,bf16_r,f32_r,f32_r,606605621
T,T,129,1247,1,8974,1,0,8974,1247,129,bf16_r,f32_r,f32_r,606619889
N,N,1798,220,1,16090,1,0,1798,16090,1798,bf16_r,f32_r,f32_r,606605173
N,N,1963,614,1,11799,1,0,1963,11799,1963,bf16_r,f32_r,f32_r,606605249
T,T,23502,886,1,16322,1,0,16322,886,23502,bf16_r,f32_r,f32_r,606619906
T,T,12139,2442,1,15572,1,0,15572,2442,12139,bf16_r,f32_r,f32_r,606619906
N,N,11186,2324,1,10668,1,0,11186,10668,11186,f16_r,f32_r,f32_r,606624236
T,N,227,353,1,17249,1,0,17249,17249,227,f32_r,f32_r,f32_r,606618422
T,N,5249,2755,1,16877,1,0,16877,16877,5249,f16_r,f32_r,f32_r,606627731
T,N,3858,4536,1,25627,1,0,25627,25627,3858,f16_r,f32_r,f32_r,606604799
T,T,1162,2600,1,28469,1,0,28469,2600,1162,f32_r,f32_r,f32_r,606620822
N,N,9097,488,1,8428,1,0,9097,8428,9097,f32_r,f32_r,f32_r,606628030
N,N,3627,567,1,27164,1,0,3627,27164,3627,bf16_r,f32_r,f32_r,606629908
N,T,2056,1608,1,28706,1,0,2056,1608,2056,f16_r,f32_r,f32_r,606603019
N,N,187,8541,1,17018,1,0,187,17018,187,f32_r,f32_r,f32_r,606628030
N,T,872,5387,1,13418,1,0,872,5387,872,f16_r,f32_r,f32_r,606622942
N,T,1411,13309,1,8499,1,0,1411,13309,1411,bf16_r,f32_r,f32_r,606630886
N,T,612,593,1,10258,1,0,612,593,612,f16_r,f32_r,f32_r,606622752
T,T,2082,5449,1,15345,1,0,15345,5449,2082,bf16_r,f32_r,f32_r,606619906
T,N,3663,6842,1,21342,1,0,21342,21342,3663,bf16_r,f32_r,f32_r,606623130
T,N,3609,4210,1,16813,1,0,16813,16813,3609,f16_r,f32_r,f32_r,606604841
N,N,21161,804,1,19972,1,0,21161,19972,21161,f16_r,f32_r,f32_r,606603344
T,T,194,422,1,21875,1,0,21875,422,194,bf16_r,f32_r,f32_r,606619889
T,T,6150,2602,1,21668,1,0,21668,2602,6150,bf16_r,f32_r,f32_r,606619906
T,N,22639,131,1,20565,1,0,20565,20565,22639,bf16_r,f32_r,f32_r,606623189
T,N,3992,5726,1,8517,1,0,8517,8517,3992,f16_r,f32_r,f32_r,606627748
T,N,454,543,1,23778,1,0,23778,23778,454,f32_r,f32_r,f32_r,606602194
N,N,1305,1679,1,21736,1,0,1305,21736,1305,bf16_r,f32_r,f32_r,606629898
T,T,4299,303,1,8770,1,0,8770,303,4299,f32_r,f32_r,f32_r,606620778
T,N,1934,1291,1,16091,1,0,16091,16091,1934,f16_r,f32_r,f32_r,606604860
T,T,15302,1278,1,12269,1,0,12269,1278,15302,bf16_r,f32_r,f32_r,606619906
T,T,1330,4199,1,18626,1,0,18626,4199,1330,bf16_r,f32_r,f32_r,606619906
T,N,820,888,1,14015,1,0,14015,14015,820,f32_r,f32_r,f32_r,606618174
T,T,302,5581,1,10442,1,0,10442,5581,302,f32_r,f32_r,f32_r,606620805
T,T,1296,25350,1,11954,1,0,11954,25350,1296,bf16_r,f32_r,f32_r,606619906
T,N,7559,6127,1,23448,1,0,23448,23448,7559,f16_r,f32_r,f32_r,606627731
T,T,2535,9324,1,12462,1,0,12462,9324,2535,bf16_r,f32_r,f32_r,606619906
N,T,12977,707,1,21732,1,0,12977,707,12977,f16_r,f32_r,f32_r,606603110
N,N,1307,698,1,26082,1,0,1307,26082,1307,f32_r,f32_r,f32_r,606628015
N,N,2639,1819,1,8415,1,0,2639,8415,2639,f32_r,f32_r,f32_r,606628015
T,N,4979,527,1,28313,1,0,28313,28313,4979,bf16_r,f32_r,f32_r,606603135
N,N,1600,344,1,26541,1,0,1600,26541,1600,f16_r,f32_r,f32_r,606624199
T,N,5782,7388,1,22317,1,0,22317,22317,5782,f16_r,f32_r,f32_r,606604860
N,T,23839,397,1,32182,1,0,23839,397,23839,bf16_r,f32_r,f32_r,606630863
N,N,285,8102,1,10256,1,0,285,10256,285,f32_r,f32_r,f32_r,606604987
T,N,9241,5126,1,28652,1,0,28652,28652,9241,bf16_r,f32_r,f32_r,606603171
N,N,1980,5927,1,19963,1,0,1980,19963,1980,bf16_r,f32_r,f32_r,606605352
T,N,13292,3607,1,26777,1,0,26777,26777,13292,bf16_r,f32_r,f32_r,606603171
T,T,3682,3065,1,14639,1,0,14639,3065,3682,bf16_r,f32_r,f32_r,606619906
T,N,1504,654,1,18443,1,0,18443,18443,1504,f32_r,f32_r,f32_r,606602197
N,N,23713,315,1,9437,1,0,23713,9437,23713,bf16_r,f32_r,f32_r,606605253
N,N,7395,2714,1,8442,1,0,7395,8442,7395,f16_r,f32_r,f32_r,606624148
T,N,2664,449,1,14858,1,0,14858,14858,2664,f32_r,f32_r,f32_r,606618429
N,N,1543,234,1,8800,1,0,1543,8800,1543,f32_r,f32_r,f32_r,606627998
N,N,398,5044,1,12293,1,0,398,12293,398,f32_r,f32_r,f32_r,606605138
T,T,191,4463,1,15981,1,0,15981,4463,191,bf16_r,f32_r,f32_r,606619893
N,N,8060,2714,1,19865,1,0,8060,19865,8060,bf16_r,f32_r,f32_r,606605285
N,N,1243,796,1,20651,1,0,1243,20651,1243,f32_r,f32_r,f32_r,606628015
N,N,6461,180,1,8637,1,0,6461,8637,6461,bf16_r,f32_r,f32_r,606605254
N,N,1555,3804,1,20246,1,0,1555,20246,1555,bf16_r,f32_r,f32_r,606629898
N,T,616,690,1,8465,1,0,616,690,616,f32_r,f32_r,f32_r,606604005
N,T,1395,329,1,14079,1,0,1395,329,1395,f32_r,f32_r,f32_r,606624910
N,N,358,13530,1,11759,1,0,358,11759,358,f16_r,f32_r,f32_r,606603404
N,T,298,2330,1,15861,1,0,298,2330,298,f16_r,f32_r,f32_r,606622754
N,T,1481,1082,1,10246,1,0,1481,1082,1481,f16_r,f32_r,f32_r,606622964
N,T,5112,2380,1,11376,1,0,5112,2380,5112,f16_r,f32_r,f32_r,606622802
T,T,3554,6662,1,8367,1,0,8367,6662,3554,bf16_r,f32_r,f32_r,606619906
N,N,2057,1914,1,25335,1,0,2057,25335,2057,f16_r,f32_r,f32_r,606603404
T,T,1726,12945,1,14232,1,0,14232,12945,1726,bf16_r,f32_r,f32_r,606619906
N,N,1432,4850,1,22471,1,0,1432,22471,1432,bf16_r,f32_r,f32_r,606605285
T,T,20546,577,1,10205,1,0,10205,577,20546,f32_r,f32_r,f32_r,606620767
N,T,436,3541,1,8848,1,0,436,3541,436,f16_r,f32_r,f32_r,606602924
N,T,1662,2624,1,9148,1,0,1662,2624,1662,bf16_r,f32_r,f32_r,606630844
N,T,812,21160,1,20860,1,0,812,21160,812,bf16_r,f32_r,f32_r,606630900
T,T,848,31693,1,14019,1,0,14019,31693,848,bf16_r,f32_r,f32_r,606619906
N,N,1067,1357,1,12164,1,0,1067,12164,1067,f16_r,f32_r,f32_r,606603414
T,T,9850,769,1,25829,1,0,25829,769,9850,bf16_r,f32_r,f32_r,606619897
N,N,9441,617,1,8668,1,0,9441,8668,9441,f16_r,f32_r,f32_r,606624175
T,T,25877,497,1,13039,1,0,13039,497,25877,bf16_r,f32_r,f32_r,606619906
N,T,3428,2396,1,8277,1,0,3428,2396,3428,f16_r,f32_r,f32_r,606622944
N,T,930,3836,1,16218,1,0,930,3836,930,bf16_r,f32_r,f32_r,606630827
T,N,918,10424,1,8242,1,0,8242,8242,918,f32_r,f32_r,f32_r,606618426
N,T,1592,169,1,10135,1,0,1592,169,1592,f16_r,f32_r,f32_r,606602997
T,N,1680,611,1,19229,1,0,19229,19229,1680,f16_r,f32_r,f32_r,606604842
N,T,743,1550,1,8395,1,0,743,1550,743,f32_r,f32_r,f32_r,606624696
N,N,2477,1185,1,30191,1,0,2477,30191,2477,f32_r,f32_r,f32_r,606605106
N,N,3092,3352,1,14107,1,0,3092,14107,3092,f16_r,f32_r,f32_r,606624176
N,N,2836,2352,1,16465,1,0,2836,16465,2836,f16_r,f32_r,f32_r,606603341
N,T,1476,248,1,26453,1,0,1476,248,1476,f32_r,f32_r,f32_r,606603830
T,T,4534,174,1,14313,1,0,14313,174,4534,bf16_r,f32_r,f32_r,606619893
N,T,2516,2617,1,19631,1,0,2516,2617,2516,f16_r,f32_r,f32_r,606622942
T,N,913,1331,1,8689,1,0,8689,8689,913,f32_r,f32_r,f32_r,606618429
N,N,1040,17938,1,13943,1,0,1040,13943,1040,bf16_r,f32_r,f32_r,606605167
N,N,2476,2000,1,9015,1,0,2476,9015,2476,bf16_r,f32_r,f32_r,606605351
N,N,755,267,1,23565,1,0,755,23565,755,f32_r,f32_r,f32_r,606605102
N,N,651,1387,1,14013,1,0,651,14013,651,f32_r,f32_r,f32_r,606605122
N,T,3720,444,1,23695,1,0,3720,444,3720,f16_r,f32_r,f32_r,606622894
N,N,327,30027,1,18900,1,0,327,18900,327,bf16_r,f32_r,f32_r,606629906
N,N,1382,739,1,10850,1,0,1382,10850,1382,f32_r,f32_r,f32_r,606628015
N,T,383,28746,1,26228,1,0,383,28746,383,bf16_r,f32_r,f32_r,606605582
N,T,1075,196,1,15430,1,0,1075,196,1075,f32_r,f32_r,f32_r,606624882
N,N,405,2847,1,15802,1,0,405,15802,405,f32_r,f32_r,f32_r,606627860
T,N,3144,4908,1,12932,1,0,12932,12932,3144,f16_r,f32_r,f32_r,606627706
T,N,776,621,1,19724,1,0,19724,19724,776,bf16_r,f32_r,f32_r,606623166
N,N,1152,3854,1,17418,1,0,1152,17418,1152,f32_r,f32_r,f32_r,606605102
N,T,2353,333,1,29716,1,0,2353,333,2353,bf16_r,f32_r,f32_r,606605573
N,N,1900,13633,1,13128,1,0,1900,13128,1900,f16_r,f32_r,f32_r,606624216
N,T,128,1882,1,12066,1,0,128,1882,128,f32_r,f32_r,f32_r,606603976
T,N,200,11574,1,17559,1,0,17559,17559,200,f32_r,f32_r,f32_r,606618392
T,T,3309,7063,1,10421,1,0,10421,7063,3309,bf16_r,f32_r,f32_r,606619906
T,N,2006,790,1,16882,1,0,16882,16882,2006,f32_r,f32_r,f32_r,606602191
T,T,7060,1338,1,9828,1,0,9828,1338,7060,bf16_r,f32_r,f32_r,606619905
N,N,1103,4073,1,8437,1,0,1103,8437,1103,bf16_r,f32_r,f32_r,606629907
N,N,2768,1280,1,15628,1,0,2768,15628,2768,bf16_r,f32_r,f32_r,606605290
N,N,7903,4662,1,28859,1,0,7903,28859,7903,f16_r,f32_r,f32_r,606603422
N,N,1161,4840,1,10909,1,0,1161,10909,1161,bf16_r,f32_r,f32_r,606629956
N,T,1176,6483,1,8292,1,0,1176,6483,1176,f16_r,f32_r,f32_r,606602933
N,N,916,4483,1,12551,1,0,916,12551,916,f16_r,f32_r,f32_r,606603417
T,N,2139,344,1,20412,1,0,20412,20412,2139,f16_r,f32_r,f32_r,606604799
T,N,2286,512,1,25219,1,0,25219,25219,2286,f32_r,f32_r,f32_r,606602007
T,T,409,1367,1,25805,1,0,25805,1367,409,bf16_r,f32_r,f32_r,606619889
N,N,6725,8381,1,11137,1,0,6725,11137,6725,f16_r,f32_r,f32_r,606624253
N,N,1467,6752,1,27820,1,0,1467,27820,1467,f16_r,f32_r,f32_r,606603421
N,T,2159,6118,1,12633,1,0,2159,6118,2159,f16_r,f32_r,f32_r,606603100
N,T,722,136,1,17283,1,0,722,136,722,f32_r,f32_r,f32_r,606624905
T,T,12067,5158,1,9594,1,0,9594,5158,12067,f16_r,f32_r,f32_r,606629610
T,T,656,738,1,30672,1,0,30672,738,656,bf16_r,f32_r,f32_r,606619889
T,N,802,16920,1,8859,1,0,8859,8859,802,bf16_r,f32_r,f32_r,606603208
N,N,4053,8007,1,14359,1,0,4053,14359,4053,f16_r,f32_r,f32_r,606624253
T,T,7096,7469,1,13033,1,0,13033,7469,7096,f16_r,f32_r,f32_r,606629610
T,T,9185,5812,1,10539,1,0,10539,5812,9185,f16_r,f32_r,f32_r,606629608
N,N,687,7636,1,19918,1,0,687,19918,687,bf16_r,f32_r,f32_r,606605345
N,N,4267,12219,1,25685,1,0,4267,25685,4267,f16_r,f32_r,f32_r,606624253
N,N,2182,735,1,15132,1,0,2182,15132,2182,f16_r,f32_r,f32_r,606603383
N,N,4607,9131,1,9495,1,0,4607,9495,4607,bf16_r,f32_r,f32_r,606605354
T,T,5138,10459,1,12405,1,0,12405,10459,5138,f16_r,f32_r,f32_r,606629605
N,N,3995,20237,1,13768,1,0,3995,13768,3995,bf16_r,f32_r,f32_r,606605344
T,T,23689,7975,1,8735,1,0,8735,7975,23689,f16_r,f32_r,f32_r,606629608
T,N,264,4320,1,10998,1,0,10998,10998,264,bf16_r,f32_r,f32_r,606623127
N,N,8043,4624,1,17176,1,0,8043,17176,8043,bf16_r,f32_r,f32_r,606605344
N,N,4273,2603,1,10922,1,0,4273,10922,4273,f16_r,f32_r,f32_r,606624253
N,N,1748,4406,1,11716,1,0,1748,11716,1748,bf16_r,f32_r,f32_r,606629906
T,T,15611,13249,1,9761,1,0,9761,13249,15611,f16_r,f32_r,f32_r,606629610
N,T,25443,305,1,22671,1,0,25443,305,25443,bf16_r,f32_r,f32_r,606630838
N,N,5535,202,1,11871,1,0,5535,11871,5535,bf16_r,f32_r,f32_r,606629907
N,N,738,3104,1,8948,1,0,738,8948,738,f32_r,f32_r,f32_r,606628013
T,T,1432,9156,1,13333,1,0,13333,9156,1432,bf16_r,f32_r,f32_r,606619901
N,N,2949,12123,1,13604,1,0,2949,13604,2949,bf16_r,f32_r,f32_r,606630004
N,N,19393,2975,1,27643,1,0,19393,27643,19393,f16_r,f32_r,f32_r,606603423
N,N,3401,13120,1,21017,1,0,3401,21017,3401,f16_r,f32_r,f32_r,606603420
T,T,9399,1653,1,8400,1,0,8400,1653,9399,bf16_r,f32_r,f32_r,606619905
N,N,4853,7483,1,24963,1,0,4853,24963,4853,f16_r,f32_r,f32_r,606624253
N,T,11324,703,1,23611,1,0,11324,703,11324,f16_r,f32_r,f32_r,606603125
N,N,5535,5152,1,19328,1,0,5535,19328,5535,bf16_r,f32_r,f32_r,606630008
T,N,2488,2273,1,13432,1,0,13432,13432,2488,f16_r,f32_r,f32_r,606604788
N,N,5877,4956,1,13941,1,0,5877,13941,5877,bf16_r,f32_r,f32_r,606605301
N,T,807,3013,1,20172,1,0,807,3013,807,bf16_r,f32_r,f32_r,606630830
T,T,6753,11161,1,13620,1,0,13620,11161,6753,f16_r,f32_r,f32_r,606629598
N,N,7593,15817,1,13900,1,0,7593,13900,7593,f16_r,f32_r,f32_r,606603423
N,T,1380,1380,1,28388,1,0,1380,1380,1380,bf16_r,f32_r,f32_r,606630805
T,N,3887,313,1,9441,1,0,9441,9441,3887,f16_r,f32_r,f32_r,606604799
T,T,4073,5598,1,13160,1,0,13160,5598,4073,f32_r,f32_r,f32_r,606620760
N,N,161,8511,1,24314,1,0,161,24314,161,f16_r,f32_r,f32_r,606624232
N,N,29831,972,1,30612,1,0,29831,30612,29831,bf16_r,f32_r,f32_r,606630000
T,N,9340,11516,1,8889,1,0,8889,8889,9340,bf16_r,f32_r,f32_r,606623151
T,N,157,713,1,29813,1,0,29813,29813,157,bf16_r,f32_r,f32_r,606603140
T,T,8281,6303,1,13485,1,0,13485,6303,8281,f32_r,f32_r,f32_r,606620821
N,T,10813,1918,1,10652,1,0,10813,1918,10813,f16_r,f32_r,f32_r,606622992
N,T,14527,271,1,9906,1,0,14527,271,14527,bf16_r,f32_r,f32_r,606630812
N,N,8746,5092,1,21418,1,0,8746,21418,8746,bf16_r,f32_r,f32_r,606629999
T,N,8797,10481,1,14020,1,0,14020,14020,8797,bf16_r,f32_r,f32_r,606623151
N,N,18626,244,1,30457,1,0,18626,30457,18626,bf16_r,f32_r,f32_r,606605346
T,N,4000,1749,1,11757,1,0,11757,11757,4000,f32_r,f32_r,f32_r,606601867
N,N,10773,9389,1,11872,1,0,10773,11872,10773,bf16_r,f32_r,f32_r,606630000
T,N,202,2994,1,15817,1,0,15817,15817,202,f16_r,f32_r,f32_r,606627731
N,N,1027,9124,1,16135,1,0,1027,16135,1027,f16_r,f32_r,f32_r,606624253
N,N,19104,1769,1,19793,1,0,19104,19793,19104,f16_r,f32_r,f32_r,606624152
N,N,7094,20283,1,8845,1,0,7094,8845,7094,f16_r,f32_r,f32_r,606624254
T,T,29565,5165,1,12462,1,0,12462,5165,29565,f16_r,f32_r,f32_r,606629601
N,N,10418,17196,1,10936,1,0,10418,10936,10418,f16_r,f32_r,f32_r,606624251
T,T,9444,5975,1,13084,1,0,13084,5975,9444,f32_r,f32_r,f32_r,606620757
T,T,19798,478,1,13323,1,0,13323,478,19798,f32_r,f32_r,f32_r,606620762
T,N,21618,6300,1,10163,1,0,10163,10163,21618,bf16_r,f32_r,f32_r,606623151
N,N,28242,2627,1,16661,1,0,28242,16661,28242,f16_r,f32_r,f32_r,606624251
N,T,3249,2979,1,8401,1,0,3249,2979,3249,bf16_r,f32_r,f32_r,606630900
N,T,1483,1569,1,13875,1,0,1483,1569,1483,f32_r,f32_r,f32_r,606603947
T,T,5304,6354,1,18892,1,0,18892,6354,5304,f32_r,f32_r,f32_r,606620821
T,N,398,1496,1,31866,1,0,31866,31866,398,f32_r,f32_r,f32_r,606618168
N,T,9656,1516,1,31304,1,0,9656,1516,9656,bf16_r,f32_r,f32_r,606605598
T,T,301,6550,1,19686,1,0,19686,6550,301,bf16_r,f32_r,f32_r,606619899
T,T,3329,12273,1,13145,1,0,13145,12273,3329,f32_r,f32_r,f32_r,606620800
N,N,11417,11202,1,13477,1,0,11417,13477,11417,f16_r,f32_r,f32_r,606603423
T,T,5474,1650,1,10509,1,0,10509,1650,5474,bf16_r,f32_r,f32_r,606619905
N,N,31977,6565,1,10068,1,0,31977,10068,31977,f16_r,f32_r,f32_r,606624252
T,N,2464,8845,1,14922,1,0,14922,14922,2464,f16_r,f32_r,f32_r,606627683
T,T,347,25162,1,21092,1,0,21092,25162,347,bf16_r,f32_r,f32_r,606619893
N,N,3175,4198,1,20191,1,0,3175,20191,3175,bf16_r,f32_r,f32_r,606605253
T,T,259,8255,1,13243,1,0,13243,8255,259,bf16_r,f32_r,f32_r,606619915
N,T,9831,846,1,9412,1,0,9831,846,9831,f32_r,f32_r,f32_r,606604005
T,N,18847,9256,1,11699,1,0,11699,11699,18847,bf16_r,f32_r,f32_r,606623151
N,T,10898,4088,1,15228,1,0,10898,4088,10898,f16_r,f32_r,f32_r,606622948
N,T,28963,760,1,26612,1,0,28963,760,28963,bf16_r,f32_r,f32_r,606630827
T,T,5173,7568,1,19569,1,0,19569,7568,5173,f32_r,f32_r,f32_r,606620821
N,T,820,17133,1,11084,1,0,820,17133,820,bf16_r,f32_r,f32_r,606605589
N,N,9193,23092,1,11602,1,0,9193,11602,9193,f16_r,f32_r,f32_r,606603420
N,N,2344,846,1,8860,1,0,2344,8860,2344,bf16_r,f32_r,f32_r,606629832
N,T,18040,207,1,9071,1,0,18040,207,18040,f32_r,f32_r,f32_r,606624791
T,T,9410,6431,1,12698,1,0,12698,6431,9410,f32_r,f32_r,f32_r,606620798
T,T,10491,2888,1,9476,1,0,9476,2888,10491,f32_r,f32_r,f32_r,606620784
T,T,226,10552,1,18561,1,0,18561,10552,226,bf16_r,f32_r,f32_r,606619896
N,T,2274,4946,1,10730,1,0,2274,4946,2274,f32_r,f32_r,f32_r,606624691
T,N,15065,3155,1,11514,1,0,11514,11514,15065,f16_r,f32_r,f32_r,606627750
N,N,7268,229,1,10942,1,0,7268,10942,7268,f16_r,f32_r,f32_r,606624137
T,N,2471,25550,1,8626,1,0,8626,8626,2471,bf16_r,f32_r,f32_r,606603135
N,N,16654,9090,1,12037,1,0,16654,12037,16654,f16_r,f32_r,f32_r,606603422
T,N,734,8137,1,9130,1,0,9130,9130,734,f16_r,f32_r,f32_r,606604860
T,N,14979,14835,1,9581,1,0,9581,9581,14979,bf16_r,f32_r,f32_r,606603171
T,N,11581,6397,1,16564,1,0,16564,16564,11581,bf16_r,f32_r,f32_r,606603171
N,T,16038,3098,1,16675,1,0,16038,3098,16038,bf16_r,f32_r,f32_r,606605601
T,N,5582,6425,1,10222,1,0,10222,10222,5582,bf16_r,f32_r,f32_r,606603208
N,T,23895,3264,1,9825,1,0,23895,3264,23895,bf16_r,f32_r,f32_r,606605627
T,T,3752,6789,1,10521,1,0,10521,6789,3752,f32_r,f32_r,f32_r,606620821
N,N,742,2919,1,14799,1,0,742,14799,742,f16_r,f32_r,f32_r,606603406
T,N,4423,14106,1,8278,1,0,8278,8278,4423,f16_r,f32_r,f32_r,606604812
T,T,13293,1485,1,9235,1,0,9235,1485,13293,f32_r,f32_r,f32_r,606620762
T,N,11483,10459,1,13033,1,0,13033,13033,11483,bf16_r,f32_r,f32_r,606603171
N,T,4116,7452,1,9606,1,0,4116,7452,4116,bf16_r,f32_r,f32_r,606630814
N,N,10938,20461,1,9352,1,0,10938,9352,10938,f16_r,f32_r,f32_r,606603419
T,T,2209,743,1,28749,1,0,28749,743,2209,f32_r,f32_r,f32_r,606620787
T,T,2133,5151,1,12738,1,0,12738,5151,2133,f32_r,f32_r,f32_r,606620801
N,T,351,19247,1,9257,1,0,351,19247,351,f32_r,f32_r,f32_r,606603949
T,N,3483,1070,1,11962,1,0,11962,11962,3483,f32_r,f32_r,f32_r,606601869
N,T,14076,444,1,11266,1,0,14076,444,14076,bf16_r,f32_r,f32_r,606630842
T,N,10597,4581,1,12182,1,0,12182,12182,10597,f16_r,f32_r,f32_r,606604860
T,T,1360,2508,1,32332,1,0,32332,2508,1360,bf16_r,f32_r,f32_r,606619891
T,T,4213,9694,1,9403,1,0,9403,9694,4213,f32_r,f32_r,f32_r,606620821
T,T,26415,243,1,15439,1,0,15439,243,26415,f32_r,f32_r,f32_r,606620757
T,N,18267,5771,1,11045,1,0,11045,11045,18267,f16_r,f32_r,f32_r,606627750
N,N,1499,13986,1,8926,1,0,1499,8926,1499,f16_r,f32_r,f32_r,606624254
N,T,1228,1970,1,20932,1,0,1228,1970,1228,f16_r,f32_r,f32_r,606602937
N,N,12766,14898,1,10476,1,0,12766,10476,12766,f16_r,f32_r,f32_r,606624253
N,N,4798,22177,1,22328,1,0,4798,22328,4798,f16_r,f32_r,f32_r,606624254
T,N,3791,18376,1,19127,1,0,19127,19127,3791,f16_r,f32_r,f32_r,606604812
N,N,2298,16269,1,10581,1,0,2298,10581,2298,f16_r,f32_r,f32_r,606603422
N,T,3779,4676,1,25973,1,0,3779,4676,3779,f16_r,f32_r,f32_r,606603082
N,T,448,15036,1,17375,1,0,448,15036,448,f32_r,f32_r,f32_r,606604039
T,N,7389,5642,1,12463,1,0,12463,12463,7389,f16_r,f32_r,f32_r,606604860
T,T,1640,563,1,30187,1,0,30187,563,1640,f32_r,f32_r,f32_r,606620821
N,T,1073,913,1,15997,1,0,1073,913,1073,f32_r,f32_r,f32_r,606624932
N,T,5469,825,1,8382,1,0,5469,825,5469,f32_r,f32_r,f32_r,606604037
T,N,5575,29767,1,10349,1,0,10349,10349,5575,bf16_r,f32_r,f32_r,606623188
N,T,2568,830,1,12420,1,0,2568,830,2568,f32_r,f32_r,f32_r,606624834
T,N,17689,1998,1,11502,1,0,11502,11502,17689,f16_r,f32_r,f32_r,606604860
N,T,9205,1104,1,10179,1,0,9205,1104,9205,f32_r,f32_r,f32_r,606604010
T,T,1487,2648,1,27454,1,0,27454,2648,1487,bf16_r,f32_r,f32_r,606619892
T,N,771,273,1,9019,1,0,9019,9019,771,bf16_r,f32_r,f32_r,606603215
N,T,2159,3063,1,14038,1,0,2159,3063,2159,f32_r,f32_r,f32_r,606634098
T,T,131,3121,1,8770,1,0,8770,3121,131,f32_r,f32_r,f32_r,606620752
N,N,183,1498,1,23114,1,0,183,23114,183,f16_r,f32_r,f32_r,606624098
N,N,643,22734,1,9504,1,0,643,9504,643,f16_r,f32_r,f32_r,606624149
T,T,207,12054,1,11944,1,0,11944,12054,207,bf16_r,f32_r,f32_r,606619890
N,T,983,16894,1,8690,1,0,983,16894,983,bf16_r,f32_r,f32_r,606605591
T,T,8935,19208,1,13812,1,0,13812,19208,8935,f16_r,f32_r,f32_r,606629608
T,N,2238,20419,1,25718,1,0,25718,25718,2238,bf16_r,f32_r,f32_r,606603151
T,T,554,6013,1,27686,1,0,27686,6013,554,bf16_r,f32_r,f32_r,606619893
T,N,7706,9084,1,15926,1,0,15926,15926,7706,f16_r,f32_r,f32_r,606604860
T,T,15944,5751,1,11356,1,0,11356,5751,15944,f16_r,f32_r,f32_r,606629610
T,T,10953,11542,1,8575,1,0,8575,11542,10953,f16_r,f32_r,f32_r,606629610
T,T,3503,22351,1,16684,1,0,16684,22351,3503,f16_r,f32_r,f32_r,606629601
N,T,350,3585,1,10362,1,0,350,3585,350,f32_r,f32_r,f32_r,606608170
N,N,10237,1082,1,16402,1,0,10237,16402,10237,f16_r,f32_r,f32_r,606603422
N,N,22025,995,1,8902,1,0,22025,8902,22025,f16_r,f32_r,f32_r,606624254
N,N,17666,3704,1,22714,1,0,17666,22714,17666,f16_r,f32_r,f32_r,606624175
T,N,4324,22029,1,8690,1,0,8690,8690,4324,bf16_r,f32_r,f32_r,606623188
T,N,7399,7206,1,11832,1,0,11832,11832,7399,bf16_r,f32_r,f32_r,606623114
N,T,1620,1700,1,12470,1,0,1620,1700,1620,f32_r,f32_r,f32_r,606624683
T,T,262,15568,1,12285,1,0,12285,15568,262,f32_r,f32_r,f32_r,606620805
T,T,2456,19995,1,15456,1,0,15456,19995,2456,f32_r,f32_r,f32_r,606620792
T,N,30398,812,1,9507,1,0,9507,9507,30398,bf16_r,f32_r,f32_r,606603171
T,T,1683,446,1,9523,1,0,9523,446,1683,f32_r,f32_r,f32_r,606620811
N,T,3461,6197,1,29060,1,0,3461,6197,3461,f16_r,f32_r,f32_r,606622968
T,T,1927,5986,1,11255,1,0,11255,5986,1927,f32_r,f32_r,f32_r,606620821
T,N,10202,1695,1,10579,1,0,10579,10579,10202,f16_r,f32_r,f32_r,606627750
T,N,26870,1653,1,30683,1,0,30683,30683,26870,f16_r,f32_r,f32_r,606604860
N,N,2274,6297,1,12051,1,0,2274,12051,2274,f16_r,f32_r,f32_r,606624175
T,N,1511,448,1,19420,1,0,19420,19420,1511,f32_r,f32_r,f32_r,606602168
T,T,339,30432,1,8646,1,0,8646,30432,339,f32_r,f32_r,f32_r,606620811
T,T,2301,24514,1,9949,1,0,9949,24514,2301,f32_r,f32_r,f32_r,606620757
T,N,457,1237,1,30198,1,0,30198,30198,457,f16_r,f32_r,f32_r,606604769
T,N,11149,3396,1,14167,1,0,14167,14167,11149,f16_r,f32_r,f32_r,606604812
T,N,24838,245,1,10039,1,0,10039,10039,24838,f16_r,f32_r,f32_r,606604799
T,N,254,23146,1,13513,1,0,13513,13513,254,f16_r,f32_r,f32_r,606627750
T,N,12287,2312,1,9778,1,0,9778,9778,12287,bf16_r,f32_r,f32_r,606623188
N,N,708,12944,1,24023,1,0,708,24023,708,f16_r,f32_r,f32_r,606603323
T,T,697,24670,1,14129,1,0,14129,24670,697,f16_r,f32_r,f32_r,606629606
T,N,467,1556,1,26356,1,0,26356,26356,467,f32_r,f32_r,f32_r,606618168
T,T,19635,5246,1,20974,1,0,20974,5246,19635,f16_r,f32_r,f32_r,606629601
T,N,17551,2691,1,11106,1,0,11106,11106,17551,bf16_r,f32_r,f32_r,606603171
T,N,155,21300,1,12222,1,0,12222,12222,155,f16_r,f32_r,f32_r,606627731
T,T,1741,2437,1,14046,1,0,14046,2437,1741,f32_r,f32_r,f32_r,606620794
T,N,28835,3776,1,16841,1,0,16841,16841,28835,bf16_r,f32_r,f32_r,606603171
T,N,19469,1333,1,10491,1,0,10491,10491,19469,f16_r,f32_r,f32_r,606604860
N,T,6897,5078,1,14871,1,0,6897,5078,6897,f16_r,f32_r,f32_r,606603110
T,T,5270,2721,1,9391,1,0,9391,2721,5270,f32_r,f32_r,f32_r,606620797
T,T,1295,23424,1,9550,1,0,9550,23424,1295,f16_r,f32_r,f32_r,606629597
T,N,22709,236,1,9873,1,0,9873,9873,22709,bf16_r,f32_r,f32_r,606603135
T,N,508,966,1,13889,1,0,13889,13889,508,f16_r,f32_r,f32_r,606627658
N,N,2503,3260,1,22705,1,0,2503,22705,2503,bf16_r,f32_r,f32_r,606629885
N,T,246,1333,1,21447,1,0,246,1333,246,bf16_r,f32_r,f32_r,606630690
N,N,2654,2506,1,21291,1,0,2654,21291,2654,bf16_r,f32_r,f32_r,606629906
N,T,1008,1941,1,11164,1,0,1008,1941,1008,bf16_r,f32_r,f32_r,606630698
T,N,3825,25945,1,12942,1,0,12942,12942,3825,bf16_r,f32_r,f32_r,606623114
T,T,1721,2336,1,22452,1,0,22452,2336,1721,f32_r,f32_r,f32_r,606620789
N,T,26439,912,1,13202,1,0,26439,912,26439,f16_r,f32_r,f32_r,606622983
T,T,788,7225,1,9035,1,0,9035,7225,788,f32_r,f32_r,f32_r,606620771
T,T,1407,1927,1,11446,1,0,11446,1927,1407,f32_r,f32_r,f32_r,606620804
T,T,494,225,1,14308,1,0,14308,225,494,f32_r,f32_r,f32_r,606620786
N,T,345,414,1,23858,1,0,345,414,345,f32_r,f32_r,f32_r,606603856
N,T,281,2313,1,27594,1,0,281,2313,281,f16_r,f32_r,f32_r,606622874
T,T,1199,144,1,15032,1,0,15032,144,1199,f32_r,f32_r,f32_r,606620804
T,N,211,8886,1,8690,1,0,8690,8690,211,bf16_r,f32_r,f32_r,606603171
T,T,7483,627,1,10697,1,0,10697,627,7483,bf16_r,f32_r,f32_r,606619911
N,N,135,736,1,13499,1,0,135,13499,135,bf16_r,f32_r,f32_r,606605256
N,T,520,421,1,29291,1,0,520,421,520,bf16_r,f32_r,f32_r,606605471
T,N,5147,20655,1,9019,1,0,9019,9019,5147,f16_r,f32_r,f32_r,606627750
T,T,447,2297,1,26673,1,0,26673,2297,447,f32_r,f32_r,f32_r,606620821
N,N,281,535,1,30218,1,0,281,30218,281,bf16_r,f32_r,f32_r,606629823
T,T,828,10336,1,14664,1,0,14664,10336,828,bf16_r,f32_r,f32_r,606619910
N,T,1704,25816,1,9768,1,0,1704,25816,1704,f16_r,f32_r,f32_r,606603020
T,T,454,2464,1,12487,1,0,12487,2464,454,f32_r,f32_r,f32_r,606620789
T,N,596,635,1,25198,1,0,25198,25198,596,bf16_r,f32_r,f32_r,606623122
N,N,155,901,1,18358,1,0,155,18358,155,bf16_r,f32_r,f32_r,606605173
T,N,22868,3394,1,13245,1,0,13245,13245,22868,bf16_r,f32_r,f32_r,606603171
T,N,12142,169,1,16836,1,0,16836,16836,12142,f16_r,f32_r,f32_r,606604841
N,T,903,409,1,30739,1,0,903,409,903,bf16_r,f32_r,f32_r,606605443
T,N,5570,7920,1,15480,1,0,15480,15480,5570,f16_r,f32_r,f32_r,606604799
N,N,215,501,1,16112,1,0,215,16112,215,bf16_r,f32_r,f32_r,606629909
T,T,2802,9047,1,8950,1,0,8950,9047,2802,f32_r,f32_r,f32_r,606620768
T,T,204,18049,1,18354,1,0,18354,18049,204,bf16_r,f32_r,f32_r,606619917
T,T,8343,298,1,14135,1,0,14135,298,8343,f32_r,f32_r,f32_r,606620787
T,N,1411,15062,1,12962,1,0,12962,12962,1411,f16_r,f32_r,f32_r,606627731
T,N,12903,6555,1,20610,1,0,20610,20610,12903,bf16_r,f32_r,f32_r,606623151
T,T,4772,2229,1,13604,1,0,13604,2229,4772,f32_r,f32_r,f32_r,606620786
N,N,646,2903,1,13138,1,0,646,13138,646,f16_r,f32_r,f32_r,606603406
T,N,1463,31750,1,19204,1,0,19204,19204,1463,f16_r,f32_r,f32_r,606627688
T,N,8007,6343,1,11902,1,0,11902,11902,8007,bf16_r,f32_r,f32_r,606603171
T,T,5896,2200,1,22483,1,0,22483,2200,5896,f32_r,f32_r,f32_r,606620787
N,T,374,2627,1,26299,1,0,374,2627,374,f16_r,f32_r,f32_r,606603058
N,N,411,677,1,8594,1,0,411,8594,411,f16_r,f32_r,f32_r,606603382
N,N,8130,7775,1,12082,1,0,8130,12082,8130,f16_r,f32_r,f32_r,606624251
T,N,351,12950,1,15551,1,0,15551,15551,351,bf16_r,f32_r,f32_r,606623114
N,N,30094,2082,1,32505,1,0,30094,32505,30094,f16_r,f32_r,f32_r,606603344
N,N,6253,4476,1,24070,1,0,6253,24070,6253,f16_r,f32_r,f32_r,606603410
N,N,1525,130,1,23178,1,0,1525,23178,1525,bf16_r,f32_r,f32_r,606605173
T,N,18652,8614,1,11024,1,0,11024,11024,18652,f16_r,f32_r,f32_r,606604841
N,T,1475,22628,1,15337,1,0,1475,22628,1475,bf16_r,f32_r,f32_r,606630850
T,N,7250,10571,1,20917,1,0,20917,20917,7250,bf16_r,f32_r,f32_r,606603171
T,N,3468,5059,1,8300,1,0,8300,8300,3468,bf16_r,f32_r,f32_r,606603151
T,N,2366,167,1,28241,1,0,28241,28241,2366,bf16_r,f32_r,f32_r,606603143
T,T,3250,19497,1,14863,1,0,14863,19497,3250,f16_r,f32_r,f32_r,606629601
T,T,6771,714,1,13265,1,0,13265,714,6771,f32_r,f32_r,f32_r,606620782
N,N,3964,233,1,15620,1,0,3964,15620,3964,bf16_r,f32_r,f32_r,606629843
T,T,7945,18850,1,12158,1,0,12158,18850,7945,f16_r,f32_r,f32_r,606629608
T,T,810,30291,1,11458,1,0,11458,30291,810,f32_r,f32_r,f32_r,606620788
N,N,8420,3469,1,10917,1,0,8420,10917,8420,bf16_r,f32_r,f32_r,606605285
T,N,28202,181,1,10212,1,0,10212,10212,28202,bf16_r,f32_r,f32_r,606603171
N,T,21754,1373,1,9829,1,0,21754,1373,21754,bf16_r,f32_r,f32_r,606605563
T,T,17372,184,1,16976,1,0,16976,184,17372,bf16_r,f32_r,f32_r,606619898
N,T,25741,900,1,10377,1,0,25741,900,25741,f16_r,f32_r,f32_r,606622954
T,N,1316,564,1,10811,1,0,10811,10811,1316,f16_r,f32_r,f32_r,606627701
T,N,14628,651,1,11258,1,0,11258,11258,14628,f16_r,f32_r,f32_r,606627731
N,T,18907,1865,1,20189,1,0,18907,1865,18907,f16_r,f32_r,f32_r,606603095
T,N,1664,375,1,10206,1,0,10206,10206,1664,f16_r,f32_r,f32_r,606627651
T,N,6727,3097,1,11344,1,0,11344,11344,6727,f16_r,f32_r,f32_r,606627731
T,T,924,921,1,22038,1,0,22038,921,924,f32_r,f32_r,f32_r,606620821
T,N,14023,1088,1,9944,1,0,9944,9944,14023,bf16_r,f32_r,f32_r,606623114
T,T,2656,1472,1,24379,1,0,24379,1472,2656,bf16_r,f32_r,f32_r,606619890
N,T,467,1101,1,22711,1,0,467,1101,467,bf16_r,f32_r,f32_r,606605443
T,N,2426,17029,1,10833,1,0,10833,10833,2426,f16_r,f32_r,f32_r,606604812
T,N,4004,17445,1,9507,1,0,9507,9507,4004,f16_r,f32_r,f32_r,606627701
T,N,4838,128,1,30997,1,0,30997,30997,4838,bf16_r,f32_r,f32_r,606603208
T,T,3925,301,1,29588,1,0,29588,301,3925,f32_r,f32_r,f32_r,606620789
T,N,11138,11868,1,14352,1,0,14352,14352,11138,bf16_r,f32_r,f32_r,606603208
N,T,472,561,1,20751,1,0,472,561,472,f16_r,f32_r,f32_r,606603011
N,T,1590,394,1,19981,1,0,1590,394,1590,f16_r,f32_r,f32_r,606602995
N,T,368,3162,1,28181,1,0,368,3162,368,f16_r,f32_r,f32_r,606603011
T,T,184,7829,1,16299,1,0,16299,7829,184,f32_r,f32_r,f32_r,606620779
N,N,822,5791,1,16962,1,0,822,16962,822,f16_r,f32_r,f32_r,606603422
T,N,8810,541,1,10921,1,0,10921,10921,8810,f16_r,f32_r,f32_r,606627731
T,N,9301,793,1,14467,1,0,14467,14467,9301,f16_r,f32_r,f32_r,606627731
T,T,22363,353,1,11117,1,0,11117,353,22363,bf16_r,f32_r,f32_r,606619915
N,N,10198,2845,1,20099,1,0,10198,20099,10198,f16_r,f32_r,f32_r,606624250
T,T,685,473,1,30975,1,0,30975,473,685,f32_r,f32_r,f32_r,606620790
N,T,16266,3358,1,16588,1,0,16266,3358,16266,bf16_r,f32_r,f32_r,606605563
N,T,335,729,1,27673,1,0,335,729,335,bf16_r,f32_r,f32_r,606605443
