label,M,N,K,dtype,opA,opB,beta,def_ms,tflops,nrot,reps,clk_drift
unset,1024,1024,512,fp32,N,N,0,0.03920,27.39,4,229,1.0022
unset,1024,1024,1024,fp32,N,N,0,0.07359,29.18,4,129,1.0010
unset,1024,1024,2048,fp32,N,N,0,0.14020,30.64,4,70,1.0002
unset,1024,1024,4096,fp32,N,N,0,0.27539,31.19,4,35,1.0042
unset,1024,2048,512,fp32,N,N,0,0.07008,30.64,4,131,1.0163
unset,1024,2048,1024,fp32,N,N,0,0.13710,31.33,4,69,1.0042
unset,1024,4096,512,fp32,N,N,0,0.13620,31.53,4,71,1.0430
unset,1024,1024,8192,fp32,N,N,0,0.64078,26.81,4,16,0.9765
unset,1024,2048,2048,fp32,N,N,0,0.26725,32.14,4,37,1.0024
unset,1024,4096,1024,fp32,N,N,0,0.26892,31.94,4,37,1.0247
unset,1024,8192,512,fp32,N,N,0,0.27284,31.48,4,37,1.0378
unset,1024,2048,4096,fp32,N,N,0,0.53881,31.88,4,18,0.9655
unset,1024,4096,2048,fp32,N,N,0,0.50665,33.91,4,20,1.0070
unset,1024,1024,16384,fp32,N,N,0,1.18773,28.93,4,9,1.0018
unset,1024,8192,1024,fp32,N,N,0,0.51425,33.41,4,20,1.0403
unset,1024,16384,512,fp32,N,N,0,0.53276,32.25,4,19,0.9754
unset,1024,2048,8192,fp32,N,N,0,1.14209,30.08,4,9,1.0018
unset,1024,4096,4096,fp32,N,N,0,1.02140,33.64,4,10,1.0175
unset,1024,8192,2048,fp32,N,N,0,1.06643,32.22,4,10,1.0510
unset,1024,16384,1024,fp32,N,N,0,1.09896,31.27,4,9,0.9901
unset,1024,1024,32768,fp32,N,N,0,2.96094,23.21,4,5,0.9899
unset,1024,32768,512,fp32,N,N,0,1.29069,26.62,4,8,1.0015
unset,2048,1024,512,fp32,N,N,0,0.06876,31.23,4,133,1.0412
unset,2048,2048,512,fp32,N,N,0,0.13698,31.35,4,69,1.1371
unset,1024,2048,16384,fp32,N,N,0,3.69057,18.62,4,5,1.0047
unset,2048,4096,512,fp32,N,N,0,0.25631,33.51,4,38,1.0013
unset,1024,4096,8192,fp32,N,N,0,2.38837,28.77,4,5,1.0044
unset,1024,8192,4096,fp32,N,N,0,2.13096,32.25,4,5,1.0070
unset,2048,8192,512,fp32,N,N,0,0.53739,31.97,4,20,1.0680
unset,1024,16384,2048,fp32,N,N,0,2.17775,31.56,4,5,0.9708
unset,1024,32768,1024,fp32,N,N,0,2.30293,29.84,4,5,0.9895
unset,2048,16384,512,fp32,N,N,0,1.04380,32.92,4,10,1.0130
unset,1024,1024,65536,fp32,N,N,0,7.91628,17.36,4,5,1.0011
unset,2048,1024,1024,fp32,N,N,0,0.13423,32.00,4,71,1.0025
unset,2048,2048,1024,fp32,N,N,0,0.25837,33.25,4,38,0.9967
unset,2048,4096,1024,fp32,N,N,0,0.52665,32.62,4,20,1.0547
unset,2048,8192,1024,fp32,N,N,0,1.05998,32.42,4,10,1.0231
unset,1024,2048,32768,fp32,N,N,0,3.99003,34.45,4,5,0.9537
unset,1024,4096,16384,fp32,N,N,0,9.10158,15.10,4,5,1.0086
unset,2048,32768,512,fp32,N,N,0,2.52920,27.17,4,5,1.0205
unset,1024,8192,8192,fp32,N,N,0,5.42135,25.35,4,5,1.0023
unset,1024,16384,4096,fp32,N,N,0,10.04548,13.68,4,5,0.9972
unset,4096,1024,512,fp32,N,N,0,0.13772,31.19,4,70,1.0000
unset,4096,2048,512,fp32,N,N,0,0.25734,33.38,4,39,1.0093
unset,2048,16384,1024,fp32,N,N,0,2.02933,33.86,4,5,1.0287
unset,4096,4096,512,fp32,N,N,0,0.51197,33.56,4,20,1.0236
unset,1024,32768,2048,fp32,N,N,0,4.25559,32.30,4,5,0.9832
unset,4096,8192,512,fp32,N,N,0,1.06036,32.40,4,10,1.0771
unset,2048,1024,2048,fp32,N,N,0,0.28761,29.87,4,34,0.9544
unset,2048,2048,2048,fp32,N,N,0,0.50486,34.03,4,20,1.0147
unset,2048,4096,2048,fp32,N,N,0,1.06003,32.41,4,10,1.0471
unset,4096,16384,512,fp32,N,N,0,2.07256,33.16,4,5,0.9815
unset,2048,8192,2048,fp32,N,N,0,2.14552,32.03,4,5,1.0324
unset,2048,32768,1024,fp32,N,N,0,4.53358,30.32,4,5,0.9833
unset,4096,1024,1024,fp32,N,N,0,0.25531,33.65,4,38,1.0045
unset,4096,2048,1024,fp32,N,N,0,0.52680,32.61,4,20,1.0540
unset,4096,4096,1024,fp32,N,N,0,1.05918,32.44,4,10,1.0260
unset,2048,16384,2048,fp32,N,N,0,4.34193,31.65,4,5,0.9876
unset,1024,8192,16384,fp32,N,N,0,17.46896,15.74,4,5,0.9806
unset,1024,2048,65536,fp32,N,N,0,14.14600,19.43,4,5,1.0013
unset,1024,4096,32768,fp32,N,N,0,7.89621,34.81,4,5,1.0024
unset,4096,32768,512,fp32,N,N,0,5.41709,25.37,4,5,1.0020
unset,4096,8192,1024,fp32,N,N,0,2.03289,33.80,4,5,1.0520
unset,1024,16384,8192,fp32,N,N,0,22.53732,12.20,4,5,0.9610
unset,8192,1024,512,fp32,N,N,0,0.25518,33.66,4,39,1.0017
unset,8192,2048,512,fp32,N,N,0,0.50427,34.07,4,20,1.0317
unset,8192,4096,512,fp32,N,N,0,1.06924,32.13,4,10,1.0598
unset,1024,32768,4096,fp32,N,N,0,8.19240,33.55,4,5,0.9481
unset,4096,16384,1024,fp32,N,N,0,4.06401,33.82,4,5,1.0243
unset,8192,8192,512,fp32,N,N,0,2.04218,33.65,4,6,1.0236
unset,2048,1024,4096,fp32,N,N,0,0.53334,32.21,4,19,1.0121
unset,2048,2048,4096,fp32,N,N,0,1.03105,33.32,4,10,1.0234
unset,2048,4096,4096,fp32,N,N,0,2.11874,32.43,4,5,1.0347
unset,8192,16384,512,fp32,N,N,0,4.16177,33.02,4,5,0.9804
unset,2048,32768,2048,fp32,N,N,0,8.40588,32.70,4,5,0.9977
unset,2048,8192,4096,fp32,N,N,0,4.22116,32.56,4,5,1.0481
unset,4096,1024,2048,fp32,N,N,0,0.52849,32.51,4,19,1.0170
unset,4096,2048,2048,fp32,N,N,0,1.05404,32.60,4,10,1.0264
unset,4096,32768,1024,fp32,N,N,0,10.95767,25.09,4,5,0.9673
unset,4096,4096,2048,fp32,N,N,0,2.00546,34.27,4,5,1.0449
unset,8192,1024,1024,fp32,N,N,0,0.53019,32.40,4,19,1.0271
unset,8192,2048,1024,fp32,N,N,0,1.05739,32.49,4,10,1.0187
unset,4096,8192,2048,fp32,N,N,0,4.23169,32.48,4,5,1.0043
unset,8192,32768,512,fp32,N,N,0,14.78475,18.59,4,5,0.9664
unset,8192,4096,1024,fp32,N,N,0,2.00572,34.26,4,5,1.0019
unset,2048,16384,4096,fp32,N,N,0,20.98843,13.10,4,5,0.9978
unset,1024,8192,32768,fp32,N,N,0,15.74225,34.92,4,5,1.0055
unset,1024,4096,65536,fp32,N,N,0,22.52650,24.40,4,5,0.9988
unset,16384,1024,512,fp32,N,N,0,0.49980,34.37,4,20,1.0051
unset,8192,8192,1024,fp32,N,N,0,3.99774,34.38,4,5,1.0480
unset,16384,2048,512,fp32,N,N,0,1.01910,33.72,4,10,1.0186
unset,1024,16384,16384,fp32,N,N,0,14.92005,36.85,4,5,0.9820
unset,16384,4096,512,fp32,N,N,0,2.03775,33.72,4,6,1.0786
unset,4096,16384,2048,fp32,N,N,0,8.02719,34.24,4,5,0.9631
unset,16384,8192,512,fp32,N,N,0,4.27524,32.15,4,5,1.0653
unset,8192,16384,1024,fp32,N,N,0,8.13765,33.78,4,5,0.9767
unset,1024,32768,8192,fp32,N,N,0,40.43742,13.60,4,5,0.9877
unset,16384,16384,512,fp32,N,N,0,8.22402,33.42,4,5,1.0295
unset,2048,1024,8192,fp32,N,N,0,1.31427,26.14,4,8,0.9867
unset,2048,2048,8192,fp32,N,N,0,2.20440,31.17,4,5,1.0081
unset,2048,4096,8192,fp32,N,N,0,4.98625,27.56,4,5,1.0044
unset,2048,32768,4096,fp32,N,N,0,16.30228,33.72,4,5,1.0108
unset,4096,32768,2048,fp32,N,N,0,28.92916,19.00,4,5,0.9956
unset,8192,32768,1024,fp32,N,N,0,23.27882,23.62,4,5,1.0021
unset,4096,1024,4096,fp32,N,N,0,0.99556,34.51,4,10,1.0002
unset,8192,1024,2048,fp32,N,N,0,1.00630,34.14,4,10,1.0345
unset,2048,8192,8192,fp32,N,N,0,10.91690,25.18,4,5,0.9765
unset,4096,2048,4096,fp32,N,N,0,1.90463,36.08,4,6,1.0040
unset,8192,2048,2048,fp32,N,N,0,2.02722,33.90,4,5,1.0727
unset,4096,4096,4096,fp32,N,N,0,3.99249,34.42,4,5,0.9864
unset,8192,4096,2048,fp32,N,N,0,4.24894,32.35,4,5,1.0689
unset,16384,1024,1024,fp32,N,N,0,1.00420,34.22,4,10,0.9941
unset,16384,2048,1024,fp32,N,N,0,2.02087,34.00,4,6,1.0270
unset,16384,32768,512,fp32,N,N,0,20.32028,27.05,4,5,0.9859
unset,16384,4096,1024,fp32,N,N,0,4.24052,32.41,4,5,1.0622
unset,8192,8192,2048,fp32,N,N,0,7.98281,34.43,4,5,0.9807
unset,4096,8192,4096,fp32,N,N,0,9.28558,29.60,4,5,0.9829
unset,32768,1024,512,fp32,N,N,0,1.05411,32.60,4,10,1.0769
unset,32768,2048,512,fp32,N,N,0,2.12744,32.30,4,5,1.0155
unset,16384,8192,1024,fp32,N,N,0,8.49061,32.37,4,5,1.0012
unset,32768,4096,512,fp32,N,N,0,4.26388,32.23,4,5,1.0326
unset,2048,16384,8192,fp32,N,N,0,47.77341,11.51,4,5,0.9443
unset,1024,8192,65536,fp32,N,N,0,39.36206,27.93,4,5,1.0031
unset,32768,8192,512,fp32,N,N,0,8.51093,32.30,4,5,1.0813
unset,8192,16384,2048,fp32,N,N,0,16.07438,34.20,4,5,0.9759
unset,4096,16384,4096,fp32,N,N,0,24.01011,22.90,4,5,0.9991
unset,1024,16384,32768,fp32,N,N,0,31.49766,34.91,4,5,1.0012
unset,16384,16384,1024,fp32,N,N,0,16.23195,33.87,4,5,1.0231
unset,32768,16384,512,fp32,N,N,0,16.62062,33.08,4,5,1.0133
unset,1024,32768,16384,fp32,N,N,0,116.49286,9.44,4,5,0.9911
unset,2048,1024,16384,fp32,N,N,0,2.75032,24.99,4,5,1.0045
unset,2048,2048,16384,fp32,N,N,0,5.80983,23.66,4,5,0.9989
unset,8192,32768,2048,fp32,N,N,0,59.35665,18.52,4,5,1.0018
unset,16384,32768,1024,fp32,N,N,0,37.84243,29.05,4,5,1.0013
unset,2048,4096,16384,fp32,N,N,0,16.66881,16.49,4,5,0.9976
unset,16384,1024,2048,fp32,N,N,0,1.96148,35.03,4,6,1.0071
unset,16384,2048,2048,fp32,N,N,0,3.97451,34.58,4,5,1.0240
unset,4096,32768,4096,fp32,N,N,0,67.31316,16.33,4,5,0.9870
unset,32768,1024,1024,fp32,N,N,0,1.97122,34.86,4,6,1.0061
unset,32768,32768,512,fp32,N,N,0,40.83377,26.93,4,5,0.9981
unset,32768,2048,1024,fp32,N,N,0,4.20580,32.68,4,5,1.0741
unset,16384,4096,2048,fp32,N,N,0,10.60263,25.93,4,5,0.9482
unset,2048,32768,8192,fp32,N,N,0,84.83806,12.96,4,5,0.9992
unset,8192,1024,4096,fp32,N,N,0,2.68546,25.59,4,5,1.0004
unset,32768,4096,1024,fp32,N,N,0,8.39887,32.73,4,5,1.0646
unset,8192,2048,4096,fp32,N,N,0,3.76731,36.48,4,5,0.9555
unset,2048,8192,16384,fp32,N,N,0,33.91899,16.21,4,5,0.9984
unset,4096,1024,8192,fp32,N,N,0,2.30840,29.77,4,5,1.0037
unset,16384,8192,2048,fp32,N,N,0,16.88110,32.57,4,5,1.0500
unset,8192,4096,4096,fp32,N,N,0,7.96847,34.50,4,5,0.9937
unset,4096,2048,8192,fp32,N,N,0,4.11384,33.41,4,5,0.9978
unset,32768,8192,1024,fp32,N,N,0,16.86337,32.60,4,5,1.0741
unset,4096,4096,8192,fp32,N,N,0,11.18577,24.57,4,5,0.9571
unset,8192,8192,4096,fp32,N,N,0,20.36764,26.99,4,5,0.9993
unset,4096,8192,8192,fp32,N,N,0,15.23723,36.08,4,5,1.0011
unset,16384,16384,2048,fp32,N,N,0,32.07248,34.28,4,5,1.0192
unset,32768,16384,1024,fp32,N,N,0,32.48358,33.85,4,5,1.0225
unset,2048,16384,16384,fp32,N,N,0,29.80590,36.89,4,5,0.9901
unset,8192,16384,4096,fp32,N,N,0,31.85193,34.52,4,5,1.0228
unset,1024,16384,65536,fp32,N,N,0,84.56271,26.00,4,5,0.9920
unset,4096,16384,8192,fp32,N,N,0,58.72646,18.72,4,5,0.9985
unset,4096,1024,16384,fp32,N,N,0,5.74240,23.93,4,5,1.0014
unset,4096,2048,16384,fp32,N,N,0,11.91901,23.06,4,5,0.9981
unset,8192,28672,8192,fp32,N,N,0,177.48459,21.68,4,5,1.0042
unset,4096,4096,16384,fp32,N,N,0,29.01963,18.94,4,5,1.0004
unset,16384,32768,2048,fp32,N,N,0,79.28329,27.74,4,5,1.0022
unset,32768,32768,1024,fp32,N,N,0,77.27328,28.46,4,5,1.0030
unset,1024,32768,32768,fp32,N,N,0,59.69302,36.84,4,5,1.0006
unset,32768,1024,2048,fp32,N,N,0,4.20055,32.72,4,5,1.0660
unset,4096,8192,16384,fp32,N,N,0,29.77310,36.93,4,5,0.9558
unset,32768,2048,2048,fp32,N,N,0,9.36347,29.36,4,5,1.0008
unset,2048,1024,32768,fp32,N,N,0,5.19322,26.47,4,5,0.9998
unset,2048,2048,32768,fp32,N,N,0,9.44821,29.09,4,5,1.0015
unset,32768,4096,2048,fp32,N,N,0,16.89173,32.55,4,5,1.0576
unset,8192,32768,4096,fp32,N,N,0,141.34222,15.56,4,5,0.9713
unset,2048,4096,32768,fp32,N,N,0,16.02703,34.30,4,5,1.0050
unset,16384,1024,4096,fp32,N,N,0,3.97467,34.58,4,5,1.0201
unset,32768,8192,2048,fp32,N,N,0,35.70754,30.79,4,5,1.0384
unset,16384,2048,4096,fp32,N,N,0,7.96860,34.50,4,5,0.9933
unset,16384,4096,4096,fp32,N,N,0,23.44251,23.45,4,5,0.9931
unset,16384,8192,8192,fp32,N,N,0,59.29773,37.08,4,5,1.0030
unset,4096,32768,8192,fp32,N,N,0,147.48782,14.91,4,5,0.9982
unset,2048,8192,32768,fp32,N,N,0,32.12106,34.23,4,5,1.0036
unset,8192,1024,8192,fp32,N,N,0,4.87159,28.21,4,5,1.0147
unset,16384,8192,4096,fp32,N,N,0,46.22692,23.79,4,5,0.9987
unset,8192,2048,8192,fp32,N,N,0,8.89106,30.92,4,5,1.0465
unset,4096,16384,16384,fp32,N,N,0,59.58087,36.91,4,5,0.9805
unset,32768,16384,2048,fp32,N,N,0,69.17670,31.79,4,5,0.9995
unset,8192,4096,8192,fp32,N,N,0,14.89955,36.90,4,5,1.0018
unset,8192,8192,8192,fp32,N,N,0,29.65922,37.07,4,5,1.0005
unset,8192,1024,16384,fp32,N,N,0,13.03034,21.10,4,5,0.9997
unset,16384,16384,4096,fp32,N,N,0,63.71724,34.51,4,5,1.0277
unset,8192,2048,16384,fp32,N,N,0,26.88266,20.45,4,5,0.9925
unset,2048,16384,32768,fp32,N,N,0,64.14392,34.28,4,5,1.0036
unset,8192,4096,16384,fp32,N,N,0,57.55900,19.10,4,5,0.9981
unset,8192,16384,8192,fp32,N,N,0,59.97380,36.67,4,5,1.0035
unset,16384,1024,8192,fp32,N,N,0,7.93740,34.63,4,5,1.0149
unset,32768,32768,2048,fp32,N,N,0,176.46519,24.92,4,5,0.9998
unset,8192,8192,16384,fp32,N,N,0,151.68790,14.50,4,5,0.9979
unset,16384,2048,8192,fp32,N,N,0,15.86767,34.65,4,5,1.0207
unset,16384,4096,8192,fp32,N,N,0,31.69310,34.69,4,5,1.0230
unset,1024,32768,65536,fp32,N,N,0,162.43124,27.08,4,5,0.9881
unset,16384,32768,4096,fp32,N,N,0,189.43277,23.22,4,5,1.0012
unset,16384,8192,8192,fp32,N,N,0,59.28754,37.09,4,5,1.0036
unset,2048,1024,65536,fp32,N,N,0,8.71657,31.54,4,5,1.0015
unset,12288,12288,12288,fp32,N,N,0,99.68388,37.23,4,5,1.0006
unset,32768,1024,4096,fp32,N,N,0,12.19364,22.54,4,5,0.9991
unset,2048,2048,65536,fp32,N,N,0,16.55029,33.22,4,5,1.0030
unset,32768,2048,4096,fp32,N,N,0,23.82092,23.08,4,5,0.9998
unset,32768,4096,4096,fp32,N,N,0,42.84000,25.67,4,5,1.0000
unset,2048,4096,65536,fp32,N,N,0,33.03662,33.28,4,5,1.0044
unset,8192,16384,16384,fp32,N,N,0,118.23158,37.20,4,5,1.0016
unset,32768,8192,4096,fp32,N,N,0,88.45481,24.86,4,5,0.9988
unset,16384,16384,8192,fp32,N,N,0,131.93167,33.34,4,5,1.0026
unset,2048,8192,65536,fp32,N,N,0,85.00190,25.87,4,5,0.9983
unset,2048,32768,32768,fp32,N,N,0,118.76845,37.03,4,5,1.0032
unset,16384,1024,16384,fp32,N,N,0,27.00529,20.36,4,5,0.9983
unset,16384,2048,16384,fp32,N,N,0,55.29189,19.89,4,5,1.0019
unset,4096,1024,32768,fp32,N,N,0,8.74748,31.42,4,5,1.0033
unset,32768,1024,8192,fp32,N,N,0,26.57566,20.69,4,5,0.9997
unset,32768,16384,4096,fp32,N,N,0,129.86188,33.87,4,5,1.0027
unset,4096,2048,32768,fp32,N,N,0,17.14021,32.07,4,5,1.0007
unset,32768,2048,8192,fp32,N,N,0,56.13596,19.59,4,5,0.9996
unset,4096,4096,32768,fp32,N,N,0,33.72018,32.61,4,5,1.0031
unset,16384,4096,16384,fp32,N,N,0,126.85671,17.33,4,5,0.9982
unset,32768,4096,8192,fp32,N,N,0,104.35075,21.07,4,5,1.0012
unset,4096,8192,32768,fp32,N,N,0,64.48766,34.10,4,5,1.0042
unset,2048,16384,65536,fp32,N,N,0,166.77225,26.37,4,5,1.0004
unset,16384,8192,16384,fp32,N,N,0,118.10136,37.24,4,5,1.0025
unset,4096,4096,131072,fp32,N,N,0,170.52119,25.79,4,5,1.0001
unset,4096,1024,65536,fp32,N,N,0,24.35020,22.58,4,5,0.9975
unset,4096,2048,65536,fp32,N,N,0,38.86096,28.29,4,5,1.0018
unset,4096,16384,32768,fp32,N,N,0,130.74718,33.64,4,5,1.0040
unset,32768,1024,16384,fp32,N,N,0,57.87532,19.00,4,5,1.0000
unset,4096,4096,65536,fp32,N,N,0,70.17590,31.34,4,5,1.0036
unset,8192,1024,32768,fp32,N,N,0,15.27751,35.98,4,5,1.0012
unset,32768,2048,16384,fp32,N,N,0,121.33240,18.12,4,5,1.0006
unset,8192,2048,32768,fp32,N,N,0,29.82807,36.86,4,5,1.0035
unset,8192,4096,32768,fp32,N,N,0,59.55621,36.92,4,5,0.9999
unset,4096,8192,65536,fp32,N,N,0,163.99001,26.82,4,5,1.0013
unset,8192,8192,32768,fp32,N,N,0,119.01310,36.95,4,5,1.0026
unset,8192,1024,65536,fp32,N,N,0,34.78079,31.61,4,5,0.9968
unset,8192,2048,65536,fp32,N,N,0,76.41317,28.78,4,5,1.0014
unset,28672,8192,8192,fp32,N,N,0,126.71515,30.37,4,5,1.0019
unset,16384,1024,32768,fp32,N,N,0,41.48822,26.50,4,5,0.9999
unset,16384,2048,32768,fp32,N,N,0,79.39677,27.70,4,5,0.9997
unset,8192,4096,65536,fp32,N,N,0,150.78709,29.17,4,5,0.9998
unset,16384,4096,32768,fp32,N,N,0,139.18948,31.60,4,5,1.0003
unset,16384,1024,65536,fp32,N,N,0,91.20131,24.11,4,5,0.9991
unset,16384,2048,65536,fp32,N,N,0,168.11958,26.16,4,5,1.0014
unset,32768,1024,32768,fp32,N,N,0,82.18388,26.76,4,5,0.9998
unset,32768,2048,32768,fp32,N,N,0,161.03912,27.31,4,5,1.0022
unset,32768,1024,65536,fp32,N,N,0,173.94933,25.28,4,5,1.0001
hipblaslt,1024,1024,512,fp32,N,N,0,0.03892,27.59,4,205,0.9962
hipblaslt,1024,1024,1024,fp32,N,N,0,0.06913,31.06,4,123,1.0001
hipblaslt,1024,1024,2048,fp32,N,N,0,0.13055,32.90,4,72,1.0073
hipblaslt,1024,1024,4096,fp32,N,N,0,0.25355,33.88,4,37,1.0035
hipblaslt,1024,2048,512,fp32,N,N,0,0.07231,29.70,4,118,1.0080
hipblaslt,1024,2048,1024,fp32,N,N,0,0.13189,32.56,4,68,1.0135
hipblaslt,1024,4096,512,fp32,N,N,0,0.13288,32.32,4,69,1.0068
hipblaslt,1024,1024,8192,fp32,N,N,0,0.48403,35.49,4,20,1.0051
hipblaslt,1024,2048,2048,fp32,N,N,0,0.25131,34.18,4,38,1.0026
hipblaslt,1024,4096,1024,fp32,N,N,0,0.25349,33.89,4,38,0.9976
hipblaslt,1024,8192,512,fp32,N,N,0,0.27182,31.60,4,36,1.0143
hipblaslt,1024,2048,4096,fp32,N,N,0,0.48981,35.07,4,20,1.0080
hipblaslt,1024,4096,2048,fp32,N,N,0,0.49661,34.59,4,20,1.0146
hipblaslt,1024,1024,16384,fp32,N,N,0,0.95927,35.82,4,11,1.0057
hipblaslt,1024,8192,1024,fp32,N,N,0,0.51087,33.63,4,20,1.0168
hipblaslt,1024,16384,512,fp32,N,N,0,0.57262,30.00,4,18,1.0042
hipblaslt,1024,2048,8192,fp32,N,N,0,0.96771,35.51,4,11,1.0099
hipblaslt,1024,4096,4096,fp32,N,N,0,0.98013,35.06,4,11,1.0071
hipblaslt,1024,8192,2048,fp32,N,N,0,0.99185,34.64,4,10,1.0158
hipblaslt,1024,16384,1024,fp32,N,N,0,1.04918,32.75,4,10,1.0030
hipblaslt,1024,1024,32768,fp32,N,N,0,1.94586,35.32,4,6,1.0064
hipblaslt,1024,32768,512,fp32,N,N,0,1.35050,25.44,4,8,1.0036
hipblaslt,2048,1024,512,fp32,N,N,0,0.07148,30.04,4,118,1.0082
hipblaslt,2048,2048,512,fp32,N,N,0,0.13228,32.47,4,69,1.0066
hipblaslt,1024,2048,16384,fp32,N,N,0,1.93029,35.60,4,6,1.0012
hipblaslt,2048,4096,512,fp32,N,N,0,0.25786,33.31,4,37,1.0073
hipblaslt,1024,4096,8192,fp32,N,N,0,1.96925,34.90,4,6,1.0031
hipblaslt,1024,8192,4096,fp32,N,N,0,1.95720,35.11,4,6,1.0018
hipblaslt,2048,8192,512,fp32,N,N,0,0.52957,32.44,4,19,1.0040
hipblaslt,1024,16384,2048,fp32,N,N,0,2.01292,34.14,4,5,1.0044
hipblaslt,1024,32768,1024,fp32,N,N,0,2.34505,29.30,4,5,0.9995
hipblaslt,2048,16384,512,fp32,N,N,0,1.09438,31.40,4,9,1.0075
hipblaslt,1024,1024,65536,fp32,N,N,0,3.85407,35.66,4,5,1.0021
hipblaslt,2048,1024,1024,fp32,N,N,0,0.13184,32.58,4,68,1.0135
hipblaslt,2048,2048,1024,fp32,N,N,0,0.25300,33.95,4,38,1.0152
hipblaslt,2048,4096,1024,fp32,N,N,0,0.49932,34.41,4,20,1.0138
hipblaslt,2048,8192,1024,fp32,N,N,0,1.00718,34.11,4,10,1.0043
hipblaslt,1024,2048,32768,fp32,N,N,0,3.87935,35.43,4,5,1.0084
hipblaslt,1024,4096,16384,fp32,N,N,0,3.89641,35.27,4,5,1.0212
hipblaslt,2048,32768,512,fp32,N,N,0,2.61695,26.26,4,5,1.0019
hipblaslt,1024,8192,8192,fp32,N,N,0,3.88143,35.41,4,5,1.0070
hipblaslt,1024,16384,4096,fp32,N,N,0,3.93311,34.94,4,5,1.0123
hipblaslt,4096,1024,512,fp32,N,N,0,0.13190,32.56,4,69,1.0085
hipblaslt,4096,2048,512,fp32,N,N,0,0.25537,33.64,4,37,1.0180
hipblaslt,2048,16384,1024,fp32,N,N,0,2.05231,33.48,4,5,1.0047
hipblaslt,4096,4096,512,fp32,N,N,0,0.50535,34.00,4,20,1.0033
hipblaslt,1024,32768,2048,fp32,N,N,0,4.41033,31.16,4,5,1.0008
hipblaslt,4096,8192,512,fp32,N,N,0,1.03115,33.32,4,10,1.0021
hipblaslt,2048,1024,2048,fp32,N,N,0,0.25162,34.14,4,38,1.0079
hipblaslt,2048,2048,2048,fp32,N,N,0,0.49761,34.52,4,20,1.0132
hipblaslt,2048,4096,2048,fp32,N,N,0,0.98326,34.94,4,11,1.0149
hipblaslt,4096,16384,512,fp32,N,N,0,2.09705,32.77,4,5,1.0023
hipblaslt,2048,8192,2048,fp32,N,N,0,1.96978,34.89,4,6,1.0088
hipblaslt,2048,32768,1024,fp32,N,N,0,4.81644,28.54,4,5,1.0046
hipblaslt,4096,1024,1024,fp32,N,N,0,0.25245,34.03,4,38,1.0020
hipblaslt,4096,2048,1024,fp32,N,N,0,0.49594,34.64,4,20,1.0025
hipblaslt,4096,4096,1024,fp32,N,N,0,0.98688,34.82,4,11,1.0071
hipblaslt,2048,16384,2048,fp32,N,N,0,3.97151,34.61,4,5,1.0088
hipblaslt,1024,8192,16384,fp32,N,N,0,7.84872,35.02,4,5,1.0053
hipblaslt,1024,2048,65536,fp32,N,N,0,7.71140,35.65,4,5,1.0023
hipblaslt,1024,4096,32768,fp32,N,N,0,7.81361,35.18,4,5,1.0087
hipblaslt,4096,32768,512,fp32,N,N,0,5.04424,27.25,4,5,1.0136
hipblaslt,4096,8192,1024,fp32,N,N,0,1.98869,34.56,4,6,1.0054
hipblaslt,1024,16384,8192,fp32,N,N,0,7.77262,35.36,4,5,0.9980
hipblaslt,8192,1024,512,fp32,N,N,0,0.25599,33.56,4,38,1.0025
hipblaslt,8192,2048,512,fp32,N,N,0,0.50145,34.26,4,20,1.0159
hipblaslt,8192,4096,512,fp32,N,N,0,0.99773,34.44,4,10,1.0006
hipblaslt,1024,32768,4096,fp32,N,N,0,8.78839,31.28,4,5,0.9989
hipblaslt,4096,16384,1024,fp32,N,N,0,4.02962,34.11,4,5,1.0053
hipblaslt,8192,8192,512,fp32,N,N,0,2.02889,33.87,4,5,1.0058
hipblaslt,2048,1024,4096,fp32,N,N,0,0.49446,34.74,4,20,1.0080
hipblaslt,2048,2048,4096,fp32,N,N,0,0.98278,34.96,4,11,1.0006
hipblaslt,2048,4096,4096,fp32,N,N,0,1.94802,35.28,4,6,1.0067
hipblaslt,8192,16384,512,fp32,N,N,0,4.04533,33.97,4,5,1.0032
hipblaslt,2048,32768,2048,fp32,N,N,0,10.47207,26.25,4,5,0.9998
hipblaslt,2048,8192,4096,fp32,N,N,0,3.88991,35.33,4,5,1.0048
hipblaslt,4096,1024,2048,fp32,N,N,0,0.49608,34.63,4,20,1.0089
hipblaslt,4096,2048,2048,fp32,N,N,0,0.97863,35.11,4,11,1.0166
hipblaslt,4096,32768,1024,fp32,N,N,0,10.50173,26.17,4,5,1.0016
hipblaslt,4096,4096,2048,fp32,N,N,0,1.95290,35.19,4,6,1.0151
hipblaslt,8192,1024,1024,fp32,N,N,0,0.49652,34.60,4,20,0.9985
hipblaslt,8192,2048,1024,fp32,N,N,0,0.98208,34.99,4,11,1.0119
hipblaslt,4096,8192,2048,fp32,N,N,0,3.90924,35.16,4,5,1.0038
hipblaslt,8192,32768,512,fp32,N,N,0,9.86279,27.87,4,5,1.0032
hipblaslt,8192,4096,1024,fp32,N,N,0,1.96368,35.00,4,6,1.0084
hipblaslt,2048,16384,4096,fp32,N,N,0,7.82485,35.13,4,5,0.9977
hipblaslt,1024,8192,32768,fp32,N,N,0,15.63903,35.15,4,5,0.9994
hipblaslt,1024,4096,65536,fp32,N,N,0,15.70102,35.01,4,5,1.0093
hipblaslt,16384,1024,512,fp32,N,N,0,0.50410,34.08,4,20,1.0034
hipblaslt,8192,8192,1024,fp32,N,N,0,3.93897,34.89,4,5,1.0028
hipblaslt,16384,2048,512,fp32,N,N,0,0.99373,34.58,4,10,1.0048
hipblaslt,1024,16384,16384,fp32,N,N,0,15.75132,34.90,4,5,1.0015
hipblaslt,16384,4096,512,fp32,N,N,0,1.97981,34.71,4,6,1.0046
hipblaslt,4096,16384,2048,fp32,N,N,0,7.87022,34.93,4,5,1.0067
hipblaslt,16384,8192,512,fp32,N,N,0,3.99519,34.40,4,5,1.0219
hipblaslt,8192,16384,1024,fp32,N,N,0,7.90654,34.77,4,5,1.0089
hipblaslt,1024,32768,8192,fp32,N,N,0,20.05157,27.42,4,5,0.9987
hipblaslt,16384,16384,512,fp32,N,N,0,8.00555,34.34,4,5,1.0148
hipblaslt,2048,1024,8192,fp32,N,N,0,0.96870,35.47,4,11,1.0176
hipblaslt,2048,2048,8192,fp32,N,N,0,1.96909,34.90,4,6,1.0037
hipblaslt,2048,4096,8192,fp32,N,N,0,3.87692,35.45,4,5,1.0025
hipblaslt,2048,32768,4096,fp32,N,N,0,19.78635,27.78,4,5,0.9986
hipblaslt,4096,32768,2048,fp32,N,N,0,22.44522,24.49,4,5,0.9994
hipblaslt,8192,32768,1024,fp32,N,N,0,21.75489,25.27,4,5,1.0005
hipblaslt,4096,1024,4096,fp32,N,N,0,0.97873,35.11,4,11,1.0108
hipblaslt,8192,1024,2048,fp32,N,N,0,0.97748,35.15,4,11,1.0045
hipblaslt,2048,8192,8192,fp32,N,N,0,7.73160,35.55,4,5,1.0067
hipblaslt,4096,2048,4096,fp32,N,N,0,1.94130,35.40,4,6,1.0101
hipblaslt,8192,2048,2048,fp32,N,N,0,1.94424,35.35,4,6,1.0054
hipblaslt,4096,4096,4096,fp32,N,N,0,3.87714,35.45,4,5,1.0138
hipblaslt,8192,4096,2048,fp32,N,N,0,3.88549,35.37,4,5,1.0045
hipblaslt,16384,1024,1024,fp32,N,N,0,0.98259,34.97,4,11,1.0012
hipblaslt,16384,2048,1024,fp32,N,N,0,1.95296,35.19,4,6,1.0194
hipblaslt,16384,32768,512,fp32,N,N,0,19.30392,28.48,4,5,1.0083
hipblaslt,16384,4096,1024,fp32,N,N,0,3.90533,35.19,4,5,1.0042
hipblaslt,8192,8192,2048,fp32,N,N,0,7.78020,35.33,4,5,1.0094
hipblaslt,4096,8192,4096,fp32,N,N,0,7.75125,35.46,4,5,1.0092
hipblaslt,32768,1024,512,fp32,N,N,0,0.99374,34.58,4,10,1.0051
hipblaslt,32768,2048,512,fp32,N,N,0,1.97392,34.81,4,6,1.0131
hipblaslt,16384,8192,1024,fp32,N,N,0,7.81896,35.16,4,5,1.0026
hipblaslt,32768,4096,512,fp32,N,N,0,3.95993,34.71,4,5,1.0209
hipblaslt,2048,16384,8192,fp32,N,N,0,15.51468,35.43,4,5,1.0076
hipblaslt,1024,8192,65536,fp32,N,N,0,31.21740,35.22,4,5,1.0053
hipblaslt,32768,8192,512,fp32,N,N,0,7.96507,34.51,4,5,1.0173
hipblaslt,8192,16384,2048,fp32,N,N,0,15.58899,35.27,4,5,1.0153
hipblaslt,4096,16384,4096,fp32,N,N,0,15.60118,35.24,4,5,1.0027
hipblaslt,1024,16384,32768,fp32,N,N,0,31.32747,35.10,4,5,1.0050
hipblaslt,16384,16384,1024,fp32,N,N,0,15.86342,34.66,4,5,1.0100
hipblaslt,32768,16384,512,fp32,N,N,0,16.02563,34.30,4,5,1.0290
hipblaslt,1024,32768,16384,fp32,N,N,0,31.76603,34.61,4,5,1.0011
hipblaslt,2048,1024,16384,fp32,N,N,0,1.92381,35.72,4,6,1.0052
hipblaslt,2048,2048,16384,fp32,N,N,0,3.89548,35.28,4,5,1.0052
hipblaslt,8192,32768,2048,fp32,N,N,0,47.71944,23.04,4,5,1.0001
hipblaslt,16384,32768,1024,fp32,N,N,0,44.89116,24.49,4,5,0.9979
hipblaslt,2048,4096,16384,fp32,N,N,0,7.83832,35.07,4,5,1.0037
hipblaslt,16384,1024,2048,fp32,N,N,0,1.94501,35.33,4,6,1.0069
hipblaslt,16384,2048,2048,fp32,N,N,0,3.87167,35.50,4,5,1.0134
hipblaslt,4096,32768,4096,fp32,N,N,0,45.62830,24.10,4,5,0.9969
hipblaslt,32768,1024,1024,fp32,N,N,0,1.95354,35.18,4,6,1.0037
hipblaslt,32768,32768,512,fp32,N,N,0,38.49117,28.57,4,5,1.0042
hipblaslt,32768,2048,1024,fp32,N,N,0,3.88629,35.37,4,5,1.0105
hipblaslt,16384,4096,2048,fp32,N,N,0,7.76213,35.41,4,5,1.0017
hipblaslt,2048,32768,8192,fp32,N,N,0,43.15685,25.48,4,5,1.0055
hipblaslt,8192,1024,4096,fp32,N,N,0,1.94021,35.42,4,6,1.0304
hipblaslt,32768,4096,1024,fp32,N,N,0,7.78638,35.30,4,5,1.0207
hipblaslt,8192,2048,4096,fp32,N,N,0,3.86565,35.55,4,5,1.0025
hipblaslt,2048,8192,16384,fp32,N,N,0,15.68508,35.05,4,5,1.0142
hipblaslt,4096,1024,8192,fp32,N,N,0,1.96738,34.93,4,6,0.9997
hipblaslt,16384,8192,2048,fp32,N,N,0,15.46489,35.55,4,5,1.0116
hipblaslt,8192,4096,4096,fp32,N,N,0,7.73032,35.56,4,5,1.0008
hipblaslt,4096,2048,8192,fp32,N,N,0,3.86741,35.54,4,5,1.0049
hipblaslt,32768,8192,1024,fp32,N,N,0,15.61123,35.22,4,5,1.0152
hipblaslt,4096,4096,8192,fp32,N,N,0,7.72501,35.58,4,5,1.0017
hipblaslt,8192,8192,4096,fp32,N,N,0,15.46422,35.55,4,5,1.0054
hipblaslt,4096,8192,8192,fp32,N,N,0,15.43388,35.62,4,5,1.0044
hipblaslt,16384,16384,2048,fp32,N,N,0,31.81436,34.56,4,5,1.0017
hipblaslt,32768,16384,1024,fp32,N,N,0,31.85845,34.51,4,5,0.9997
hipblaslt,2048,16384,16384,fp32,N,N,0,31.49567,34.91,4,5,1.0074
hipblaslt,8192,16384,4096,fp32,N,N,0,31.01868,35.45,4,5,1.0071
hipblaslt,1024,16384,65536,fp32,N,N,0,62.47611,35.20,4,5,0.9987
hipblaslt,4096,16384,8192,fp32,N,N,0,31.10456,35.35,4,5,1.0025
hipblaslt,4096,1024,16384,fp32,N,N,0,3.89996,35.24,4,5,1.0101
hipblaslt,4096,2048,16384,fp32,N,N,0,7.83201,35.10,4,5,1.0011
hipblaslt,8192,28672,8192,fp32,N,N,0,107.70650,35.73,4,5,1.0059
hipblaslt,4096,4096,16384,fp32,N,N,0,15.66598,35.09,4,5,1.0045
hipblaslt,16384,32768,2048,fp32,N,N,0,94.41692,23.29,4,5,1.0017
hipblaslt,32768,32768,1024,fp32,N,N,0,86.01256,25.57,4,5,1.0051
hipblaslt,1024,32768,32768,fp32,N,N,0,62.85729,34.98,4,5,1.0197
hipblaslt,32768,1024,2048,fp32,N,N,0,3.87375,35.48,4,5,1.0101
hipblaslt,4096,8192,16384,fp32,N,N,0,31.36121,35.06,4,5,1.0000
hipblaslt,32768,2048,2048,fp32,N,N,0,7.73147,35.55,4,5,1.0013
hipblaslt,2048,1024,32768,fp32,N,N,0,4.25509,32.30,4,5,1.0120
hipblaslt,2048,2048,32768,fp32,N,N,0,7.97909,34.45,4,5,1.0023
hipblaslt,32768,4096,2048,fp32,N,N,0,15.44624,35.59,4,5,1.0054
hipblaslt,8192,32768,4096,fp32,N,N,0,93.41943,23.54,4,5,1.0021
hipblaslt,2048,4096,32768,fp32,N,N,0,15.62268,35.19,4,5,1.0082
hipblaslt,16384,1024,4096,fp32,N,N,0,3.86274,35.58,4,5,1.0079
hipblaslt,32768,8192,2048,fp32,N,N,0,30.91880,35.56,4,5,1.0027
hipblaslt,16384,2048,4096,fp32,N,N,0,7.70881,35.66,4,5,1.0057
hipblaslt,16384,4096,4096,fp32,N,N,0,15.44444,35.60,4,5,1.0006
hipblaslt,16384,8192,8192,fp32,N,N,0,61.40901,35.81,4,5,1.0075
hipblaslt,4096,32768,8192,fp32,N,N,0,96.34416,22.82,4,5,0.9975
hipblaslt,2048,8192,32768,fp32,N,N,0,31.26950,35.16,4,5,1.0077
hipblaslt,8192,1024,8192,fp32,N,N,0,3.86812,35.53,4,5,1.0054
hipblaslt,16384,8192,4096,fp32,N,N,0,30.75801,35.75,4,5,1.0054
hipblaslt,8192,2048,8192,fp32,N,N,0,7.70702,35.67,4,5,1.0106
hipblaslt,4096,16384,16384,fp32,N,N,0,62.97057,34.92,4,5,0.9956
hipblaslt,32768,16384,2048,fp32,N,N,0,65.30276,33.67,4,5,0.9988
hipblaslt,8192,4096,8192,fp32,N,N,0,15.41808,35.66,4,5,1.0067
hipblaslt,8192,8192,8192,fp32,N,N,0,30.83487,35.66,4,5,1.0003
hipblaslt,8192,1024,16384,fp32,N,N,0,7.83054,35.10,4,5,1.0079
hipblaslt,16384,16384,4096,fp32,N,N,0,62.77502,35.03,4,5,1.0054
hipblaslt,8192,2048,16384,fp32,N,N,0,15.65545,35.12,4,5,1.0085
hipblaslt,2048,16384,32768,fp32,N,N,0,62.63890,35.11,4,5,1.0017
hipblaslt,8192,4096,16384,fp32,N,N,0,31.33019,35.09,4,5,0.9992
hipblaslt,8192,16384,8192,fp32,N,N,0,62.07597,35.42,4,5,0.9988
hipblaslt,16384,1024,8192,fp32,N,N,0,7.70488,35.68,4,5,0.9968
hipblaslt,32768,32768,2048,fp32,N,N,0,191.77942,22.93,4,5,0.9997
hipblaslt,8192,8192,16384,fp32,N,N,0,62.66725,35.09,4,5,1.0045
hipblaslt,16384,2048,8192,fp32,N,N,0,15.38778,35.73,4,5,1.0037
hipblaslt,16384,4096,8192,fp32,N,N,0,30.80886,35.69,4,5,1.0005
hipblaslt,1024,32768,65536,fp32,N,N,0,125.23779,35.12,4,5,0.9955
hipblaslt,16384,32768,4096,fp32,N,N,0,189.55363,23.20,4,5,0.9966
hipblaslt,16384,8192,8192,fp32,N,N,0,61.33759,35.85,4,5,1.0021
hipblaslt,2048,1024,65536,fp32,N,N,0,8.32545,33.02,4,5,1.0064
hipblaslt,12288,12288,12288,fp32,N,N,0,104.98047,35.35,4,5,1.0017
hipblaslt,32768,1024,4096,fp32,N,N,0,7.70795,35.66,4,5,1.0012
hipblaslt,2048,2048,65536,fp32,N,N,0,16.09348,34.16,4,5,1.0057
hipblaslt,32768,2048,4096,fp32,N,N,0,15.39597,35.71,4,5,1.0053
hipblaslt,32768,4096,4096,fp32,N,N,0,30.74190,35.77,4,5,1.0067
hipblaslt,2048,4096,65536,fp32,N,N,0,31.20371,35.24,4,5,0.9982
hipblaslt,8192,16384,16384,fp32,N,N,0,124.45357,35.34,4,5,1.0309
hipblaslt,32768,8192,4096,fp32,N,N,0,61.55456,35.72,4,5,1.0051
hipblaslt,16384,16384,8192,fp32,N,N,0,131.67056,33.40,4,5,1.0071
hipblaslt,2048,8192,65536,fp32,N,N,0,62.43354,35.22,4,5,1.0039
hipblaslt,2048,32768,32768,fp32,N,N,0,125.75336,34.97,4,5,1.0003
hipblaslt,16384,1024,16384,fp32,N,N,0,15.66009,35.11,4,5,1.0067
hipblaslt,16384,2048,16384,fp32,N,N,0,31.31372,35.11,4,5,0.9972
hipblaslt,4096,1024,32768,fp32,N,N,0,9.63025,28.54,4,5,1.0081
hipblaslt,32768,1024,8192,fp32,N,N,0,15.38073,35.74,4,5,1.0007
hipblaslt,32768,16384,4096,fp32,N,N,0,130.96313,33.58,4,5,0.9760
hipblaslt,4096,2048,32768,fp32,N,N,0,15.62229,35.19,4,5,1.0284
hipblaslt,32768,2048,8192,fp32,N,N,0,30.74269,35.76,4,5,1.0106
hipblaslt,4096,4096,32768,fp32,N,N,0,31.25368,35.18,4,5,1.0043
hipblaslt,16384,4096,16384,fp32,N,N,0,62.66245,35.09,4,5,1.0084
hipblaslt,32768,4096,8192,fp32,N,N,0,61.37166,35.83,4,5,1.0019
hipblaslt,4096,8192,32768,fp32,N,N,0,62.54643,35.16,4,5,1.0043
hipblaslt,2048,16384,65536,fp32,N,N,0,124.98665,35.19,4,5,1.0040
hipblaslt,16384,8192,16384,fp32,N,N,0,124.08443,35.44,4,5,1.0006
hipblaslt,4096,4096,131072,fp32,N,N,0,124.79897,35.24,4,5,1.0033
hipblaslt,4096,1024,65536,fp32,N,N,0,16.60880,33.10,4,5,1.0119
hipblaslt,4096,2048,65536,fp32,N,N,0,31.19474,35.25,4,5,1.0052
hipblaslt,4096,16384,32768,fp32,N,N,0,125.25452,35.11,4,5,1.0030
hipblaslt,32768,1024,16384,fp32,N,N,0,31.30846,35.12,4,5,1.0039
hipblaslt,4096,4096,65536,fp32,N,N,0,62.40508,35.24,4,5,0.9995
hipblaslt,8192,1024,32768,fp32,N,N,0,15.98003,34.40,4,5,0.9995
hipblaslt,32768,2048,16384,fp32,N,N,0,62.59692,35.13,4,5,1.0034
hipblaslt,8192,2048,32768,fp32,N,N,0,31.23075,35.21,4,5,0.9972
hipblaslt,8192,4096,32768,fp32,N,N,0,62.49373,35.19,4,5,0.9998
hipblaslt,4096,8192,65536,fp32,N,N,0,124.86580,35.22,4,5,0.9970
hipblaslt,8192,8192,32768,fp32,N,N,0,125.02577,35.18,4,5,1.0054
hipblaslt,8192,1024,65536,fp32,N,N,0,34.71174,31.68,4,5,1.0025
hipblaslt,8192,2048,65536,fp32,N,N,0,62.38743,35.25,4,5,1.0026
hipblaslt,28672,8192,8192,fp32,N,N,0,107.55501,35.78,4,5,1.0029
hipblaslt,16384,1024,32768,fp32,N,N,0,32.05006,34.31,4,5,1.0037
hipblaslt,16384,2048,32768,fp32,N,N,0,62.47255,35.20,4,5,0.9970
hipblaslt,8192,4096,65536,fp32,N,N,0,124.82585,35.23,4,5,1.0111
hipblaslt,16384,4096,32768,fp32,N,N,0,125.00753,35.18,4,5,1.0049
hipblaslt,16384,1024,65536,fp32,N,N,0,74.34375,29.58,4,5,1.0000
hipblaslt,16384,2048,65536,fp32,N,N,0,124.82969,35.23,4,5,1.0011
hipblaslt,32768,1024,32768,fp32,N,N,0,64.47878,34.10,4,5,1.0020
hipblaslt,32768,2048,32768,fp32,N,N,0,125.05440,35.17,4,5,1.0021
hipblaslt,32768,1024,65536,fp32,N,N,0,146.19762,30.08,4,5,1.0005
