label,M,N,K,batch,dtype,opA,opB,beta,def_ms,tflops
unset,512,512,512,32,fp32,N,N,0,0.27627,31.09
unset,128,128,256,128,fp32,N,N,0,0.12693,8.46
unset,256,2048,4096,32,fp32,N,N,0,4.35719,31.54
unset,1024,512,512,16,fp32,N,N,0,0.25285,33.97
unset,4096,2048,512,4,fp32,N,N,1,0.94662,36.30
unset,2048,128,2048,2,fp32,N,N,0,0.08800,24.40
unset,512,256,4096,2,fp32,N,N,1,0.10587,20.28
unset,1024,64,4096,4,fp32,N,N,1,0.12619,17.02
unset,1024,64,8192,32,fp32,N,N,0,2.00038,17.18
unset,1024,512,64,8,fp32,N,N,0,0.04032,13.32
unset,128,2048,256,64,fp32,N,N,1,0.36795,23.35
unset,1024,128,256,2,fp32,N,N,0,0.01349,9.95
unset,64,128,8192,64,fp32,N,N,1,0.48955,17.55
unset,64,512,128,4,fp32,N,N,1,0.01136,2.95
unset,1024,64,4096,8,fp32,N,N,0,0.30123,14.26
unset,1024,512,512,128,fp32,N,N,0,1.90646,36.05
unset,2048,128,8192,8,fp32,N,N,1,1.37648,24.96
unset,4096,4096,256,8,fp32,N,N,1,1.87995,36.55
unset,64,128,256,32,fp32,N,N,1,0.02224,6.03
unset,64,64,128,4,fp32,N,T,1,0.00923,0.45
unset,128,128,4096,4,fp32,N,T,0,0.06875,7.81
unset,4096,256,128,128,fp32,N,T,1,1.77168,19.39
unset,128,2048,128,32,fp32,N,T,1,0.16779,12.80
unset,64,1024,64,8,fp32,N,T,0,0.01163,5.77
unset,512,512,2048,128,fp32,N,T,1,3.79084,36.26
unset,512,512,2048,32,fp32,N,T,0,0.95888,35.83
unset,128,64,2048,64,fp32,N,T,1,0.18325,11.72
unset,4096,512,512,8,fp32,N,T,0,0.50491,34.03
unset,2048,2048,1024,2,fp32,N,T,1,0.50949,33.72
unset,128,4096,512,16,fp32,N,T,1,0.35296,24.34
unset,512,4096,128,16,fp32,N,T,1,0.44325,19.38
unset,256,64,1024,64,fp32,N,T,1,0.17845,12.03
unset,4096,512,256,8,fp32,N,T,1,0.30629,28.04
unset,256,512,256,8,fp32,N,T,1,0.04085,13.14
unset,2048,2048,8192,4,fp32,N,T,1,11.32456,24.27
unset,256,128,2048,2,fp32,N,T,1,0.03339,8.04
unset,2048,256,512,64,fp32,N,T,0,1.04198,32.98
unset,4096,2048,1024,64,fp32,N,T,1,31.18893,35.25
unset,2048,4096,512,16,fp32,T,N,1,3.52668,38.97
unset,2048,512,64,2,fp32,T,N,0,0.02459,10.92
unset,64,1024,1024,64,fp32,T,N,0,0.30027,28.61
unset,1024,4096,8192,4,fp32,T,N,1,6.99543,39.29
unset,2048,4096,4096,16,fp32,T,N,1,27.88391,39.43
unset,128,2048,64,2,fp32,T,N,1,0.02485,2.70
unset,64,1024,64,2,fp32,T,N,1,0.01035,1.62
unset,256,256,1024,4,fp32,T,N,0,0.02976,18.04
unset,4096,4096,4096,16,fp32,T,N,0,55.21123,39.83
unset,256,512,2048,4,fp32,T,N,0,0.09413,22.81
unset,512,4096,4096,16,fp32,T,N,0,7.76183,35.41
unset,256,256,512,8,fp32,T,N,1,0.03136,17.12
unset,1024,4096,4096,4,fp32,T,N,1,3.50609,39.20
unset,64,1024,512,16,fp32,T,N,0,0.06965,15.42
unset,64,256,8192,2,fp32,T,N,1,0.13339,4.02
unset,2048,2048,64,32,fp32,T,N,1,1.27307,13.49
unset,2048,64,2048,16,fp32,T,N,1,0.38272,22.44
unset,128,128,64,16,fp32,T,N,0,0.01099,3.05
unset,64,256,512,32,fp32,T,N,1,0.04613,11.64
unset,128,4096,8192,2,fp32,T,T,1,0.91974,18.68
unset,128,4096,512,2,fp32,T,T,1,0.07589,14.15
unset,128,256,1024,64,fp32,T,T,1,0.26693,16.09
unset,64,1024,512,128,fp32,T,T,0,0.92368,9.30
unset,2048,256,128,64,fp32,T,T,0,0.50608,16.97
unset,2048,128,256,4,fp32,T,T,0,0.04149,12.94
unset,64,4096,4096,4,fp32,T,T,1,0.71174,12.07
unset,4096,4096,512,32,fp32,T,T,0,14.39651,38.19
unset,256,4096,64,8,fp32,T,T,1,0.14139,7.59
unset,128,256,256,64,fp32,T,T,0,0.06827,15.73
unset,128,512,64,4,fp32,T,T,1,0.01184,2.83
unset,2048,4096,128,128,fp32,T,T,0,8.56135,32.11
unset,1024,512,128,128,fp32,T,T,0,1.02560,16.75
unset,4096,128,8192,8,fp32,T,T,1,2.60881,26.34
unset,256,1024,64,32,fp32,T,T,1,0.14016,7.66
unset,64,256,256,4,fp32,T,T,0,0.02283,1.47
unset,256,4096,1024,8,fp32,T,T,0,0.60096,28.59
unset,512,512,128,2,fp32,T,T,1,0.02000,6.71
unset,128,1024,2048,128,fp32,T,T,1,2.93926,23.38
unset,2048,256,64,16,fp32,T,T,1,0.13483,7.96
unset,1024,128,256,64,bf16,N,N,0,0.16608,25.86
unset,512,1024,512,4,bf16,N,N,1,0.05925,36.24
unset,64,128,512,64,bf16,N,N,1,0.04395,12.22
unset,128,4096,128,16,bf16,N,N,0,0.12597,17.05
unset,1024,64,512,4,bf16,N,N,0,0.02592,10.36
unset,2048,256,64,8,bf16,N,N,0,0.03355,16.00
unset,1024,4096,4096,4,bf16,N,N,0,1.27003,108.22
unset,2048,64,4096,16,bf16,N,N,0,0.45600,37.68
unset,128,1024,512,8,bf16,N,N,1,0.07115,15.09
unset,128,512,128,8,bf16,N,N,0,0.01275,10.53
unset,128,2048,8192,4,bf16,N,N,0,0.36624,46.91
unset,512,1024,512,128,bf16,N,N,0,0.99595,69.00
unset,128,512,512,4,bf16,N,N,1,0.02128,12.61
unset,128,2048,128,4,bf16,N,N,0,0.02005,13.39
unset,1024,128,4096,16,bf16,N,N,0,0.33600,51.13
unset,128,256,2048,128,bf16,N,N,1,0.34880,49.25
unset,512,128,128,128,bf16,N,N,0,0.11104,19.34
unset,64,512,64,8,bf16,N,N,0,0.00949,3.53
unset,64,2048,1024,4,bf16,N,N,1,0.05360,20.03
unset,2048,256,64,32,bf16,N,T,1,0.13968,15.37
unset,128,2048,2048,2,bf16,N,T,0,0.04000,53.69
unset,256,512,256,64,bf16,N,T,1,0.12128,35.41
unset,1024,256,512,16,bf16,N,T,0,0.08005,53.65
unset,64,256,512,4,bf16,N,T,0,0.01072,6.26
unset,4096,4096,4096,2,bf16,N,T,1,2.38331,115.33
unset,256,512,512,32,bf16,N,T,0,0.07760,55.35
unset,4096,64,64,2,bf16,N,T,0,0.00976,6.88
unset,128,128,2048,32,bf16,N,T,1,0.12411,17.30
unset,4096,64,64,16,bf16,N,T,0,0.03232,16.61
unset,2048,512,128,64,bf16,N,T,1,0.72438,23.72
unset,512,512,4096,128,bf16,N,T,1,2.64934,103.75
unset,256,2048,2048,128,bf16,N,T,0,5.31703,51.70
unset,256,1024,512,2,bf16,N,T,0,0.01637,32.79
unset,128,256,2048,32,bf16,N,T,0,0.23499,18.28
unset,256,256,512,4,bf16,N,T,1,0.01371,19.58
unset,2048,512,64,32,bf16,N,T,1,0.31221,13.76
unset,64,4096,4096,2,bf16,N,T,0,0.12571,34.17
unset,256,512,8192,16,bf16,N,T,1,0.53344,64.41
unset,1024,128,128,8,bf16,N,T,1,0.02069,12.97
unset,4096,128,128,32,bf16,T,N,1,0.22533,19.06
unset,512,2048,8192,8,bf16,T,N,0,1.39110,98.80
unset,2048,64,64,32,bf16,T,N,0,0.02736,19.62
unset,2048,128,4096,4,bf16,T,N,1,0.18443,46.58
unset,2048,2048,64,2,bf16,T,N,0,0.05888,18.24
unset,4096,256,512,4,bf16,T,N,0,0.08779,48.92
unset,64,512,1024,4,bf16,T,N,0,0.02181,12.31
unset,4096,4096,1024,4,bf16,T,N,1,1.01307,135.67
unset,64,256,256,128,bf16,T,N,1,0.06832,15.72
unset,512,2048,128,2,bf16,T,N,1,0.03024,17.75
unset,1024,256,1024,128,bf16,T,N,0,0.66747,102.96
unset,4096,256,128,2,bf16,T,N,0,0.02917,18.40
unset,256,512,4096,4,bf16,T,N,1,0.11488,37.39
unset,1024,512,512,128,bf16,T,N,1,1.21814,56.41
unset,4096,512,1024,32,bf16,T,N,1,1.73760,79.10
unset,2048,128,8192,8,bf16,T,N,0,0.36901,93.11
unset,128,256,256,128,bf16,T,N,0,0.09440,22.75
unset,1024,256,128,4,bf16,T,N,1,0.02085,12.87
unset,4096,128,64,8,bf16,T,N,1,0.05131,10.46
unset,1024,4096,128,2,bf16,T,N,1,0.09307,23.07
unset,64,512,8192,2,bf16,T,T,0,0.22795,4.71
unset,64,128,128,128,bf16,T,T,0,0.01504,17.85
unset,256,128,128,4,bf16,T,T,1,0.00992,3.38
unset,2048,256,256,128,bf16,T,T,0,0.61925,55.49
unset,64,1024,128,8,bf16,T,T,0,0.01024,13.11
unset,4096,128,1024,16,bf16,T,T,1,0.22085,77.79
unset,1024,64,8192,64,bf16,T,T,1,1.61664,42.51
unset,512,1024,2048,4,bf16,T,T,1,0.12784,67.19
unset,128,64,2048,64,bf16,T,T,0,0.10773,19.93
unset,4096,128,4096,64,bf16,T,T,1,2.69211,102.10
unset,128,1024,2048,32,bf16,T,T,0,0.31755,54.10
unset,2048,1024,1024,2,bf16,T,T,0,0.09141,93.97
unset,1024,1024,2048,4,bf16,T,T,0,0.22512,76.31
unset,512,64,128,32,bf16,T,T,1,0.01728,15.53
unset,2048,1024,1024,128,bf16,T,T,1,4.82828,113.86
unset,128,1024,2048,64,bf16,T,T,0,0.66838,51.41
unset,2048,1024,1024,2,bf16,T,T,1,0.10256,83.75
unset,512,128,256,2,bf16,T,T,0,0.01003,6.69
unset,2048,64,8192,16,bf16,T,T,1,1.05712,32.50
unset,4096,1024,4096,8,bf16,T,T,1,2.10592,130.53
unset,256,64,512,128,fp16,N,N,1,0.09056,23.71
unset,128,64,1024,64,fp16,N,N,0,0.05504,19.51
unset,64,256,4096,8,fp16,N,N,0,0.05275,20.36
unset,1024,64,1024,8,fp16,N,N,1,0.03648,29.43
unset,128,128,256,8,fp16,N,N,0,0.01125,5.96
unset,1024,1024,1024,4,fp16,N,N,0,0.10789,79.61
unset,512,1024,256,8,fp16,N,N,1,0.06997,30.69
unset,512,2048,4096,2,fp16,N,N,1,0.18832,91.23
unset,64,512,512,16,fp16,N,N,0,0.04384,12.25
unset,512,256,512,128,fp16,N,N,0,0.86502,19.86
unset,128,512,128,8,fp16,N,N,0,0.01184,11.34
unset,2048,256,64,2,fp16,N,N,0,0.01333,10.07
unset,4096,128,64,16,fp16,N,N,0,0.05344,20.09
unset,2048,1024,8192,16,fp16,N,N,0,4.62007,118.99
unset,128,2048,64,32,fp16,N,N,0,0.08912,12.05
unset,128,2048,4096,4,fp16,N,N,0,0.18667,46.02
unset,4096,4096,8192,8,fp16,N,N,0,22.85728,96.21
unset,4096,4096,64,8,fp16,N,N,0,0.60379,28.45
unset,2048,64,512,32,fp16,N,N,1,0.15120,28.41
unset,256,1024,2048,64,fp16,N,T,0,3.61222,19.02
unset,2048,64,2048,32,fp16,N,T,1,0.44555,38.56
unset,1024,4096,512,64,fp16,N,T,1,4.50337,61.04
unset,2048,256,256,32,fp16,N,T,1,0.21509,39.94
unset,512,4096,128,16,fp16,N,T,1,0.36827,23.33
unset,2048,256,1024,16,fp16,N,T,0,0.89803,19.13
unset,1024,128,64,64,fp16,N,T,1,0.08827,12.16
unset,128,128,64,4,fp16,N,T,0,0.00864,0.97
unset,256,256,2048,16,fp16,N,T,1,0.08219,52.26
unset,512,128,1024,8,fp16,N,T,0,0.06549,16.39
unset,64,128,8192,16,fp16,N,T,1,0.14112,15.22
unset,2048,2048,256,8,fp16,N,T,0,0.26944,63.76
unset,2048,1024,64,32,fp16,N,T,1,0.63648,13.50
unset,1024,2048,256,128,fp16,N,T,1,2.99718,45.86
unset,128,1024,128,128,fp16,N,T,1,0.25088,17.12
unset,256,4096,4096,32,fp16,N,T,1,3.88534,70.75
unset,256,128,128,2,fp16,N,T,0,0.00923,1.82
unset,128,128,4096,4,fp16,N,T,1,0.09925,5.41
unset,64,128,64,64,fp16,T,N,0,0.01056,6.36
unset,64,2048,8192,16,fp16,T,N,0,0.57248,60.02
unset,2048,256,8192,8,fp16,T,N,0,0.61408,111.91
unset,128,2048,4096,32,fp16,T,N,1,1.15046,59.73
unset,256,256,256,32,fp16,T,N,0,0.04992,21.51
unset,512,1024,2048,64,fp16,T,N,0,1.71659,80.07
unset,512,512,8192,4,fp16,T,N,1,0.23205,74.03
unset,2048,1024,8192,32,fp16,T,N,1,10.33261,106.41
unset,1024,512,8192,128,fp16,T,N,0,10.08296,109.05
unset,512,64,8192,4,fp16,T,N,0,0.05680,37.81
unset,256,512,64,16,fp16,T,N,1,0.02859,9.39
unset,256,4096,64,64,fp16,T,N,0,0.32843,26.15
unset,128,4096,128,32,fp16,T,N,1,0.16251,26.43
unset,1024,4096,64,2,fp16,T,N,0,0.03760,28.56
unset,1024,2048,512,4,fp16,T,N,0,0.11035,77.84
unset,4096,4096,1024,2,fp16,T,N,1,0.61984,110.87
unset,2048,64,64,128,fp16,T,N,0,0.10080,21.30
unset,64,128,512,32,fp16,T,N,0,0.02645,10.15
unset,128,1024,64,4,fp16,T,N,1,0.01136,5.91
unset,256,512,2048,128,fp16,T,N,1,1.00256,68.54
unset,256,256,512,8,fp16,T,T,0,0.06485,8.28
unset,2048,512,128,4,fp16,T,T,0,0.10224,10.50
unset,4096,256,2048,8,fp16,T,T,0,2.21089,15.54
unset,2048,2048,8192,8,fp16,T,T,1,28.32978,19.41
unset,64,512,64,8,fp16,T,T,0,0.01509,2.22
unset,256,64,64,16,fp16,T,T,1,0.01989,1.69
unset,2048,2048,64,4,fp16,T,T,1,0.27856,7.71
unset,256,256,2048,64,fp16,T,T,1,0.28597,60.07
unset,256,2048,1024,16,fp16,T,T,0,1.17590,14.61
unset,1024,4096,512,64,fp16,T,T,1,14.30665,19.21
unset,4096,1024,128,2,fp16,T,T,1,0.18757,11.45
unset,64,4096,128,64,fp16,T,T,0,0.42176,10.18
unset,64,256,4096,128,fp16,T,T,1,5.26007,3.27
unset,128,4096,512,2,fp16,T,T,0,0.08811,12.19
unset,1024,256,4096,4,fp16,T,T,0,0.81787,10.50
unset,4096,256,2048,4,fp16,T,T,1,1.24304,13.82
unset,256,512,256,4,fp16,T,T,0,0.03077,8.72
unset,2048,64,256,2,fp16,T,T,1,0.02101,6.39
tensile,512,512,512,32,fp32,N,N,0,0.27584,31.14
tensile,128,128,256,128,fp32,N,N,0,0.12608,8.52
tensile,256,2048,4096,32,fp32,N,N,0,4.34279,31.65
tensile,1024,512,512,16,fp32,N,N,0,0.25317,33.93
tensile,4096,2048,512,4,fp32,N,N,1,0.94571,36.33
tensile,2048,128,2048,2,fp32,N,N,0,0.08816,24.36
tensile,512,256,4096,2,fp32,N,N,1,0.10624,20.21
tensile,1024,64,4096,4,fp32,N,N,1,0.14619,14.69
tensile,1024,64,8192,32,fp32,N,N,0,1.92971,17.81
tensile,1024,512,64,8,fp32,N,N,0,0.03995,13.44
tensile,128,2048,256,64,fp32,N,N,1,0.36891,23.28
tensile,1024,128,256,2,fp32,N,N,0,0.01344,9.99
tensile,64,128,8192,64,fp32,N,N,1,0.49403,17.39
tensile,64,512,128,4,fp32,N,N,1,0.01163,2.89
tensile,1024,64,4096,8,fp32,N,N,0,0.30613,14.03
tensile,1024,512,512,128,fp32,N,N,0,1.90678,36.04
tensile,2048,128,8192,8,fp32,N,N,1,1.37792,24.94
tensile,4096,4096,256,8,fp32,N,N,1,1.85942,36.96
tensile,64,128,256,32,fp32,N,N,1,0.02240,5.99
tensile,64,64,128,4,fp32,N,T,1,0.00917,0.46
tensile,128,128,4096,4,fp32,N,T,0,0.06864,7.82
tensile,4096,256,128,128,fp32,N,T,1,1.75233,19.61
tensile,128,2048,128,32,fp32,N,T,1,0.17173,12.50
tensile,64,1024,64,8,fp32,N,T,0,0.01109,6.05
tensile,512,512,2048,128,fp32,N,T,1,3.76113,36.54
tensile,512,512,2048,32,fp32,N,T,0,0.95318,36.05
tensile,128,64,2048,64,fp32,N,T,1,0.17237,12.46
tensile,4096,512,512,8,fp32,N,T,0,0.50507,34.01
tensile,2048,2048,1024,2,fp32,N,T,1,0.50960,33.71
tensile,128,4096,512,16,fp32,N,T,1,0.34043,25.23
tensile,512,4096,128,16,fp32,N,T,1,0.44288,19.40
tensile,256,64,1024,64,fp32,N,T,1,0.17707,12.13
tensile,4096,512,256,8,fp32,N,T,1,0.31179,27.55
tensile,256,512,256,8,fp32,N,T,1,0.04064,13.21
tensile,2048,2048,8192,4,fp32,N,T,1,9.85955,27.88
tensile,256,128,2048,2,fp32,N,T,1,0.03333,8.05
tensile,2048,256,512,64,fp32,N,T,0,1.01814,33.75
tensile,4096,2048,1024,64,fp32,N,T,1,31.18835,35.25
tensile,2048,4096,512,16,fp32,T,N,1,3.52561,38.98
tensile,2048,512,64,2,fp32,T,N,0,0.02395,11.21
tensile,64,1024,1024,64,fp32,T,N,0,0.29947,28.68
tensile,1024,4096,8192,4,fp32,T,N,1,6.99559,39.29
tensile,2048,4096,4096,16,fp32,T,N,1,27.88189,39.43
tensile,128,2048,64,2,fp32,T,N,1,0.02421,2.77
tensile,64,1024,64,2,fp32,T,N,1,0.00987,1.70
tensile,256,256,1024,4,fp32,T,N,0,0.02939,18.27
tensile,4096,4096,4096,16,fp32,T,N,0,55.20166,39.84
tensile,256,512,2048,4,fp32,T,N,0,0.09339,23.00
tensile,512,4096,4096,16,fp32,T,N,0,7.75677,35.44
tensile,256,256,512,8,fp32,T,N,1,0.03072,17.48
tensile,1024,4096,4096,4,fp32,T,N,1,3.50566,39.20
tensile,64,1024,512,16,fp32,T,N,0,0.06923,15.51
tensile,64,256,8192,2,fp32,T,N,1,0.13339,4.02
tensile,2048,2048,64,32,fp32,T,N,1,1.27152,13.51
tensile,2048,64,2048,16,fp32,T,N,1,0.38059,22.57
tensile,128,128,64,16,fp32,T,N,0,0.00976,3.44
tensile,64,256,512,32,fp32,T,N,1,0.04645,11.56
tensile,128,4096,8192,2,fp32,T,T,1,0.91648,18.75
tensile,128,4096,512,2,fp32,T,T,1,0.07627,14.08
tensile,128,256,1024,64,fp32,T,T,1,0.26480,16.22
tensile,64,1024,512,128,fp32,T,T,0,0.91974,9.34
tensile,2048,256,128,64,fp32,T,T,0,0.50656,16.96
tensile,2048,128,256,4,fp32,T,T,0,0.04091,13.12
tensile,64,4096,4096,4,fp32,T,T,1,0.71131,12.08
tensile,4096,4096,512,32,fp32,T,T,0,14.39604,38.19
tensile,256,4096,64,8,fp32,T,T,1,0.13952,7.70
tensile,128,256,256,64,fp32,T,T,0,0.06715,15.99
tensile,128,512,64,4,fp32,T,T,1,0.01141,2.94
tensile,2048,4096,128,128,fp32,T,T,0,8.56066,32.11
tensile,1024,512,128,128,fp32,T,T,0,1.02832,16.71
tensile,4096,128,8192,8,fp32,T,T,1,2.58507,26.58
tensile,256,1024,64,32,fp32,T,T,1,0.13899,7.73
tensile,64,256,256,4,fp32,T,T,0,0.02219,1.51
tensile,256,4096,1024,8,fp32,T,T,0,0.59755,28.75
tensile,512,512,128,2,fp32,T,T,1,0.01952,6.88
tensile,128,1024,2048,128,fp32,T,T,1,3.09238,22.22
tensile,2048,256,64,16,fp32,T,T,1,0.13205,8.13
tensile,1024,128,256,64,bf16,N,N,0,0.16624,25.84
tensile,512,1024,512,4,bf16,N,N,1,0.05909,36.34
tensile,64,128,512,64,bf16,N,N,1,0.04400,12.20
tensile,128,4096,128,16,bf16,N,N,0,0.12592,17.05
tensile,1024,64,512,4,bf16,N,N,0,0.02555,10.51
tensile,2048,256,64,8,bf16,N,N,0,0.03200,16.78
tensile,1024,4096,4096,4,bf16,N,N,0,1.26411,108.72
tensile,2048,64,4096,16,bf16,N,N,0,0.45611,37.67
tensile,128,1024,512,8,bf16,N,N,1,0.07072,15.18
tensile,128,512,128,8,bf16,N,N,0,0.01211,11.09
tensile,128,2048,8192,4,bf16,N,N,0,0.36656,46.87
tensile,512,1024,512,128,bf16,N,N,0,1.00758,68.20
tensile,128,512,512,4,bf16,N,N,1,0.02144,12.52
tensile,128,2048,128,4,bf16,N,N,0,0.01973,13.60
tensile,1024,128,4096,16,bf16,N,N,0,0.33216,51.72
tensile,128,256,2048,128,bf16,N,N,1,0.34800,49.37
tensile,512,128,128,128,bf16,N,N,0,0.11104,19.34
tensile,64,512,64,8,bf16,N,N,0,0.00944,3.55
tensile,64,2048,1024,4,bf16,N,N,1,0.05349,20.07
tensile,2048,256,64,32,bf16,N,T,1,0.13856,15.50
tensile,128,2048,2048,2,bf16,N,T,0,0.04043,53.12
tensile,256,512,256,64,bf16,N,T,1,0.12347,34.79
tensile,1024,256,512,16,bf16,N,T,0,0.08176,52.53
tensile,64,256,512,4,bf16,N,T,0,0.01067,6.29
tensile,4096,4096,4096,2,bf16,N,T,1,2.29467,119.79
tensile,256,512,512,32,bf16,N,T,0,0.07664,56.04
tensile,4096,64,64,2,bf16,N,T,0,0.00965,6.95
tensile,128,128,2048,32,bf16,N,T,1,0.12512,17.16
tensile,4096,64,64,16,bf16,N,T,0,0.03216,16.69
tensile,2048,512,128,64,bf16,N,T,1,0.71014,24.19
tensile,512,512,4096,128,bf16,N,T,1,2.65275,103.62
tensile,256,2048,2048,128,bf16,N,T,0,5.48940,50.07
tensile,256,1024,512,2,bf16,N,T,0,0.01621,33.11
tensile,128,256,2048,32,bf16,N,T,0,0.23525,18.26
tensile,256,256,512,4,bf16,N,T,1,0.01381,19.43
tensile,2048,512,64,32,bf16,N,T,1,0.31525,13.62
tensile,64,4096,4096,2,bf16,N,T,0,0.12608,34.07
tensile,256,512,8192,16,bf16,N,T,1,0.52107,65.94
tensile,1024,128,128,8,bf16,N,T,1,0.02021,13.28
tensile,4096,128,128,32,bf16,T,N,1,0.22528,19.06
tensile,512,2048,8192,8,bf16,T,N,0,1.38512,99.23
tensile,2048,64,64,32,bf16,T,N,0,0.02741,19.58
tensile,2048,128,4096,4,bf16,T,N,1,0.18347,46.82
tensile,2048,2048,64,2,bf16,T,N,0,0.05883,18.25
tensile,4096,256,512,4,bf16,T,N,0,0.08896,48.28
tensile,64,512,1024,4,bf16,T,N,0,0.02213,12.13
tensile,4096,4096,1024,4,bf16,T,N,1,1.01355,135.60
tensile,64,256,256,128,bf16,T,N,1,0.07120,15.08
tensile,512,2048,128,2,bf16,T,N,1,0.03024,17.75
tensile,1024,256,1024,128,bf16,T,N,0,0.66651,103.10
tensile,4096,256,128,2,bf16,T,N,0,0.02901,18.50
tensile,256,512,4096,4,bf16,T,N,1,0.11605,37.01
tensile,1024,512,512,128,bf16,T,N,1,1.24411,55.24
tensile,4096,512,1024,32,bf16,T,N,1,1.75403,78.36
tensile,2048,128,8192,8,bf16,T,N,0,0.37701,91.14
tensile,128,256,256,128,bf16,T,N,0,0.09584,22.41
tensile,1024,256,128,4,bf16,T,N,1,0.02117,12.68
tensile,4096,128,64,8,bf16,T,N,1,0.05211,10.30
tensile,1024,4096,128,2,bf16,T,N,1,0.09360,22.94
tensile,64,512,8192,2,bf16,T,T,0,0.23056,4.66
tensile,64,128,128,128,bf16,T,T,0,0.01520,17.66
tensile,256,128,128,4,bf16,T,T,1,0.00976,3.44
tensile,2048,256,256,128,bf16,T,T,0,0.62592,54.89
tensile,64,1024,128,8,bf16,T,T,0,0.01040,12.91
tensile,4096,128,1024,16,bf16,T,T,1,0.22091,77.77
tensile,1024,64,8192,64,bf16,T,T,1,1.68614,40.76
tensile,512,1024,2048,4,bf16,T,T,1,0.12901,66.58
tensile,128,64,2048,64,bf16,T,T,0,0.10736,20.00
tensile,4096,128,4096,64,bf16,T,T,1,2.70273,101.70
tensile,128,1024,2048,32,bf16,T,T,0,0.32053,53.60
tensile,2048,1024,1024,2,bf16,T,T,0,0.09131,94.08
tensile,1024,1024,2048,4,bf16,T,T,0,0.22496,76.37
tensile,512,64,128,32,bf16,T,T,1,0.01733,15.49
tensile,2048,1024,1024,128,bf16,T,T,1,4.83569,113.69
tensile,128,1024,2048,64,bf16,T,T,0,0.67046,51.25
tensile,2048,1024,1024,2,bf16,T,T,1,0.10299,83.41
tensile,512,128,256,2,bf16,T,T,0,0.01024,6.55
tensile,2048,64,8192,16,bf16,T,T,1,0.97275,35.32
tensile,4096,1024,4096,8,bf16,T,T,1,2.10502,130.58
tensile,256,64,512,128,fp16,N,N,1,0.09387,22.88
tensile,128,64,1024,64,fp16,N,N,0,0.05552,19.34
tensile,64,256,4096,8,fp16,N,N,0,0.05317,20.19
tensile,1024,64,1024,8,fp16,N,N,1,0.03723,28.84
tensile,128,128,256,8,fp16,N,N,0,0.01115,6.02
tensile,1024,1024,1024,4,fp16,N,N,0,0.10869,79.03
tensile,512,1024,256,8,fp16,N,N,1,0.07035,30.53
tensile,512,2048,4096,2,fp16,N,N,1,0.19125,89.83
tensile,64,512,512,16,fp16,N,N,0,0.04469,12.01
tensile,512,256,512,128,fp16,N,N,0,0.85755,20.03
tensile,128,512,128,8,fp16,N,N,0,0.01195,11.23
tensile,2048,256,64,2,fp16,N,N,0,0.01312,10.23
tensile,4096,128,64,16,fp16,N,N,0,0.05397,19.89
tensile,2048,1024,8192,16,fp16,N,N,0,4.62668,118.82
tensile,128,2048,64,32,fp16,N,N,0,0.08848,12.14
tensile,128,2048,4096,4,fp16,N,N,0,0.18379,46.74
tensile,4096,4096,8192,8,fp16,N,N,0,22.90807,95.99
tensile,4096,4096,64,8,fp16,N,N,0,0.60256,28.51
tensile,2048,64,512,32,fp16,N,N,1,0.15189,28.28
tensile,256,1024,2048,64,fp16,N,T,0,3.61249,19.02
tensile,2048,64,2048,32,fp16,N,T,1,0.43184,39.78
tensile,1024,4096,512,64,fp16,N,T,1,4.53393,60.63
tensile,2048,256,256,32,fp16,N,T,1,0.21584,39.80
tensile,512,4096,128,16,fp16,N,T,1,0.37189,23.10
tensile,2048,256,1024,16,fp16,N,T,0,0.89275,19.24
tensile,1024,128,64,64,fp16,N,T,1,0.09061,11.85
tensile,128,128,64,4,fp16,N,T,0,0.00843,1.00
tensile,256,256,2048,16,fp16,N,T,1,0.08240,52.12
tensile,512,128,1024,8,fp16,N,T,0,0.06512,16.49
tensile,64,128,8192,16,fp16,N,T,1,0.14843,14.47
tensile,2048,2048,256,8,fp16,N,T,0,0.26997,63.64
tensile,2048,1024,64,32,fp16,N,T,1,0.63579,13.51
tensile,1024,2048,256,128,fp16,N,T,1,2.96022,46.43
tensile,128,1024,128,128,fp16,N,T,1,0.24891,17.26
tensile,256,4096,4096,32,fp16,N,T,1,4.07495,67.46
tensile,256,128,128,2,fp16,N,T,0,0.00891,1.88
tensile,128,128,4096,4,fp16,N,T,1,0.10080,5.33
tensile,64,128,64,64,fp16,T,N,0,0.01035,6.49
tensile,64,2048,8192,16,fp16,T,N,0,0.64006,53.68
tensile,2048,256,8192,8,fp16,T,N,0,0.61392,111.94
tensile,128,2048,4096,32,fp16,T,N,1,1.15456,59.52
tensile,256,256,256,32,fp16,T,N,0,0.04997,21.49
tensile,512,1024,2048,64,fp16,T,N,0,1.72401,79.72
tensile,512,512,8192,4,fp16,T,N,1,0.23248,73.90
tensile,2048,1024,8192,32,fp16,T,N,1,10.35240,106.21
tensile,1024,512,8192,128,fp16,T,N,0,9.98190,110.15
tensile,512,64,8192,4,fp16,T,N,0,0.05691,37.74
tensile,256,512,64,16,fp16,T,N,1,0.02816,9.53
tensile,256,4096,64,64,fp16,T,N,0,0.32816,26.18
tensile,128,4096,128,32,fp16,T,N,1,0.16549,25.95
tensile,1024,4096,64,2,fp16,T,N,0,0.03771,28.48
tensile,1024,2048,512,4,fp16,T,N,0,0.10992,78.15
tensile,4096,4096,1024,2,fp16,T,N,1,0.62117,110.63
tensile,2048,64,64,128,fp16,T,N,0,0.10048,21.37
tensile,64,128,512,32,fp16,T,N,0,0.02613,10.27
tensile,128,1024,64,4,fp16,T,N,1,0.01157,5.80
tensile,256,512,2048,128,fp16,T,N,1,1.00027,68.70
tensile,256,256,512,8,fp16,T,T,0,0.06501,8.26
tensile,2048,512,128,4,fp16,T,T,0,0.10117,10.61
tensile,4096,256,2048,8,fp16,T,T,0,2.22411,15.45
tensile,2048,2048,8192,8,fp16,T,T,1,28.32702,19.41
tensile,64,512,64,8,fp16,T,T,0,0.01541,2.18
tensile,256,64,64,16,fp16,T,T,1,0.01984,1.69
tensile,2048,2048,64,4,fp16,T,T,1,0.27845,7.71
tensile,256,256,2048,64,fp16,T,T,1,0.28656,59.95
tensile,256,2048,1024,16,fp16,T,T,0,1.15840,14.83
tensile,1024,4096,512,64,fp16,T,T,1,14.30906,19.21
tensile,4096,1024,128,2,fp16,T,T,1,0.18773,11.44
tensile,64,4096,128,64,fp16,T,T,0,0.42459,10.12
tensile,64,256,4096,128,fp16,T,T,1,5.04876,3.40
tensile,128,4096,512,2,fp16,T,T,0,0.09035,11.88
tensile,1024,256,4096,4,fp16,T,T,0,0.85840,10.01
tensile,4096,256,2048,4,fp16,T,T,1,1.24422,13.81
tensile,256,512,256,4,fp16,T,T,0,0.03072,8.74
tensile,2048,64,256,2,fp16,T,T,1,0.02096,6.40
hipblaslt,512,512,512,32,fp32,N,N,0,0.26304,32.66
hipblaslt,128,128,256,128,fp32,N,N,0,0.09392,11.43
hipblaslt,256,2048,4096,32,fp32,N,N,0,3.68193,37.33
hipblaslt,1024,512,512,16,fp32,N,N,0,0.25029,34.32
hipblaslt,4096,2048,512,4,fp32,N,N,1,0.91574,37.52
hipblaslt,2048,128,2048,2,fp32,N,N,0,0.07397,29.03
hipblaslt,512,256,4096,2,fp32,N,N,1,0.08917,24.08
hipblaslt,1024,64,4096,4,fp32,N,N,1,0.13808,15.55
hipblaslt,1024,64,8192,32,fp32,N,N,0,2.95020,11.65
hipblaslt,1024,512,64,8,fp32,N,N,0,0.04320,12.43
hipblaslt,128,2048,256,64,fp32,N,N,1,0.56064,15.32
hipblaslt,1024,128,256,2,fp32,N,N,0,0.01973,6.80
hipblaslt,64,128,8192,64,fp32,N,N,1,0.64187,13.38
hipblaslt,64,512,128,4,fp32,N,N,1,0.01893,1.77
hipblaslt,1024,64,4096,8,fp32,N,N,0,0.25856,16.61
hipblaslt,1024,512,512,128,fp32,N,N,0,1.81201,37.92
hipblaslt,2048,128,8192,8,fp32,N,N,1,1.55894,22.04
hipblaslt,4096,4096,256,8,fp32,N,N,1,1.85921,36.96
hipblaslt,64,128,256,32,fp32,N,N,1,0.02085,6.44
hipblaslt,64,64,128,4,fp32,N,T,1,0.01739,0.24
hipblaslt,128,128,4096,4,fp32,N,T,0,0.05061,10.61
hipblaslt,4096,256,128,128,fp32,N,T,1,2.32150,14.80
hipblaslt,128,2048,128,32,fp32,N,T,1,0.21029,10.21
hipblaslt,64,1024,64,8,fp32,N,T,0,0.02053,3.27
hipblaslt,512,512,2048,128,fp32,N,T,1,5.02316,27.36
hipblaslt,512,512,2048,32,fp32,N,T,0,1.02992,33.36
hipblaslt,128,64,2048,64,fp32,N,T,1,0.22011,9.76
hipblaslt,4096,512,512,8,fp32,N,T,0,0.48261,35.60
hipblaslt,2048,2048,1024,2,fp32,N,T,1,0.48203,35.64
hipblaslt,128,4096,512,16,fp32,N,T,1,0.34944,24.58
hipblaslt,512,4096,128,16,fp32,N,T,1,0.54784,15.68
hipblaslt,256,64,1024,64,fp32,N,T,1,0.19728,10.89
hipblaslt,4096,512,256,8,fp32,N,T,1,0.37963,22.63
hipblaslt,256,512,256,8,fp32,N,T,1,0.03968,13.53
hipblaslt,2048,2048,8192,4,fp32,N,T,1,9.27977,29.62
hipblaslt,256,128,2048,2,fp32,N,T,1,0.03813,7.04
hipblaslt,2048,256,512,64,fp32,N,T,0,1.08619,31.63
hipblaslt,4096,2048,1024,64,fp32,N,T,1,32.34571,33.99
hipblaslt,2048,4096,512,16,fp32,T,N,1,3.51740,39.07
hipblaslt,2048,512,64,2,fp32,T,N,0,0.02880,9.32
hipblaslt,64,1024,1024,64,fp32,T,N,0,0.37269,23.05
hipblaslt,1024,4096,8192,4,fp32,T,N,1,6.94600,39.57
hipblaslt,2048,4096,4096,16,fp32,T,N,1,27.38537,40.15
hipblaslt,128,2048,64,2,fp32,T,N,1,0.02229,3.01
hipblaslt,64,1024,64,2,fp32,T,N,1,0.01883,0.89
hipblaslt,256,256,1024,4,fp32,T,N,0,0.03237,16.58
hipblaslt,4096,4096,4096,16,fp32,T,N,0,54.65650,40.23
hipblaslt,256,512,2048,4,fp32,T,N,0,0.12299,17.46
hipblaslt,512,4096,4096,16,fp32,T,N,0,6.93219,39.65
hipblaslt,256,256,512,8,fp32,T,N,1,0.03659,14.67
hipblaslt,1024,4096,4096,4,fp32,T,N,1,3.49479,39.33
hipblaslt,64,1024,512,16,fp32,T,N,0,0.05232,20.52
hipblaslt,64,256,8192,2,fp32,T,N,1,0.03947,13.60
hipblaslt,2048,2048,64,32,fp32,T,N,1,1.67099,10.28
hipblaslt,2048,64,2048,16,fp32,T,N,1,0.35995,23.86
hipblaslt,128,128,64,16,fp32,T,N,0,0.01984,1.69
hipblaslt,64,256,512,32,fp32,T,N,1,0.05173,10.38
hipblaslt,128,4096,8192,2,fp32,T,T,1,0.87131,19.72
hipblaslt,128,4096,512,2,fp32,T,T,1,0.07643,14.05
hipblaslt,128,256,1024,64,fp32,T,T,1,0.25883,16.59
hipblaslt,64,1024,512,128,fp32,T,T,0,0.57126,15.04
hipblaslt,2048,256,128,64,fp32,T,T,0,0.84870,10.12
hipblaslt,2048,128,256,4,fp32,T,T,0,0.04800,11.18
hipblaslt,64,4096,4096,4,fp32,T,T,1,0.49670,17.29
hipblaslt,4096,4096,512,32,fp32,T,T,0,27.34308,20.11
hipblaslt,256,4096,64,8,fp32,T,T,1,0.23221,4.62
hipblaslt,128,256,256,64,fp32,T,T,0,0.09445,11.37
hipblaslt,128,512,64,4,fp32,T,T,1,0.01984,1.69
hipblaslt,2048,4096,128,128,fp32,T,T,0,27.05124,10.16
hipblaslt,1024,512,128,128,fp32,T,T,0,1.65675,10.37
hipblaslt,4096,128,8192,8,fp32,T,T,1,3.12998,21.96
hipblaslt,256,1024,64,32,fp32,T,T,1,0.22757,4.72
hipblaslt,64,256,256,4,fp32,T,T,0,0.01803,1.86
hipblaslt,256,4096,1024,8,fp32,T,T,0,0.78102,22.00
hipblaslt,512,512,128,2,fp32,T,T,1,0.02405,5.58
hipblaslt,128,1024,2048,128,fp32,T,T,1,2.97862,23.07
hipblaslt,2048,256,64,16,fp32,T,T,1,0.22389,4.80
hipblaslt,1024,128,256,64,bf16,N,N,0,0.16784,25.59
hipblaslt,512,1024,512,4,bf16,N,N,1,0.08235,26.08
hipblaslt,64,128,512,64,bf16,N,N,1,0.05333,10.07
hipblaslt,128,4096,128,16,bf16,N,N,0,0.11877,18.08
hipblaslt,1024,64,512,4,bf16,N,N,0,0.02315,11.60
hipblaslt,2048,256,64,8,bf16,N,N,0,0.05413,9.92
hipblaslt,1024,4096,4096,4,bf16,N,N,0,7.21986,19.04
hipblaslt,2048,64,4096,16,bf16,N,N,0,0.55926,30.72
hipblaslt,128,1024,512,8,bf16,N,N,1,0.05392,19.91
hipblaslt,128,512,128,8,bf16,N,N,0,0.01899,7.07
hipblaslt,128,2048,8192,4,bf16,N,N,0,0.87419,19.65
hipblaslt,512,1024,512,128,bf16,N,N,0,1.98683,34.59
hipblaslt,128,512,512,4,bf16,N,N,1,0.02240,11.98
hipblaslt,128,2048,128,4,bf16,N,N,0,0.02533,10.60
hipblaslt,1024,128,4096,16,bf16,N,N,0,0.61232,28.06
hipblaslt,128,256,2048,128,bf16,N,N,1,1.11131,15.46
hipblaslt,512,128,128,128,bf16,N,N,0,0.11301,19.00
hipblaslt,64,512,64,8,bf16,N,N,0,0.01792,1.87
hipblaslt,64,2048,1024,4,bf16,N,N,1,0.06907,15.55
hipblaslt,2048,256,64,32,bf16,N,T,1,0.19056,11.27
hipblaslt,128,2048,2048,2,bf16,N,T,0,0.18619,11.53
hipblaslt,256,512,256,64,bf16,N,T,1,0.30827,13.93
hipblaslt,1024,256,512,16,bf16,N,T,0,0.28592,15.02
hipblaslt,64,256,512,4,bf16,N,T,0,0.01920,3.50
hipblaslt,4096,4096,4096,2,bf16,N,T,1,22.56861,12.18
hipblaslt,256,512,512,32,bf16,N,T,0,0.28539,15.05
hipblaslt,4096,64,64,2,bf16,N,T,0,0.01947,3.45
hipblaslt,128,128,2048,32,bf16,N,T,1,0.18592,11.55
hipblaslt,4096,64,64,16,bf16,N,T,0,0.05035,10.66
hipblaslt,2048,512,128,64,bf16,N,T,1,1.38598,12.40
hipblaslt,512,512,4096,128,bf16,N,T,1,20.29511,13.54
hipblaslt,256,2048,2048,128,bf16,N,T,0,19.47820,14.11
hipblaslt,256,1024,512,2,bf16,N,T,0,0.04656,11.53
hipblaslt,128,256,2048,32,bf16,N,T,0,0.37120,11.57
hipblaslt,256,256,512,4,bf16,N,T,1,0.02987,8.99
hipblaslt,2048,512,64,32,bf16,N,T,1,0.38283,11.22
hipblaslt,64,4096,4096,2,bf16,N,T,0,0.36816,11.67
hipblaslt,256,512,8192,16,bf16,N,T,1,2.52945,13.58
hipblaslt,1024,128,128,8,bf16,N,T,1,0.03381,7.94
hipblaslt,4096,128,128,32,bf16,T,N,1,0.26245,16.36
hipblaslt,512,2048,8192,8,bf16,T,N,0,9.61358,14.30
hipblaslt,2048,64,64,32,bf16,T,N,0,0.05013,10.71
hipblaslt,2048,128,4096,4,bf16,T,N,1,0.37227,23.07
hipblaslt,2048,2048,64,2,bf16,T,N,0,0.09136,11.75
hipblaslt,4096,256,512,4,bf16,T,N,0,0.16128,26.63
hipblaslt,64,512,1024,4,bf16,T,N,0,0.03077,8.72
hipblaslt,4096,4096,1024,4,bf16,T,N,1,4.66284,29.48
hipblaslt,64,256,256,128,bf16,T,N,1,0.07696,13.95
hipblaslt,512,2048,128,2,bf16,T,N,1,0.04245,12.65
hipblaslt,1024,256,1024,128,bf16,T,N,0,2.09393,32.82
hipblaslt,4096,256,128,2,bf16,T,N,0,0.04336,12.38
hipblaslt,256,512,4096,4,bf16,T,N,1,0.21915,19.60
hipblaslt,1024,512,512,128,bf16,T,N,1,2.28299,30.10
hipblaslt,4096,512,1024,32,bf16,T,N,1,4.24769,32.36
hipblaslt,2048,128,8192,8,bf16,T,N,0,1.80011,19.09
hipblaslt,128,256,256,128,bf16,T,N,0,0.10011,21.45
hipblaslt,1024,256,128,4,bf16,T,N,1,0.02523,10.64
hipblaslt,4096,128,64,8,bf16,T,N,1,0.05755,9.33
hipblaslt,1024,4096,128,2,bf16,T,N,1,0.13552,15.85
hipblaslt,64,512,8192,2,bf16,T,T,0,0.20816,5.16
hipblaslt,64,128,128,128,bf16,T,T,0,0.03168,8.47
hipblaslt,256,128,128,4,bf16,T,T,1,0.01824,1.84
hipblaslt,2048,256,256,128,bf16,T,T,0,2.16801,15.85
hipblaslt,64,1024,128,8,bf16,T,T,0,0.02059,6.52
hipblaslt,4096,128,1024,16,bf16,T,T,1,1.08470,15.84
hipblaslt,1024,64,8192,64,bf16,T,T,1,5.17847,13.27
hipblaslt,512,1024,2048,4,bf16,T,T,1,0.55072,15.60
hipblaslt,128,64,2048,64,bf16,T,T,0,0.25744,8.34
hipblaslt,4096,128,4096,64,bf16,T,T,1,17.44710,15.75
hipblaslt,128,1024,2048,32,bf16,T,T,0,1.39275,12.34
hipblaslt,2048,1024,1024,2,bf16,T,T,0,0.53334,16.11
hipblaslt,1024,1024,2048,4,bf16,T,T,0,1.05867,16.23
hipblaslt,512,64,128,32,bf16,T,T,1,0.03413,7.86
hipblaslt,2048,1024,1024,128,bf16,T,T,1,32.82326,16.75
hipblaslt,128,1024,2048,64,bf16,T,T,0,2.80444,12.25
hipblaslt,2048,1024,1024,2,bf16,T,T,1,0.54571,15.74
hipblaslt,512,128,256,2,bf16,T,T,0,0.01925,3.49
hipblaslt,2048,64,8192,16,bf16,T,T,1,2.29035,15.00
hipblaslt,4096,1024,4096,8,bf16,T,T,1,18.38337,14.95
hipblaslt,256,64,512,128,fp16,N,N,1,0.08640,24.86
hipblaslt,128,64,1024,64,fp16,N,N,0,0.05733,18.73
hipblaslt,64,256,4096,8,fp16,N,N,0,0.04912,21.86
hipblaslt,1024,64,1024,8,fp16,N,N,1,0.04064,26.42
hipblaslt,128,128,256,8,fp16,N,N,0,0.01765,3.80
hipblaslt,1024,1024,1024,4,fp16,N,N,0,0.09941,86.41
hipblaslt,512,1024,256,8,fp16,N,N,1,0.06544,32.82
hipblaslt,512,2048,4096,2,fp16,N,N,1,0.18421,93.26
hipblaslt,64,512,512,16,fp16,N,N,0,0.02709,19.82
hipblaslt,512,256,512,128,fp16,N,N,0,0.32384,53.05
hipblaslt,128,512,128,8,fp16,N,N,0,0.01920,6.99
hipblaslt,2048,256,64,2,fp16,N,N,0,0.02000,6.71
hipblaslt,4096,128,64,16,fp16,N,N,0,0.05499,19.53
hipblaslt,2048,1024,8192,16,fp16,N,N,0,4.14145,132.74
hipblaslt,128,2048,64,32,fp16,N,N,0,0.09557,11.23
hipblaslt,128,2048,4096,4,fp16,N,N,0,0.11237,76.44
hipblaslt,4096,4096,8192,8,fp16,N,N,0,20.50359,107.25
hipblaslt,4096,4096,64,8,fp16,N,N,0,1.04400,16.46
hipblaslt,2048,64,512,32,fp16,N,N,1,0.16517,26.00
hipblaslt,256,1024,2048,64,fp16,N,T,0,0.71104,96.65
hipblaslt,2048,64,2048,32,fp16,N,T,1,0.40379,42.55
hipblaslt,1024,4096,512,64,fp16,N,T,1,4.43932,61.92
hipblaslt,2048,256,256,32,fp16,N,T,1,0.27744,30.96
hipblaslt,512,4096,128,16,fp16,N,T,1,0.47734,18.00
hipblaslt,2048,256,1024,16,fp16,N,T,0,0.21088,81.47
hipblaslt,1024,128,64,64,fp16,N,T,1,0.11136,9.64
hipblaslt,128,128,64,4,fp16,N,T,0,0.01797,0.47
hipblaslt,256,256,2048,16,fp16,N,T,1,0.07760,55.35
hipblaslt,512,128,1024,8,fp16,N,T,0,0.03573,30.05
hipblaslt,64,128,8192,16,fp16,N,T,1,0.09451,22.72
hipblaslt,2048,2048,256,8,fp16,N,T,0,0.33040,52.00
hipblaslt,2048,1024,64,32,fp16,N,T,1,0.73424,11.70
hipblaslt,1024,2048,256,128,fp16,N,T,1,3.71287,37.02
hipblaslt,128,1024,128,128,fp16,N,T,1,0.29925,14.35
hipblaslt,256,4096,4096,32,fp16,N,T,1,2.29894,119.57
hipblaslt,256,128,128,2,fp16,N,T,0,0.01867,0.90
hipblaslt,128,128,4096,4,fp16,N,T,1,0.03813,14.08
hipblaslt,64,128,64,64,fp16,T,N,0,0.01877,3.57
hipblaslt,64,2048,8192,16,fp16,T,N,0,0.50443,68.12
hipblaslt,2048,256,8192,8,fp16,T,N,0,0.51472,133.51
hipblaslt,128,2048,4096,32,fp16,T,N,1,0.57995,118.49
hipblaslt,256,256,256,32,fp16,T,N,0,0.03573,30.05
hipblaslt,512,1024,2048,64,fp16,T,N,0,1.01851,134.94
hipblaslt,512,512,8192,4,fp16,T,N,1,0.16480,104.25
hipblaslt,2048,1024,8192,32,fp16,T,N,1,8.01421,137.20
hipblaslt,1024,512,8192,128,fp16,T,N,0,7.59144,144.84
hipblaslt,512,64,8192,4,fp16,T,N,0,0.06251,34.36
hipblaslt,256,512,64,16,fp16,T,N,1,0.04208,6.38
hipblaslt,256,4096,64,64,fp16,T,N,0,0.31275,27.47
hipblaslt,128,4096,128,32,fp16,T,N,1,0.20203,21.26
hipblaslt,1024,4096,64,2,fp16,T,N,0,0.04971,21.60
hipblaslt,1024,2048,512,4,fp16,T,N,0,0.09973,86.13
hipblaslt,4096,4096,1024,2,fp16,T,N,1,0.68502,100.32
hipblaslt,2048,64,64,128,fp16,T,N,0,0.11163,19.24
hipblaslt,64,128,512,32,fp16,T,N,0,0.02080,12.91
hipblaslt,128,1024,64,4,fp16,T,N,1,0.02171,3.09
hipblaslt,256,512,2048,128,fp16,T,N,1,0.61083,112.50
hipblaslt,256,256,512,8,fp16,T,T,0,0.02853,18.82
hipblaslt,2048,512,128,4,fp16,T,T,0,0.07451,14.41
hipblaslt,4096,256,2048,8,fp16,T,T,0,0.97035,35.41
hipblaslt,2048,2048,8192,8,fp16,T,T,1,21.66818,25.37
hipblaslt,64,512,64,8,fp16,T,T,0,0.01920,1.75
hipblaslt,256,64,64,16,fp16,T,T,1,0.01877,1.79
hipblaslt,2048,2048,64,4,fp16,T,T,1,0.23184,9.26
hipblaslt,256,256,2048,64,fp16,T,T,1,0.53664,32.01
hipblaslt,256,2048,1024,16,fp16,T,T,0,0.49270,34.87
hipblaslt,1024,4096,512,64,fp16,T,T,1,8.89160,30.91
hipblaslt,4096,1024,128,2,fp16,T,T,1,0.14347,14.97
hipblaslt,64,4096,128,64,fp16,T,T,0,0.24325,17.66
hipblaslt,64,256,4096,128,fp16,T,T,1,0.63008,27.27
hipblaslt,128,4096,512,2,fp16,T,T,0,0.04720,22.75
hipblaslt,1024,256,4096,4,fp16,T,T,0,0.27595,31.13
hipblaslt,4096,256,2048,4,fp16,T,T,1,0.50923,33.74
hipblaslt,256,512,256,4,fp16,T,T,0,0.02005,13.39
hipblaslt,2048,64,256,2,fp16,T,T,1,0.01872,7.17
hipblaslt_b,512,512,512,32,fp32,N,N,0,0.26528,32.38
hipblaslt_b,128,128,256,128,fp32,N,N,0,0.09435,11.38
hipblaslt_b,256,2048,4096,32,fp32,N,N,0,3.67777,37.37
hipblaslt_b,1024,512,512,16,fp32,N,N,0,0.24901,34.50
hipblaslt_b,4096,2048,512,4,fp32,N,N,1,0.91318,37.63
hipblaslt_b,2048,128,2048,2,fp32,N,N,0,0.07424,28.93
hipblaslt_b,512,256,4096,2,fp32,N,N,1,0.08864,24.23
hipblaslt_b,1024,64,4096,4,fp32,N,N,1,0.13477,15.93
hipblaslt_b,1024,64,8192,32,fp32,N,N,0,3.03436,11.32
hipblaslt_b,1024,512,64,8,fp32,N,N,0,0.04245,12.65
hipblaslt_b,128,2048,256,64,fp32,N,N,1,0.55702,15.42
hipblaslt_b,1024,128,256,2,fp32,N,N,0,0.01979,6.78
hipblaslt_b,64,128,8192,64,fp32,N,N,1,0.70870,12.12
hipblaslt_b,64,512,128,4,fp32,N,N,1,0.01813,1.85
hipblaslt_b,1024,64,4096,8,fp32,N,N,0,0.26171,16.41
hipblaslt_b,1024,512,512,128,fp32,N,N,0,1.82609,37.63
hipblaslt_b,2048,128,8192,8,fp32,N,N,1,1.53921,22.32
hipblaslt_b,4096,4096,256,8,fp32,N,N,1,1.87035,36.74
hipblaslt_b,64,128,256,32,fp32,N,N,1,0.02064,6.50
hipblaslt_b,64,64,128,4,fp32,N,T,1,0.01728,0.24
hipblaslt_b,128,128,4096,4,fp32,N,T,0,0.04912,10.93
hipblaslt_b,4096,256,128,128,fp32,N,T,1,2.31553,14.84
hipblaslt_b,128,2048,128,32,fp32,N,T,1,0.20987,10.23
hipblaslt_b,64,1024,64,8,fp32,N,T,0,0.02011,3.34
hipblaslt_b,512,512,2048,128,fp32,N,T,1,5.14412,26.72
hipblaslt_b,512,512,2048,32,fp32,N,T,0,1.04827,32.78
hipblaslt_b,128,64,2048,64,fp32,N,T,1,0.21339,10.06
hipblaslt_b,4096,512,512,8,fp32,N,T,0,0.48112,35.71
hipblaslt_b,2048,2048,1024,2,fp32,N,T,1,0.48363,35.52
hipblaslt_b,128,4096,512,16,fp32,N,T,1,0.35093,24.48
hipblaslt_b,512,4096,128,16,fp32,N,T,1,0.53814,15.96
hipblaslt_b,256,64,1024,64,fp32,N,T,1,0.19003,11.30
hipblaslt_b,4096,512,256,8,fp32,N,T,1,0.38411,22.36
hipblaslt_b,256,512,256,8,fp32,N,T,1,0.03829,14.02
hipblaslt_b,2048,2048,8192,4,fp32,N,T,1,9.41939,29.18
hipblaslt_b,256,128,2048,2,fp32,N,T,1,0.03819,7.03
hipblaslt_b,2048,256,512,64,fp32,N,T,0,1.09062,31.50
hipblaslt_b,4096,2048,1024,64,fp32,N,T,1,29.50555,37.26
hipblaslt_b,2048,4096,512,16,fp32,T,N,1,3.51756,39.07
hipblaslt_b,2048,512,64,2,fp32,T,N,0,0.02715,9.89
hipblaslt_b,64,1024,1024,64,fp32,T,N,0,0.36720,23.39
hipblaslt_b,1024,4096,8192,4,fp32,T,N,1,6.94429,39.58
hipblaslt_b,2048,4096,4096,16,fp32,T,N,1,27.38106,40.16
hipblaslt_b,128,2048,64,2,fp32,T,N,1,0.02235,3.00
hipblaslt_b,64,1024,64,2,fp32,T,N,1,0.01893,0.89
hipblaslt_b,256,256,1024,4,fp32,T,N,0,0.03072,17.48
hipblaslt_b,4096,4096,4096,16,fp32,T,N,0,54.64878,40.24
hipblaslt_b,256,512,2048,4,fp32,T,N,0,0.12197,17.61
hipblaslt_b,512,4096,4096,16,fp32,T,N,0,6.92963,39.67
hipblaslt_b,256,256,512,8,fp32,T,N,1,0.03675,14.61
hipblaslt_b,1024,4096,4096,4,fp32,T,N,1,3.49383,39.34
hipblaslt_b,64,1024,512,16,fp32,T,N,0,0.05365,20.01
hipblaslt_b,64,256,8192,2,fp32,T,N,1,0.03947,13.60
hipblaslt_b,2048,2048,64,32,fp32,T,N,1,1.67809,10.24
hipblaslt_b,2048,64,2048,16,fp32,T,N,1,0.35883,23.94
hipblaslt_b,128,128,64,16,fp32,T,N,0,0.01957,1.71
hipblaslt_b,64,256,512,32,fp32,T,N,1,0.04912,10.93
hipblaslt_b,128,4096,8192,2,fp32,T,T,1,0.86795,19.79
hipblaslt_b,128,4096,512,2,fp32,T,T,1,0.07541,14.24
hipblaslt_b,128,256,1024,64,fp32,T,T,1,0.24715,17.38
hipblaslt_b,64,1024,512,128,fp32,T,T,0,0.57184,15.02
hipblaslt_b,2048,256,128,64,fp32,T,T,0,0.84726,10.14
hipblaslt_b,2048,128,256,4,fp32,T,T,0,0.04800,11.18
hipblaslt_b,64,4096,4096,4,fp32,T,T,1,0.49520,17.35
hipblaslt_b,4096,4096,512,32,fp32,T,T,0,27.34170,20.11
hipblaslt_b,256,4096,64,8,fp32,T,T,1,0.23253,4.62
hipblaslt_b,128,256,256,64,fp32,T,T,0,0.09573,11.22
hipblaslt_b,128,512,64,4,fp32,T,T,1,0.01989,1.69
hipblaslt_b,2048,4096,128,128,fp32,T,T,0,26.97322,10.19
hipblaslt_b,1024,512,128,128,fp32,T,T,0,1.65793,10.36
hipblaslt_b,4096,128,8192,8,fp32,T,T,1,3.40567,20.18
hipblaslt_b,256,1024,64,32,fp32,T,T,1,0.22795,4.71
hipblaslt_b,64,256,256,4,fp32,T,T,0,0.01803,1.86
hipblaslt_b,256,4096,1024,8,fp32,T,T,0,0.78112,21.99
hipblaslt_b,512,512,128,2,fp32,T,T,1,0.02384,5.63
hipblaslt_b,128,1024,2048,128,fp32,T,T,1,3.00193,22.89
hipblaslt_b,2048,256,64,16,fp32,T,T,1,0.22315,4.81
hipblaslt_b,1024,128,256,64,bf16,N,N,0,0.16981,25.29
hipblaslt_b,512,1024,512,4,bf16,N,N,1,0.08171,26.28
hipblaslt_b,64,128,512,64,bf16,N,N,1,0.05237,10.25
hipblaslt_b,128,4096,128,16,bf16,N,N,0,0.11968,17.94
hipblaslt_b,1024,64,512,4,bf16,N,N,0,0.02299,11.68
hipblaslt_b,2048,256,64,8,bf16,N,N,0,0.05451,9.85
hipblaslt_b,1024,4096,4096,4,bf16,N,N,0,7.49709,18.33
hipblaslt_b,2048,64,4096,16,bf16,N,N,0,0.57168,30.05
hipblaslt_b,128,1024,512,8,bf16,N,N,1,0.05360,20.03
hipblaslt_b,128,512,128,8,bf16,N,N,0,0.01888,7.11
hipblaslt_b,128,2048,8192,4,bf16,N,N,0,0.83680,20.53
hipblaslt_b,512,1024,512,128,bf16,N,N,0,1.98849,34.56
hipblaslt_b,128,512,512,4,bf16,N,N,1,0.02192,12.25
hipblaslt_b,128,2048,128,4,bf16,N,N,0,0.02421,11.09
hipblaslt_b,1024,128,4096,16,bf16,N,N,0,0.65723,26.14
hipblaslt_b,128,256,2048,128,bf16,N,N,1,1.14763,14.97
hipblaslt_b,512,128,128,128,bf16,N,N,0,0.11221,19.14
hipblaslt_b,64,512,64,8,bf16,N,N,0,0.01760,1.91
hipblaslt_b,64,2048,1024,4,bf16,N,N,1,0.07008,15.32
hipblaslt_b,2048,256,64,32,bf16,N,T,1,0.19003,11.30
hipblaslt_b,128,2048,2048,2,bf16,N,T,0,0.18133,11.84
hipblaslt_b,256,512,256,64,bf16,N,T,1,0.30587,14.04
hipblaslt_b,1024,256,512,16,bf16,N,T,0,0.28475,15.08
hipblaslt_b,64,256,512,4,bf16,N,T,0,0.01845,3.64
hipblaslt_b,4096,4096,4096,2,bf16,N,T,1,22.36606,12.29
hipblaslt_b,256,512,512,32,bf16,N,T,0,0.28400,15.12
hipblaslt_b,4096,64,64,2,bf16,N,T,0,0.01867,3.60
hipblaslt_b,128,128,2048,32,bf16,N,T,1,0.18320,11.72
hipblaslt_b,4096,64,64,16,bf16,N,T,0,0.05019,10.70
hipblaslt_b,2048,512,128,64,bf16,N,T,1,1.38694,12.39
hipblaslt_b,512,512,4096,128,bf16,N,T,1,19.90013,13.81
hipblaslt_b,256,2048,2048,128,bf16,N,T,0,19.49239,14.10
hipblaslt_b,256,1024,512,2,bf16,N,T,0,0.04608,11.65
hipblaslt_b,128,256,2048,32,bf16,N,T,0,0.37589,11.43
hipblaslt_b,256,256,512,4,bf16,N,T,1,0.02971,9.04
hipblaslt_b,2048,512,64,32,bf16,N,T,1,0.38165,11.25
hipblaslt_b,64,4096,4096,2,bf16,N,T,0,0.36576,11.74
hipblaslt_b,256,512,8192,16,bf16,N,T,1,2.57702,13.33
hipblaslt_b,1024,128,128,8,bf16,N,T,1,0.03355,8.00
hipblaslt_b,4096,128,128,32,bf16,T,N,1,0.26475,16.22
hipblaslt_b,512,2048,8192,8,bf16,T,N,0,9.71924,14.14
hipblaslt_b,2048,64,64,32,bf16,T,N,0,0.05029,10.67
hipblaslt_b,2048,128,4096,4,bf16,T,N,1,0.37547,22.88
hipblaslt_b,2048,2048,64,2,bf16,T,N,0,0.09131,11.76
hipblaslt_b,4096,256,512,4,bf16,T,N,0,0.16048,26.76
hipblaslt_b,64,512,1024,4,bf16,T,N,0,0.03109,8.63
hipblaslt_b,4096,4096,1024,4,bf16,T,N,1,4.69415,29.28
hipblaslt_b,64,256,256,128,bf16,T,N,1,0.07765,13.83
hipblaslt_b,512,2048,128,2,bf16,T,N,1,0.04261,12.60
hipblaslt_b,1024,256,1024,128,bf16,T,N,0,2.09947,32.73
hipblaslt_b,4096,256,128,2,bf16,T,N,0,0.04299,12.49
hipblaslt_b,256,512,4096,4,bf16,T,N,1,0.20784,20.66
hipblaslt_b,1024,512,512,128,bf16,T,N,1,2.27979,30.14
hipblaslt_b,4096,512,1024,32,bf16,T,N,1,4.26108,32.25
hipblaslt_b,2048,128,8192,8,bf16,T,N,0,1.92086,17.89
hipblaslt_b,128,256,256,128,bf16,T,N,0,0.09973,21.53
hipblaslt_b,1024,256,128,4,bf16,T,N,1,0.02555,10.51
hipblaslt_b,4096,128,64,8,bf16,T,N,1,0.05733,9.36
hipblaslt_b,1024,4096,128,2,bf16,T,N,1,0.13408,16.02
hipblaslt_b,64,512,8192,2,bf16,T,T,0,0.20480,5.24
hipblaslt_b,64,128,128,128,bf16,T,T,0,0.03195,8.40
hipblaslt_b,256,128,128,4,bf16,T,T,1,0.01803,1.86
hipblaslt_b,2048,256,256,128,bf16,T,T,0,2.16630,15.86
hipblaslt_b,64,1024,128,8,bf16,T,T,0,0.02048,6.55
hipblaslt_b,4096,128,1024,16,bf16,T,T,1,1.08470,15.84
hipblaslt_b,1024,64,8192,64,bf16,T,T,1,5.38018,12.77
hipblaslt_b,512,1024,2048,4,bf16,T,T,1,0.54694,15.71
hipblaslt_b,128,64,2048,64,bf16,T,T,0,0.28587,7.51
hipblaslt_b,4096,128,4096,64,bf16,T,T,1,17.58897,15.63
hipblaslt_b,128,1024,2048,32,bf16,T,T,0,1.40235,12.25
hipblaslt_b,2048,1024,1024,2,bf16,T,T,0,0.53115,16.17
hipblaslt_b,1024,1024,2048,4,bf16,T,T,0,1.05931,16.22
hipblaslt_b,512,64,128,32,bf16,T,T,1,0.03403,7.89
hipblaslt_b,2048,1024,1024,128,bf16,T,T,1,32.87004,16.73
hipblaslt_b,128,1024,2048,64,bf16,T,T,0,2.93777,11.70
hipblaslt_b,2048,1024,1024,2,bf16,T,T,1,0.54454,15.77
hipblaslt_b,512,128,256,2,bf16,T,T,0,0.01872,3.58
hipblaslt_b,2048,64,8192,16,bf16,T,T,1,2.31484,14.84
hipblaslt_b,4096,1024,4096,8,bf16,T,T,1,18.74418,14.66
hipblaslt_b,256,64,512,128,fp16,N,N,1,0.08640,24.86
hipblaslt_b,128,64,1024,64,fp16,N,N,0,0.05429,19.78
hipblaslt_b,64,256,4096,8,fp16,N,N,0,0.04912,21.86
hipblaslt_b,1024,64,1024,8,fp16,N,N,1,0.03893,27.58
hipblaslt_b,128,128,256,8,fp16,N,N,0,0.01771,3.79
hipblaslt_b,1024,1024,1024,4,fp16,N,N,0,0.09920,86.59
hipblaslt_b,512,1024,256,8,fp16,N,N,1,0.06485,33.11
hipblaslt_b,512,2048,4096,2,fp16,N,N,1,0.18283,93.97
hipblaslt_b,64,512,512,16,fp16,N,N,0,0.02603,20.63
hipblaslt_b,512,256,512,128,fp16,N,N,0,0.32240,53.29
hipblaslt_b,128,512,128,8,fp16,N,N,0,0.01888,7.11
hipblaslt_b,2048,256,64,2,fp16,N,N,0,0.01995,6.73
hipblaslt_b,4096,128,64,16,fp16,N,N,0,0.05435,19.76
hipblaslt_b,2048,1024,8192,16,fp16,N,N,0,4.14321,132.69
hipblaslt_b,128,2048,64,32,fp16,N,N,0,0.09520,11.28
hipblaslt_b,128,2048,4096,4,fp16,N,N,0,0.11221,76.55
hipblaslt_b,4096,4096,8192,8,fp16,N,N,0,20.06615,109.59
hipblaslt_b,4096,4096,64,8,fp16,N,N,0,1.04299,16.47
hipblaslt_b,2048,64,512,32,fp16,N,N,1,0.16581,25.90
hipblaslt_b,256,1024,2048,64,fp16,N,T,0,0.71995,95.45
hipblaslt_b,2048,64,2048,32,fp16,N,T,1,0.40501,42.42
hipblaslt_b,1024,4096,512,64,fp16,N,T,1,4.45735,61.67
hipblaslt_b,2048,256,256,32,fp16,N,T,1,0.28373,30.27
hipblaslt_b,512,4096,128,16,fp16,N,T,1,0.48155,17.84
hipblaslt_b,2048,256,1024,16,fp16,N,T,0,0.21413,80.23
hipblaslt_b,1024,128,64,64,fp16,N,T,1,0.11088,9.68
hipblaslt_b,128,128,64,4,fp16,N,T,0,0.01765,0.48
hipblaslt_b,256,256,2048,16,fp16,N,T,1,0.07696,55.81
hipblaslt_b,512,128,1024,8,fp16,N,T,0,0.03499,30.69
hipblaslt_b,64,128,8192,16,fp16,N,T,1,0.11077,19.39
hipblaslt_b,2048,2048,256,8,fp16,N,T,0,0.32779,52.41
hipblaslt_b,2048,1024,64,32,fp16,N,T,1,0.72896,11.78
hipblaslt_b,1024,2048,256,128,fp16,N,T,1,3.72439,36.90
hipblaslt_b,128,1024,128,128,fp16,N,T,1,0.29536,14.54
hipblaslt_b,256,4096,4096,32,fp16,N,T,1,2.31089,118.95
hipblaslt_b,256,128,128,2,fp16,N,T,0,0.01787,0.94
hipblaslt_b,128,128,4096,4,fp16,N,T,1,0.03776,14.22
hipblaslt_b,64,128,64,64,fp16,T,N,0,0.01920,3.50
hipblaslt_b,64,2048,8192,16,fp16,T,N,0,0.50299,68.31
hipblaslt_b,2048,256,8192,8,fp16,T,N,0,0.50768,135.36
hipblaslt_b,128,2048,4096,32,fp16,T,N,1,0.57680,119.14
hipblaslt_b,256,256,256,32,fp16,T,N,0,0.03595,29.87
hipblaslt_b,512,1024,2048,64,fp16,T,N,0,1.01510,135.39
hipblaslt_b,512,512,8192,4,fp16,T,N,1,0.16496,104.15
hipblaslt_b,2048,1024,8192,32,fp16,T,N,1,8.01406,137.20
hipblaslt_b,1024,512,8192,128,fp16,T,N,0,7.58728,144.92
hipblaslt_b,512,64,8192,4,fp16,T,N,0,0.06379,33.67
hipblaslt_b,256,512,64,16,fp16,T,N,1,0.04421,6.07
hipblaslt_b,256,4096,64,64,fp16,T,N,0,0.31131,27.59
hipblaslt_b,128,4096,128,32,fp16,T,N,1,0.19893,21.59
hipblaslt_b,1024,4096,64,2,fp16,T,N,0,0.04933,21.76
hipblaslt_b,1024,2048,512,4,fp16,T,N,0,0.09995,85.94
hipblaslt_b,4096,4096,1024,2,fp16,T,N,1,0.67931,101.16
hipblaslt_b,2048,64,64,128,fp16,T,N,0,0.11120,19.31
hipblaslt_b,64,128,512,32,fp16,T,N,0,0.02021,13.28
hipblaslt_b,128,1024,64,4,fp16,T,N,1,0.02021,3.32
hipblaslt_b,256,512,2048,128,fp16,T,N,1,0.59216,116.05
hipblaslt_b,256,256,512,8,fp16,T,T,0,0.02821,19.03
hipblaslt_b,2048,512,128,4,fp16,T,T,0,0.07451,14.41
hipblaslt_b,4096,256,2048,8,fp16,T,T,0,0.97483,35.25
hipblaslt_b,2048,2048,8192,8,fp16,T,T,1,21.18258,25.95
hipblaslt_b,64,512,64,8,fp16,T,T,0,0.01792,1.87
hipblaslt_b,256,64,64,16,fp16,T,T,1,0.01787,1.88
hipblaslt_b,2048,2048,64,4,fp16,T,T,1,0.23195,9.26
hipblaslt_b,256,256,2048,64,fp16,T,T,1,0.54091,31.76
hipblaslt_b,256,2048,1024,16,fp16,T,T,0,0.49734,34.54
hipblaslt_b,1024,4096,512,64,fp16,T,T,1,8.90041,30.88
hipblaslt_b,4096,1024,128,2,fp16,T,T,1,0.14661,14.65
hipblaslt_b,64,4096,128,64,fp16,T,T,0,0.24656,17.42
hipblaslt_b,64,256,4096,128,fp16,T,T,1,0.59307,28.97
hipblaslt_b,128,4096,512,2,fp16,T,T,0,0.04715,22.77
hipblaslt_b,1024,256,4096,4,fp16,T,T,0,0.27589,31.13
hipblaslt_b,4096,256,2048,4,fp16,T,T,1,0.51163,33.58
hipblaslt_b,256,512,256,4,fp16,T,T,0,0.02032,13.21
hipblaslt_b,2048,64,256,2,fp16,T,T,1,0.01904,7.05
