label,M,N,K,dtype,opA,opB,beta,def_ms,tflops
unset_r1,1024,1024,512,fp32,N,N,0,0.03973,27.02
unset_r1,1024,1024,1024,fp32,N,N,0,0.07067,30.39
unset_r1,1024,1024,2048,fp32,N,N,0,0.13232,32.46
unset_r1,1024,1024,4096,fp32,N,N,0,0.25568,33.60
unset_r1,1024,2048,512,fp32,N,N,0,0.06816,31.51
unset_r1,1024,2048,1024,fp32,N,N,0,0.12805,33.54
unset_r1,1024,4096,512,fp32,N,N,0,0.12491,34.39
unset_r1,1024,1024,8192,fp32,N,N,0,0.61163,28.09
unset_r1,1024,2048,2048,fp32,N,N,0,0.24795,34.64
unset_r1,1024,4096,1024,fp32,N,N,0,0.24821,34.61
unset_r1,1024,8192,512,fp32,N,N,0,0.23995,35.80
unset_r1,1024,2048,4096,fp32,N,N,0,0.50096,34.29
unset_r1,1024,4096,2048,fp32,N,N,0,0.45728,37.57
unset_r1,1024,1024,16384,fp32,N,N,0,1.09093,31.50
unset_r1,1024,8192,1024,fp32,N,N,0,0.46869,36.65
unset_r1,1024,16384,512,fp32,N,N,0,0.50117,34.28
unset_r1,1024,2048,8192,fp32,N,N,0,1.21557,28.27
unset_r1,1024,4096,4096,fp32,N,N,0,0.93824,36.62
unset_r1,1024,8192,2048,fp32,N,N,0,0.93376,36.80
unset_r1,1024,16384,1024,fp32,N,N,0,1.02645,33.47
unset_r1,1024,1024,32768,fp32,N,N,0,2.99659,22.93
unset_r1,1024,32768,512,fp32,N,N,0,1.25339,27.41
unset_r1,2048,1024,512,fp32,N,N,0,0.06736,31.88
unset_r1,2048,2048,512,fp32,N,N,0,0.13179,32.59
unset_r1,1024,2048,16384,fp32,N,N,0,3.64539,18.85
unset_r1,2048,4096,512,fp32,N,N,0,0.23717,36.22
unset_r1,1024,4096,8192,fp32,N,N,0,2.58128,26.62
unset_r1,1024,8192,4096,fp32,N,N,0,2.11728,32.46
unset_r1,2048,8192,512,fp32,N,N,0,0.45968,37.37
unset_r1,1024,16384,2048,fp32,N,N,0,3.12763,21.97
unset_r1,1024,32768,1024,fp32,N,N,0,2.16112,31.80
unset_r1,2048,16384,512,fp32,N,N,0,0.97152,35.37
unset_r1,1024,1024,65536,fp32,N,N,0,7.64139,17.99
unset_r1,2048,1024,1024,fp32,N,N,0,0.12512,34.33
unset_r1,2048,2048,1024,fp32,N,N,0,0.23707,36.23
unset_r1,2048,4096,1024,fp32,N,N,0,0.46843,36.68
unset_r1,2048,8192,1024,fp32,N,N,0,0.90741,37.87
unset_r1,1024,2048,32768,fp32,N,N,0,3.66053,37.55
unset_r1,1024,4096,16384,fp32,N,N,0,9.18773,14.96
unset_r1,2048,32768,512,fp32,N,N,0,2.45413,28.00
unset_r1,1024,8192,8192,fp32,N,N,0,5.50395,24.97
unset_r1,1024,16384,4096,fp32,N,N,0,10.44624,13.16
unset_r1,4096,1024,512,fp32,N,N,0,0.12891,33.32
unset_r1,4096,2048,512,fp32,N,N,0,0.23760,36.15
unset_r1,2048,16384,1024,fp32,N,N,0,1.86448,36.86
unset_r1,4096,4096,512,fp32,N,N,0,0.45547,37.72
unset_r1,1024,32768,2048,fp32,N,N,0,3.94539,34.84
unset_r1,4096,8192,512,fp32,N,N,0,0.90491,37.97
unset_r1,2048,1024,2048,fp32,N,N,0,0.26528,32.38
unset_r1,2048,2048,2048,fp32,N,N,0,0.45749,37.55
unset_r1,2048,4096,2048,fp32,N,N,0,0.92187,37.27
unset_r1,4096,16384,512,fp32,N,N,0,1.90203,36.13
unset_r1,2048,8192,2048,fp32,N,N,0,1.87541,36.64
unset_r1,2048,32768,1024,fp32,N,N,0,4.25109,32.33
unset_r1,4096,1024,1024,fp32,N,N,0,0.23424,36.67
unset_r1,4096,2048,1024,fp32,N,N,0,0.45979,37.36
unset_r1,4096,4096,1024,fp32,N,N,0,0.90645,37.91
unset_r1,2048,16384,2048,fp32,N,N,0,7.04085,19.52
unset_r1,1024,8192,16384,fp32,N,N,0,16.92224,16.24
unset_r1,1024,2048,65536,fp32,N,N,0,13.43056,20.47
unset_r1,1024,4096,32768,fp32,N,N,0,7.31957,37.55
unset_r1,4096,32768,512,fp32,N,N,0,5.12853,26.80
unset_r1,4096,8192,1024,fp32,N,N,0,1.83893,37.37
unset_r1,1024,16384,8192,fp32,N,N,0,22.09509,12.44
unset_r1,8192,1024,512,fp32,N,N,0,0.23440,36.65
unset_r1,8192,2048,512,fp32,N,N,0,0.45792,37.52
unset_r1,8192,4096,512,fp32,N,N,0,0.89915,38.21
unset_r1,1024,32768,4096,fp32,N,N,0,7.47494,36.77
unset_r1,4096,16384,1024,fp32,N,N,0,3.66560,37.49
unset_r1,8192,8192,512,fp32,N,N,0,1.78064,38.59
unset_r1,2048,1024,4096,fp32,N,N,0,0.50048,34.33
unset_r1,2048,2048,4096,fp32,N,N,0,0.92411,37.18
unset_r1,2048,4096,4096,fp32,N,N,0,2.12187,32.39
unset_r1,8192,16384,512,fp32,N,N,0,3.79467,36.22
unset_r1,2048,32768,2048,fp32,N,N,0,7.77456,35.36
unset_r1,2048,8192,4096,fp32,N,N,0,4.46933,30.75
unset_r1,4096,1024,2048,fp32,N,N,0,0.47003,36.55
unset_r1,4096,2048,2048,fp32,N,N,0,0.93392,36.79
unset_r1,4096,32768,1024,fp32,N,N,0,11.71760,23.46
unset_r1,4096,4096,2048,fp32,N,N,0,1.83749,37.40
unset_r1,8192,1024,1024,fp32,N,N,0,0.45872,37.45
unset_r1,8192,2048,1024,fp32,N,N,0,0.90533,37.95
unset_r1,4096,8192,2048,fp32,N,N,0,3.92144,35.05
unset_r1,8192,32768,512,fp32,N,N,0,14.67264,18.73
unset_r1,8192,4096,1024,fp32,N,N,0,1.82624,37.63
unset_r1,2048,16384,4096,fp32,N,N,0,21.46790,12.80
unset_r1,1024,8192,32768,fp32,N,N,0,14.50688,37.90
unset_r1,1024,4096,65536,fp32,N,N,0,21.33030,25.77
unset_r1,16384,1024,512,fp32,N,N,0,0.45547,37.72
unset_r1,8192,8192,1024,fp32,N,N,0,3.51573,39.09
unset_r1,16384,2048,512,fp32,N,N,0,0.89893,38.22
unset_r1,1024,16384,16384,fp32,N,N,0,13.59312,40.44
unset_r1,16384,4096,512,fp32,N,N,0,1.78960,38.40
unset_r1,4096,16384,2048,fp32,N,N,0,7.15168,38.44
unset_r1,16384,8192,512,fp32,N,N,0,3.57952,38.40
unset_r1,8192,16384,1024,fp32,N,N,0,7.32171,37.54
unset_r1,1024,32768,8192,fp32,N,N,0,42.64918,12.89
unset_r1,16384,16384,512,fp32,N,N,0,7.58891,36.22
unset_r1,2048,1024,8192,fp32,N,N,0,1.42923,24.04
unset_r1,2048,2048,8192,fp32,N,N,0,2.28331,30.10
unset_r1,2048,4096,8192,fp32,N,N,0,5.21483,26.36
unset_r1,2048,32768,4096,fp32,N,N,0,14.98784,36.68
unset_r1,4096,32768,2048,fp32,N,N,0,29.00406,18.95
unset_r1,8192,32768,1024,fp32,N,N,0,23.21520,23.68
unset_r1,4096,1024,4096,fp32,N,N,0,0.90299,38.05
unset_r1,8192,1024,2048,fp32,N,N,0,0.92827,37.01
unset_r1,2048,8192,8192,fp32,N,N,0,11.40512,24.10
unset_r1,4096,2048,4096,fp32,N,N,0,1.73253,39.66
unset_r1,8192,2048,2048,fp32,N,N,0,1.93920,35.44
unset_r1,4096,4096,4096,fp32,N,N,0,3.53339,38.90
unset_r1,8192,4096,2048,fp32,N,N,0,4.85173,28.33
unset_r1,16384,1024,1024,fp32,N,N,0,0.89371,38.45
unset_r1,16384,2048,1024,fp32,N,N,0,1.77472,38.72
unset_r1,16384,32768,512,fp32,N,N,0,19.65099,27.98
unset_r1,16384,4096,1024,fp32,N,N,0,3.64192,37.74
unset_r1,8192,8192,2048,fp32,N,N,0,6.98304,39.36
unset_r1,4096,8192,4096,fp32,N,N,0,9.56710,28.73
unset_r1,32768,1024,512,fp32,N,N,0,0.89547,38.37
unset_r1,32768,2048,512,fp32,N,N,0,1.78219,38.56
unset_r1,16384,8192,1024,fp32,N,N,0,7.32261,37.54
unset_r1,32768,4096,512,fp32,N,N,0,3.54533,38.77
unset_r1,2048,16384,8192,fp32,N,N,0,46.72092,11.77
unset_r1,1024,8192,65536,fp32,N,N,0,37.17739,29.57
unset_r1,32768,8192,512,fp32,N,N,0,7.07376,38.86
unset_r1,8192,16384,2048,fp32,N,N,0,14.28331,38.49
unset_r1,4096,16384,4096,fp32,N,N,0,24.41841,22.51
unset_r1,1024,16384,32768,fp32,N,N,0,29.17963,37.68
unset_r1,16384,16384,1024,fp32,N,N,0,14.64080,37.55
unset_r1,32768,16384,512,fp32,N,N,0,15.12982,36.34
unset_r1,1024,32768,16384,fp32,N,N,0,125.69450,8.75
unset_r1,2048,1024,16384,fp32,N,N,0,2.71413,25.32
unset_r1,2048,2048,16384,fp32,N,N,0,5.82683,23.59
unset_r1,8192,32768,2048,fp32,N,N,0,65.16115,16.87
unset_r1,16384,32768,1024,fp32,N,N,0,39.11447,28.11
unset_r1,2048,4096,16384,fp32,N,N,0,16.58950,16.57
unset_r1,16384,1024,2048,fp32,N,N,0,1.76992,38.83
unset_r1,16384,2048,2048,fp32,N,N,0,3.52651,38.97
unset_r1,4096,32768,4096,fp32,N,N,0,61.63640,17.84
unset_r1,32768,1024,1024,fp32,N,N,0,1.77163,38.79
unset_r1,32768,32768,512,fp32,N,N,0,40.37452,27.23
unset_r1,32768,2048,1024,fp32,N,N,0,3.57877,38.40
unset_r1,16384,4096,2048,fp32,N,N,0,10.10000,27.22
unset_r1,2048,32768,8192,fp32,N,N,0,84.78318,12.97
unset_r1,8192,1024,4096,fp32,N,N,0,2.54848,26.96
unset_r1,32768,4096,1024,fp32,N,N,0,7.08304,38.81
unset_r1,8192,2048,4096,fp32,N,N,0,3.43259,40.04
unset_r1,2048,8192,16384,fp32,N,N,0,31.99650,17.18
unset_r1,4096,1024,8192,fp32,N,N,0,2.11717,32.46
unset_r1,16384,8192,2048,fp32,N,N,0,18.70742,29.39
unset_r1,8192,4096,4096,fp32,N,N,0,7.03686,39.06
unset_r1,4096,2048,8192,fp32,N,N,0,3.72587,36.89
unset_r1,32768,8192,1024,fp32,N,N,0,14.68054,37.45
unset_r1,4096,4096,8192,fp32,N,N,0,11.23302,24.47
unset_r1,8192,8192,4096,fp32,N,N,0,21.38503,25.71
unset_r1,4096,8192,8192,fp32,N,N,0,13.91137,39.52
unset_r1,16384,16384,2048,fp32,N,N,0,28.56839,38.49
unset_r1,32768,16384,1024,fp32,N,N,0,29.21153,37.64
unset_r1,2048,16384,16384,fp32,N,N,0,27.13548,40.52
unset_r1,8192,16384,4096,fp32,N,N,0,28.21954,38.96
unset_r1,1024,16384,65536,fp32,N,N,0,78.46916,28.02
unset_r1,4096,16384,8192,fp32,N,N,0,51.79982,21.23
unset_r1,4096,1024,16384,fp32,N,N,0,5.92731,23.19
unset_r1,4096,2048,16384,fp32,N,N,0,12.77622,21.51
unset_r1,8192,28672,8192,fp32,N,N,0,168.78171,22.80
unset_r1,4096,4096,16384,fp32,N,N,0,28.84055,19.06
unset_r1,16384,32768,2048,fp32,N,N,0,85.68795,25.66
unset_r1,32768,32768,1024,fp32,N,N,0,85.24118,25.80
unset_r1,1024,32768,32768,fp32,N,N,0,54.54686,40.31
unset_r1,32768,1024,2048,fp32,N,N,0,5.25696,26.14
unset_r1,4096,8192,16384,fp32,N,N,0,27.09623,40.58
unset_r1,32768,2048,2048,fp32,N,N,0,9.85382,27.90
unset_r1,2048,1024,32768,fp32,N,N,0,4.83872,28.40
unset_r1,2048,2048,32768,fp32,N,N,0,8.79814,31.24
unset_r1,32768,4096,2048,fp32,N,N,0,17.89831,30.72
unset_r1,8192,32768,4096,fp32,N,N,0,128.29103,17.14
unset_r1,2048,4096,32768,fp32,N,N,0,14.96609,36.73
unset_r1,16384,1024,4096,fp32,N,N,0,3.53062,38.93
unset_r1,32768,8192,2048,fp32,N,N,0,36.48094,30.14
unset_r1,16384,2048,4096,fp32,N,N,0,7.03606,39.07
unset_r1,16384,4096,4096,fp32,N,N,0,23.62951,23.27
unset_r1,16384,8192,8192,fp32,N,N,0,54.15887,40.60
unset_r1,4096,32768,8192,fp32,N,N,0,156.81090,14.02
unset_r1,2048,8192,32768,fp32,N,N,0,30.20984,36.40
unset_r1,8192,1024,8192,fp32,N,N,0,4.69254,29.29
unset_r1,16384,8192,4096,fp32,N,N,0,46.59306,23.60
unset_r1,8192,2048,8192,fp32,N,N,0,8.86875,30.99
unset_r1,4096,16384,16384,fp32,N,N,0,54.21909,40.56
unset_r1,32768,16384,2048,fp32,N,N,0,64.23419,34.23
unset_r1,8192,4096,8192,fp32,N,N,0,13.55436,40.56
unset_r1,8192,8192,8192,fp32,N,N,0,27.09384,40.58
unset_r1,8192,1024,16384,fp32,N,N,0,12.18369,22.56
unset_r1,16384,16384,4096,fp32,N,N,0,56.44672,38.96
unset_r1,8192,2048,16384,fp32,N,N,0,25.19202,21.82
unset_r1,2048,16384,32768,fp32,N,N,0,60.08453,36.60
unset_r1,8192,4096,16384,fp32,N,N,0,54.74117,20.09
unset_r1,8192,16384,8192,fp32,N,N,0,54.84928,40.09
unset_r1,16384,1024,8192,fp32,N,N,0,7.04705,39.01
unset_r1,32768,32768,2048,fp32,N,N,0,184.41933,23.85
unset_r1,8192,8192,16384,fp32,N,N,0,157.31242,13.98
unset_r1,16384,2048,8192,fp32,N,N,0,14.04609,39.14
unset_r1,16384,4096,8192,fp32,N,N,0,27.75256,39.62
unset_r1,1024,32768,65536,fp32,N,N,0,154.37242,28.49
unset_r1,16384,32768,4096,fp32,N,N,0,183.53943,23.96
unset_r1,16384,8192,8192,fp32,N,N,0,54.14650,40.61
unset_r1,2048,1024,65536,fp32,N,N,0,8.32001,33.04
unset_r1,12288,12288,12288,fp32,N,N,0,90.99679,40.78
unset_r1,32768,1024,4096,fp32,N,N,0,12.70753,21.63
unset_r1,2048,2048,65536,fp32,N,N,0,15.51890,35.42
unset_r1,32768,2048,4096,fp32,N,N,0,25.03976,21.96
unset_r1,32768,4096,4096,fp32,N,N,0,44.44053,24.74
unset_r1,2048,4096,65536,fp32,N,N,0,31.24014,35.20
unset_r1,8192,16384,16384,fp32,N,N,0,107.95194,40.74
unset_r1,32768,8192,4096,fp32,N,N,0,90.48277,24.30
unset_r1,16384,16384,8192,fp32,N,N,0,136.91512,32.12
unset_r1,2048,8192,65536,fp32,N,N,0,79.54916,27.64
unset_r1,2048,32768,32768,fp32,N,N,0,108.51190,40.53
unset_r1,16384,1024,16384,fp32,N,N,0,28.53646,19.27
unset_r1,16384,2048,16384,fp32,N,N,0,58.07959,18.93
unset_r1,4096,1024,32768,fp32,N,N,0,8.10977,33.89
unset_r1,32768,1024,8192,fp32,N,N,0,27.48035,20.01
unset_r1,32768,16384,4096,fp32,N,N,0,119.22504,36.89
unset_r1,4096,2048,32768,fp32,N,N,0,15.37415,35.76
unset_r1,32768,2048,8192,fp32,N,N,0,55.26369,19.90
unset_r1,4096,4096,32768,fp32,N,N,0,31.31544,35.11
unset_r1,16384,4096,16384,fp32,N,N,0,129.65279,16.96
unset_r1,32768,4096,8192,fp32,N,N,0,105.15814,20.91
unset_r1,4096,8192,32768,fp32,N,N,0,61.26743,35.89
unset_r1,2048,16384,65536,fp32,N,N,0,154.59969,28.45
unset_r1,16384,8192,16384,fp32,N,N,0,107.81260,40.79
unset_r1,4096,4096,131072,fp32,N,N,0,168.31880,26.13
unset_r1,4096,1024,65536,fp32,N,N,0,25.29597,21.73
unset_r1,4096,2048,65536,fp32,N,N,0,36.84495,29.84
unset_r1,4096,16384,32768,fp32,N,N,0,126.16355,34.86
unset_r1,32768,1024,16384,fp32,N,N,0,60.23639,18.25
unset_r1,4096,4096,65536,fp32,N,N,0,73.59048,29.88
unset_r1,8192,1024,32768,fp32,N,N,0,14.11153,38.96
unset_r1,32768,2048,16384,fp32,N,N,0,122.04418,18.02
unset_r1,8192,2048,32768,fp32,N,N,0,27.15565,40.49
unset_r1,8192,4096,32768,fp32,N,N,0,54.19424,40.58
unset_r1,4096,8192,65536,fp32,N,N,0,157.79472,27.87
unset_r1,8192,8192,32768,fp32,N,N,0,108.31116,40.61
unset_r1,8192,1024,65536,fp32,N,N,0,35.90638,30.62
unset_r1,8192,2048,65536,fp32,N,N,0,72.21533,30.45
unset_r1,28672,8192,8192,fp32,N,N,0,136.45241,28.20
unset_r1,16384,1024,32768,fp32,N,N,0,41.18378,26.70
unset_r1,16384,2048,32768,fp32,N,N,0,81.35566,27.03
unset_r1,8192,4096,65536,fp32,N,N,0,151.04953,29.12
unset_r1,16384,4096,32768,fp32,N,N,0,137.38034,32.01
unset_r1,16384,1024,65536,fp32,N,N,0,89.94379,24.45
unset_r1,16384,2048,65536,fp32,N,N,0,163.43352,26.91
unset_r1,32768,1024,32768,fp32,N,N,0,82.98881,26.50
unset_r1,32768,2048,32768,fp32,N,N,0,166.04309,26.49
unset_r1,32768,1024,65536,fp32,N,N,0,175.70296,25.03
hipblaslt_r1,1024,1024,512,fp32,N,N,0,0.04309,24.92
hipblaslt_r1,1024,1024,1024,fp32,N,N,0,0.07014,30.62
hipblaslt_r1,1024,1024,2048,fp32,N,N,0,0.12566,34.18
hipblaslt_r1,1024,1024,4096,fp32,N,N,0,0.23745,36.18
hipblaslt_r1,1024,2048,512,fp32,N,N,0,0.07355,29.20
hipblaslt_r1,1024,2048,1024,fp32,N,N,0,0.12715,33.78
hipblaslt_r1,1024,4096,512,fp32,N,N,0,0.12928,33.22
hipblaslt_r1,1024,1024,8192,fp32,N,N,0,0.44758,38.38
hipblaslt_r1,1024,2048,2048,fp32,N,N,0,0.23451,36.63
hipblaslt_r1,1024,4096,1024,fp32,N,N,0,0.23664,36.30
hipblaslt_r1,1024,8192,512,fp32,N,N,0,0.25782,33.32
hipblaslt_r1,1024,2048,4096,fp32,N,N,0,0.45068,38.12
hipblaslt_r1,1024,4096,2048,fp32,N,N,0,0.45569,37.70
hipblaslt_r1,1024,1024,16384,fp32,N,N,0,0.88253,38.93
hipblaslt_r1,1024,8192,1024,fp32,N,N,0,0.47308,36.32
hipblaslt_r1,1024,16384,512,fp32,N,N,0,0.53857,31.90
hipblaslt_r1,1024,2048,8192,fp32,N,N,0,0.89794,38.27
hipblaslt_r1,1024,4096,4096,fp32,N,N,0,0.89207,38.52
hipblaslt_r1,1024,8192,2048,fp32,N,N,0,0.90695,37.88
hipblaslt_r1,1024,16384,1024,fp32,N,N,0,0.97399,35.28
hipblaslt_r1,1024,1024,32768,fp32,N,N,0,1.83844,37.38
hipblaslt_r1,1024,32768,512,fp32,N,N,0,1.34563,25.53
hipblaslt_r1,2048,1024,512,fp32,N,N,0,0.07493,28.66
hipblaslt_r1,2048,2048,512,fp32,N,N,0,0.12854,33.41
hipblaslt_r1,1024,2048,16384,fp32,N,N,0,1.76591,38.91
hipblaslt_r1,2048,4096,512,fp32,N,N,0,0.24246,35.43
hipblaslt_r1,1024,4096,8192,fp32,N,N,0,1.78191,38.57
hipblaslt_r1,1024,8192,4096,fp32,N,N,0,1.77369,38.74
hipblaslt_r1,2048,8192,512,fp32,N,N,0,0.49473,34.73
hipblaslt_r1,1024,16384,2048,fp32,N,N,0,1.83620,37.42
hipblaslt_r1,1024,32768,1024,fp32,N,N,0,2.31685,29.66
hipblaslt_r1,2048,16384,512,fp32,N,N,0,1.01634,33.81
hipblaslt_r1,1024,1024,65536,fp32,N,N,0,3.61160,38.05
hipblaslt_r1,2048,1024,1024,fp32,N,N,0,0.12800,33.55
hipblaslt_r1,2048,2048,1024,fp32,N,N,0,0.23595,36.41
hipblaslt_r1,2048,4096,1024,fp32,N,N,0,0.45990,37.36
hipblaslt_r1,2048,8192,1024,fp32,N,N,0,0.92098,37.31
hipblaslt_r1,1024,2048,32768,fp32,N,N,0,3.63709,37.79
hipblaslt_r1,1024,4096,16384,fp32,N,N,0,3.52216,39.02
hipblaslt_r1,2048,32768,512,fp32,N,N,0,2.58150,26.62
hipblaslt_r1,1024,8192,8192,fp32,N,N,0,3.51389,39.11
hipblaslt_r1,1024,16384,4096,fp32,N,N,0,3.57171,38.48
hipblaslt_r1,4096,1024,512,fp32,N,N,0,0.12779,33.61
hipblaslt_r1,4096,2048,512,fp32,N,N,0,0.23915,35.92
hipblaslt_r1,2048,16384,1024,fp32,N,N,0,1.88244,36.51
hipblaslt_r1,4096,4096,512,fp32,N,N,0,0.46678,36.80
hipblaslt_r1,1024,32768,2048,fp32,N,N,0,4.62704,29.70
hipblaslt_r1,4096,8192,512,fp32,N,N,0,0.95730,35.89
hipblaslt_r1,2048,1024,2048,fp32,N,N,0,0.23590,36.41
hipblaslt_r1,2048,2048,2048,fp32,N,N,0,0.45766,37.54
hipblaslt_r1,2048,4096,2048,fp32,N,N,0,0.89533,38.38
hipblaslt_r1,4096,16384,512,fp32,N,N,0,1.94826,35.27
hipblaslt_r1,2048,8192,2048,fp32,N,N,0,1.78884,38.42
hipblaslt_r1,2048,32768,1024,fp32,N,N,0,5.13643,26.76
hipblaslt_r1,4096,1024,1024,fp32,N,N,0,0.23510,36.54
hipblaslt_r1,4096,2048,1024,fp32,N,N,0,0.45553,37.71
hipblaslt_r1,4096,4096,1024,fp32,N,N,0,0.90333,38.04
hipblaslt_r1,2048,16384,2048,fp32,N,N,0,3.61928,37.97
hipblaslt_r1,1024,8192,16384,fp32,N,N,0,7.09978,38.72
hipblaslt_r1,1024,2048,65536,fp32,N,N,0,7.14629,38.46
hipblaslt_r1,1024,4096,32768,fp32,N,N,0,7.19344,38.21
hipblaslt_r1,4096,32768,512,fp32,N,N,0,4.96608,27.68
hipblaslt_r1,4096,8192,1024,fp32,N,N,0,1.81300,37.90
hipblaslt_r1,1024,16384,8192,fp32,N,N,0,7.04848,39.00
hipblaslt_r1,8192,1024,512,fp32,N,N,0,0.23979,35.82
hipblaslt_r1,8192,2048,512,fp32,N,N,0,0.46246,37.15
hipblaslt_r1,8192,4096,512,fp32,N,N,0,0.91101,37.72
hipblaslt_r1,1024,32768,4096,fp32,N,N,0,9.43461,29.14
hipblaslt_r1,4096,16384,1024,fp32,N,N,0,3.67939,37.35
hipblaslt_r1,8192,8192,512,fp32,N,N,0,1.84772,37.19
hipblaslt_r1,2048,1024,4096,fp32,N,N,0,0.45825,37.49
hipblaslt_r1,2048,2048,4096,fp32,N,N,0,0.89143,38.54
hipblaslt_r1,2048,4096,4096,fp32,N,N,0,1.76436,38.95
hipblaslt_r1,8192,16384,512,fp32,N,N,0,3.75896,36.56
hipblaslt_r1,2048,32768,2048,fp32,N,N,0,10.87656,25.27
hipblaslt_r1,2048,8192,4096,fp32,N,N,0,3.52493,38.99
hipblaslt_r1,4096,1024,2048,fp32,N,N,0,0.45393,37.85
hipblaslt_r1,4096,2048,2048,fp32,N,N,0,0.88813,38.69
hipblaslt_r1,4096,32768,1024,fp32,N,N,0,10.92579,25.16
hipblaslt_r1,4096,4096,2048,fp32,N,N,0,1.76991,38.83
hipblaslt_r1,8192,1024,1024,fp32,N,N,0,0.45569,37.70
hipblaslt_r1,8192,2048,1024,fp32,N,N,0,0.89346,38.46
hipblaslt_r1,4096,8192,2048,fp32,N,N,0,3.54418,38.78
hipblaslt_r1,8192,32768,512,fp32,N,N,0,9.68176,28.39
hipblaslt_r1,8192,4096,1024,fp32,N,N,0,1.78239,38.55
hipblaslt_r1,2048,16384,4096,fp32,N,N,0,7.11253,38.65
hipblaslt_r1,1024,8192,32768,fp32,N,N,0,14.13663,38.89
hipblaslt_r1,1024,4096,65536,fp32,N,N,0,14.22015,38.66
hipblaslt_r1,16384,1024,512,fp32,N,N,0,0.46348,37.07
hipblaslt_r1,8192,8192,1024,fp32,N,N,0,3.57027,38.50
hipblaslt_r1,16384,2048,512,fp32,N,N,0,0.90509,37.96
hipblaslt_r1,1024,16384,16384,fp32,N,N,0,14.26063,38.55
hipblaslt_r1,16384,4096,512,fp32,N,N,0,1.79737,38.23
hipblaslt_r1,4096,16384,2048,fp32,N,N,0,7.21349,38.11
hipblaslt_r1,16384,8192,512,fp32,N,N,0,3.58285,38.36
hipblaslt_r1,8192,16384,1024,fp32,N,N,0,7.29045,37.70
hipblaslt_r1,1024,32768,8192,fp32,N,N,0,21.02686,26.15
hipblaslt_r1,16384,16384,512,fp32,N,N,0,7.41883,37.05
hipblaslt_r1,2048,1024,8192,fp32,N,N,0,0.89015,38.60
hipblaslt_r1,2048,2048,8192,fp32,N,N,0,1.78031,38.60
hipblaslt_r1,2048,4096,8192,fp32,N,N,0,3.50968,39.16
hipblaslt_r1,2048,32768,4096,fp32,N,N,0,21.71146,25.32
hipblaslt_r1,4096,32768,2048,fp32,N,N,0,22.92552,23.98
hipblaslt_r1,8192,32768,1024,fp32,N,N,0,22.98381,23.92
hipblaslt_r1,4096,1024,4096,fp32,N,N,0,0.88845,38.67
hipblaslt_r1,8192,1024,2048,fp32,N,N,0,0.88775,38.70
hipblaslt_r1,2048,8192,8192,fp32,N,N,0,6.99525,39.29
hipblaslt_r1,4096,2048,4096,fp32,N,N,0,1.75428,39.17
hipblaslt_r1,8192,2048,2048,fp32,N,N,0,1.75828,39.08
hipblaslt_r1,4096,4096,4096,fp32,N,N,0,3.50642,39.20
hipblaslt_r1,8192,4096,2048,fp32,N,N,0,3.51496,39.10
hipblaslt_r1,16384,1024,1024,fp32,N,N,0,0.89399,38.43
hipblaslt_r1,16384,2048,1024,fp32,N,N,0,1.76863,38.85
hipblaslt_r1,16384,32768,512,fp32,N,N,0,19.53520,28.14
hipblaslt_r1,16384,4096,1024,fp32,N,N,0,3.53597,38.87
hipblaslt_r1,8192,8192,2048,fp32,N,N,0,7.02821,39.11
hipblaslt_r1,4096,8192,4096,fp32,N,N,0,7.01887,39.16
hipblaslt_r1,32768,1024,512,fp32,N,N,0,0.90493,37.97
hipblaslt_r1,32768,2048,512,fp32,N,N,0,1.78511,38.50
hipblaslt_r1,16384,8192,1024,fp32,N,N,0,7.01210,39.20
hipblaslt_r1,32768,4096,512,fp32,N,N,0,3.51128,39.14
hipblaslt_r1,2048,16384,8192,fp32,N,N,0,14.13316,38.90
hipblaslt_r1,1024,8192,65536,fp32,N,N,0,28.19896,38.99
hipblaslt_r1,32768,8192,512,fp32,N,N,0,7.06229,38.92
hipblaslt_r1,8192,16384,2048,fp32,N,N,0,15.06006,36.50
hipblaslt_r1,4096,16384,4096,fp32,N,N,0,14.25242,38.57
hipblaslt_r1,1024,16384,32768,fp32,N,N,0,28.30323,38.85
hipblaslt_r1,16384,16384,1024,fp32,N,N,0,14.85115,37.02
hipblaslt_r1,32768,16384,512,fp32,N,N,0,14.55701,37.77
hipblaslt_r1,1024,32768,16384,fp32,N,N,0,28.78036,38.20
hipblaslt_r1,2048,1024,16384,fp32,N,N,0,1.76644,38.90
hipblaslt_r1,2048,2048,16384,fp32,N,N,0,3.52077,39.04
hipblaslt_r1,8192,32768,2048,fp32,N,N,0,48.91365,22.48
hipblaslt_r1,16384,32768,1024,fp32,N,N,0,44.95100,24.46
hipblaslt_r1,2048,4096,16384,fp32,N,N,0,7.08991,38.77
hipblaslt_r1,16384,1024,2048,fp32,N,N,0,1.75935,39.06
hipblaslt_r1,16384,2048,2048,fp32,N,N,0,3.49624,39.31
hipblaslt_r1,4096,32768,4096,fp32,N,N,0,47.25548,23.27
hipblaslt_r1,32768,1024,1024,fp32,N,N,0,1.76916,38.84
hipblaslt_r1,32768,32768,512,fp32,N,N,0,39.50939,27.83
hipblaslt_r1,32768,2048,1024,fp32,N,N,0,3.51373,39.11
hipblaslt_r1,16384,4096,2048,fp32,N,N,0,7.00095,39.26
hipblaslt_r1,2048,32768,8192,fp32,N,N,0,46.36527,23.71
hipblaslt_r1,8192,1024,4096,fp32,N,N,0,1.75380,39.18
hipblaslt_r1,32768,4096,1024,fp32,N,N,0,6.95834,39.50
hipblaslt_r1,8192,2048,4096,fp32,N,N,0,3.48925,39.39
hipblaslt_r1,2048,8192,16384,fp32,N,N,0,14.18735,38.75
hipblaslt_r1,4096,1024,8192,fp32,N,N,0,1.78078,38.59
hipblaslt_r1,16384,8192,2048,fp32,N,N,0,13.85865,39.67
hipblaslt_r1,8192,4096,4096,fp32,N,N,0,6.98692,39.34
hipblaslt_r1,4096,2048,8192,fp32,N,N,0,3.49442,39.33
hipblaslt_r1,32768,8192,1024,fp32,N,N,0,13.98297,39.32
hipblaslt_r1,4096,4096,8192,fp32,N,N,0,7.00026,39.27
hipblaslt_r1,8192,8192,4096,fp32,N,N,0,13.99785,39.27
hipblaslt_r1,4096,8192,8192,fp32,N,N,0,13.97107,39.35
hipblaslt_r1,16384,16384,2048,fp32,N,N,0,31.93567,34.43
hipblaslt_r1,32768,16384,1024,fp32,N,N,0,29.97243,36.68
hipblaslt_r1,2048,16384,16384,fp32,N,N,0,28.50445,38.57
hipblaslt_r1,8192,16384,4096,fp32,N,N,0,29.82854,36.86
hipblaslt_r1,1024,16384,65536,fp32,N,N,0,56.45764,38.95
hipblaslt_r1,4096,16384,8192,fp32,N,N,0,30.37510,36.20
hipblaslt_r1,4096,1024,16384,fp32,N,N,0,3.52354,39.01
hipblaslt_r1,4096,2048,16384,fp32,N,N,0,7.08650,38.79
hipblaslt_r1,8192,28672,8192,fp32,N,N,0,104.08755,36.97
hipblaslt_r1,4096,4096,16384,fp32,N,N,0,14.16932,38.80
hipblaslt_r1,16384,32768,2048,fp32,N,N,0,95.42428,23.04
hipblaslt_r1,32768,32768,1024,fp32,N,N,0,89.21299,24.65
hipblaslt_r1,1024,32768,32768,fp32,N,N,0,56.92051,38.63
hipblaslt_r1,32768,1024,2048,fp32,N,N,0,3.49869,39.28
hipblaslt_r1,4096,8192,16384,fp32,N,N,0,28.36684,38.76
hipblaslt_r1,32768,2048,2048,fp32,N,N,0,6.96873,39.44
hipblaslt_r1,2048,1024,32768,fp32,N,N,0,4.17582,32.91
hipblaslt_r1,2048,2048,32768,fp32,N,N,0,7.59824,36.18
hipblaslt_r1,32768,4096,2048,fp32,N,N,0,13.85149,39.69
hipblaslt_r1,8192,32768,4096,fp32,N,N,0,89.27676,24.63
hipblaslt_r1,2048,4096,32768,fp32,N,N,0,14.12440,38.92
hipblaslt_r1,16384,1024,4096,fp32,N,N,0,3.48962,39.39
hipblaslt_r1,32768,8192,2048,fp32,N,N,0,28.66802,38.35
hipblaslt_r1,16384,2048,4096,fp32,N,N,0,6.95791,39.51
hipblaslt_r1,16384,4096,4096,fp32,N,N,0,13.97560,39.34
hipblaslt_r1,16384,8192,8192,fp32,N,N,0,58.46304,37.61
hipblaslt_r1,4096,32768,8192,fp32,N,N,0,97.07639,22.65
hipblaslt_r1,2048,8192,32768,fp32,N,N,0,28.25179,38.92
hipblaslt_r1,8192,1024,8192,fp32,N,N,0,3.49447,39.33
hipblaslt_r1,16384,8192,4096,fp32,N,N,0,27.74378,39.63
hipblaslt_r1,8192,2048,8192,fp32,N,N,0,6.95972,39.50
hipblaslt_r1,4096,16384,16384,fp32,N,N,0,56.97746,38.59
hipblaslt_r1,32768,16384,2048,fp32,N,N,0,66.48080,33.08
hipblaslt_r1,8192,4096,8192,fp32,N,N,0,13.97357,39.34
hipblaslt_r1,8192,8192,8192,fp32,N,N,0,28.00043,39.27
hipblaslt_r1,8192,1024,16384,fp32,N,N,0,7.08628,38.79
hipblaslt_r1,16384,16384,4096,fp32,N,N,0,64.66641,34.01
hipblaslt_r1,8192,2048,16384,fp32,N,N,0,14.16280,38.82
hipblaslt_r1,2048,16384,32768,fp32,N,N,0,56.61382,38.84
hipblaslt_r1,8192,4096,16384,fp32,N,N,0,28.33531,38.80
hipblaslt_r1,8192,16384,8192,fp32,N,N,0,60.65501,36.25
hipblaslt_r1,16384,1024,8192,fp32,N,N,0,6.95838,39.50
hipblaslt_r1,32768,32768,2048,fp32,N,N,0,190.29631,23.11
hipblaslt_r1,8192,8192,16384,fp32,N,N,0,56.69040,38.79
hipblaslt_r1,16384,2048,8192,fp32,N,N,0,13.88461,39.59
hipblaslt_r1,16384,4096,8192,fp32,N,N,0,28.15877,39.05
hipblaslt_r1,1024,32768,65536,fp32,N,N,0,113.14883,38.87
hipblaslt_r1,16384,32768,4096,fp32,N,N,0,197.77039,22.24
hipblaslt_r1,16384,8192,8192,fp32,N,N,0,55.61094,39.54
hipblaslt_r1,2048,1024,65536,fp32,N,N,0,8.14603,33.74
hipblaslt_r1,12288,12288,12288,fp32,N,N,0,94.74645,39.17
hipblaslt_r1,32768,1024,4096,fp32,N,N,0,6.95507,39.52
hipblaslt_r1,2048,2048,65536,fp32,N,N,0,15.05998,36.50
hipblaslt_r1,32768,2048,4096,fp32,N,N,0,13.88556,39.59
hipblaslt_r1,32768,4096,4096,fp32,N,N,0,27.55752,39.90
hipblaslt_r1,2048,4096,65536,fp32,N,N,0,28.19737,38.99
hipblaslt_r1,8192,16384,16384,fp32,N,N,0,112.61427,39.05
hipblaslt_r1,32768,8192,4096,fp32,N,N,0,58.12976,37.83
hipblaslt_r1,16384,16384,8192,fp32,N,N,0,135.55669,32.44
hipblaslt_r1,2048,8192,65536,fp32,N,N,0,56.39196,39.00
hipblaslt_r1,2048,32768,32768,fp32,N,N,0,113.59827,38.72
hipblaslt_r1,16384,1024,16384,fp32,N,N,0,14.16034,38.82
hipblaslt_r1,16384,2048,16384,fp32,N,N,0,28.31166,38.84
hipblaslt_r1,4096,1024,32768,fp32,N,N,0,9.77582,28.12
hipblaslt_r1,32768,1024,8192,fp32,N,N,0,13.87868,39.61
hipblaslt_r1,32768,16384,4096,fp32,N,N,0,133.68318,32.90
hipblaslt_r1,4096,2048,32768,fp32,N,N,0,14.11937,38.94
hipblaslt_r1,32768,2048,8192,fp32,N,N,0,27.73937,39.64
hipblaslt_r1,4096,4096,32768,fp32,N,N,0,28.23539,38.94
hipblaslt_r1,16384,4096,16384,fp32,N,N,0,56.63957,38.82
hipblaslt_r1,32768,4096,8192,fp32,N,N,0,58.56900,37.55
hipblaslt_r1,4096,8192,32768,fp32,N,N,0,56.47983,38.93
hipblaslt_r1,2048,16384,65536,fp32,N,N,0,112.90554,38.95
hipblaslt_r1,16384,8192,16384,fp32,N,N,0,112.06332,39.25
hipblaslt_r1,4096,4096,131072,fp32,N,N,0,112.70669,39.02
hipblaslt_r1,4096,1024,65536,fp32,N,N,0,15.67311,35.08
hipblaslt_r1,4096,2048,65536,fp32,N,N,0,28.18620,39.01
hipblaslt_r1,4096,16384,32768,fp32,N,N,0,113.15325,38.87
hipblaslt_r1,32768,1024,16384,fp32,N,N,0,28.32034,38.82
hipblaslt_r1,4096,4096,65536,fp32,N,N,0,56.38584,39.00
hipblaslt_r1,8192,1024,32768,fp32,N,N,0,15.74644,34.91
hipblaslt_r1,32768,2048,16384,fp32,N,N,0,56.60995,38.85
hipblaslt_r1,8192,2048,32768,fp32,N,N,0,28.23143,38.95
hipblaslt_r1,8192,4096,32768,fp32,N,N,0,56.48019,38.93
hipblaslt_r1,4096,8192,65536,fp32,N,N,0,112.78943,38.99
hipblaslt_r1,8192,8192,32768,fp32,N,N,0,112.95119,38.94
hipblaslt_r1,8192,1024,65536,fp32,N,N,0,37.00188,29.72
hipblaslt_r1,8192,2048,65536,fp32,N,N,0,56.35239,39.02
hipblaslt_r1,28672,8192,8192,fp32,N,N,0,105.89590,36.34
hipblaslt_r1,16384,1024,32768,fp32,N,N,0,31.94114,34.42
hipblaslt_r1,16384,2048,32768,fp32,N,N,0,56.45974,38.95
hipblaslt_r1,8192,4096,65536,fp32,N,N,0,112.75735,39.00
hipblaslt_r1,16384,4096,32768,fp32,N,N,0,112.97521,38.93
hipblaslt_r1,16384,1024,65536,fp32,N,N,0,78.41332,28.04
hipblaslt_r1,16384,2048,65536,fp32,N,N,0,112.73866,39.01
hipblaslt_r1,32768,1024,32768,fp32,N,N,0,64.28489,34.21
hipblaslt_r1,32768,2048,32768,fp32,N,N,0,112.91546,38.95
hipblaslt_r1,32768,1024,65536,fp32,N,N,0,160.78221,27.35
unset_r2,1024,1024,512,fp32,N,N,0,0.03973,27.02
unset_r2,1024,1024,1024,fp32,N,N,0,0.07072,30.37
unset_r2,1024,1024,2048,fp32,N,N,0,0.13205,32.52
unset_r2,1024,1024,4096,fp32,N,N,0,0.25499,33.69
unset_r2,1024,2048,512,fp32,N,N,0,0.06773,31.70
unset_r2,1024,2048,1024,fp32,N,N,0,0.12768,33.64
unset_r2,1024,4096,512,fp32,N,N,0,0.12470,34.44
unset_r2,1024,1024,8192,fp32,N,N,0,0.61142,28.10
unset_r2,1024,2048,2048,fp32,N,N,0,0.24838,34.58
unset_r2,1024,4096,1024,fp32,N,N,0,0.24726,34.74
unset_r2,1024,8192,512,fp32,N,N,0,0.23990,35.81
unset_r2,1024,2048,4096,fp32,N,N,0,0.49947,34.40
unset_r2,1024,4096,2048,fp32,N,N,0,0.45537,37.73
unset_r2,1024,1024,16384,fp32,N,N,0,1.08631,31.63
unset_r2,1024,8192,1024,fp32,N,N,0,0.46747,36.75
unset_r2,1024,16384,512,fp32,N,N,0,0.50070,34.31
unset_r2,1024,2048,8192,fp32,N,N,0,1.23186,27.89
unset_r2,1024,4096,4096,fp32,N,N,0,0.93692,36.67
unset_r2,1024,8192,2048,fp32,N,N,0,0.93159,36.88
unset_r2,1024,16384,1024,fp32,N,N,0,1.02492,33.52
unset_r2,1024,1024,32768,fp32,N,N,0,3.02655,22.71
unset_r2,1024,32768,512,fp32,N,N,0,1.25255,27.43
unset_r2,2048,1024,512,fp32,N,N,0,0.06731,31.91
unset_r2,2048,2048,512,fp32,N,N,0,0.13126,32.72
unset_r2,1024,2048,16384,fp32,N,N,0,3.63494,18.91
unset_r2,2048,4096,512,fp32,N,N,0,0.23542,36.49
unset_r2,1024,4096,8192,fp32,N,N,0,2.55396,26.91
unset_r2,1024,8192,4096,fp32,N,N,0,2.13049,32.26
unset_r2,2048,8192,512,fp32,N,N,0,0.45830,37.49
unset_r2,1024,16384,2048,fp32,N,N,0,3.12495,21.99
unset_r2,1024,32768,1024,fp32,N,N,0,2.15662,31.86
unset_r2,2048,16384,512,fp32,N,N,0,0.97068,35.40
unset_r2,1024,1024,65536,fp32,N,N,0,7.64263,17.98
unset_r2,2048,1024,1024,fp32,N,N,0,0.12496,34.37
unset_r2,2048,2048,1024,fp32,N,N,0,0.23680,36.27
unset_r2,2048,4096,1024,fp32,N,N,0,0.46779,36.73
unset_r2,2048,8192,1024,fp32,N,N,0,0.90551,37.95
unset_r2,1024,2048,32768,fp32,N,N,0,3.65051,37.65
unset_r2,1024,4096,16384,fp32,N,N,0,9.18148,14.97
unset_r2,2048,32768,512,fp32,N,N,0,2.45396,28.00
unset_r2,1024,8192,8192,fp32,N,N,0,5.49742,25.00
unset_r2,1024,16384,4096,fp32,N,N,0,10.45541,13.15
unset_r2,4096,1024,512,fp32,N,N,0,0.12870,33.37
unset_r2,4096,2048,512,fp32,N,N,0,0.23723,36.21
unset_r2,2048,16384,1024,fp32,N,N,0,1.86211,36.90
unset_r2,4096,4096,512,fp32,N,N,0,0.45414,37.83
unset_r2,1024,32768,2048,fp32,N,N,0,3.94523,34.84
unset_r2,4096,8192,512,fp32,N,N,0,0.90359,38.03
unset_r2,2048,1024,2048,fp32,N,N,0,0.26523,32.39
unset_r2,2048,2048,2048,fp32,N,N,0,0.45665,37.62
unset_r2,2048,4096,2048,fp32,N,N,0,0.92055,37.33
unset_r2,4096,16384,512,fp32,N,N,0,1.89955,36.18
unset_r2,2048,8192,2048,fp32,N,N,0,1.87198,36.71
unset_r2,2048,32768,1024,fp32,N,N,0,4.24775,32.36
unset_r2,4096,1024,1024,fp32,N,N,0,0.23382,36.74
unset_r2,4096,2048,1024,fp32,N,N,0,0.45894,37.43
unset_r2,4096,4096,1024,fp32,N,N,0,0.90492,37.97
unset_r2,2048,16384,2048,fp32,N,N,0,7.38529,18.61
unset_r2,1024,8192,16384,fp32,N,N,0,17.56433,15.65
unset_r2,1024,2048,65536,fp32,N,N,0,13.40911,20.50
unset_r2,1024,4096,32768,fp32,N,N,0,7.27441,37.79
unset_r2,4096,32768,512,fp32,N,N,0,5.37534,25.57
unset_r2,4096,8192,1024,fp32,N,N,0,1.83544,37.44
unset_r2,1024,16384,8192,fp32,N,N,0,24.36672,11.28
unset_r2,8192,1024,512,fp32,N,N,0,0.23419,36.68
unset_r2,8192,2048,512,fp32,N,N,0,0.45707,37.59
unset_r2,8192,4096,512,fp32,N,N,0,0.89719,38.30
unset_r2,1024,32768,4096,fp32,N,N,0,7.46966,36.80
unset_r2,4096,16384,1024,fp32,N,N,0,3.66086,37.54
unset_r2,8192,8192,512,fp32,N,N,0,1.77821,38.65
unset_r2,2048,1024,4096,fp32,N,N,0,0.50193,34.23
unset_r2,2048,2048,4096,fp32,N,N,0,0.92311,37.22
unset_r2,2048,4096,4096,fp32,N,N,0,2.11929,32.43
unset_r2,8192,16384,512,fp32,N,N,0,3.79307,36.23
unset_r2,2048,32768,2048,fp32,N,N,0,7.76908,35.38
unset_r2,2048,8192,4096,fp32,N,N,0,4.47618,30.70
unset_r2,4096,1024,2048,fp32,N,N,0,0.46635,36.84
unset_r2,4096,2048,2048,fp32,N,N,0,0.93473,36.76
unset_r2,4096,32768,1024,fp32,N,N,0,12.03016,22.85
unset_r2,4096,4096,2048,fp32,N,N,0,1.83277,37.49
unset_r2,8192,1024,1024,fp32,N,N,0,0.45851,37.47
unset_r2,8192,2048,1024,fp32,N,N,0,0.90460,37.98
unset_r2,4096,8192,2048,fp32,N,N,0,3.94918,34.80
unset_r2,8192,32768,512,fp32,N,N,0,14.67751,18.73
unset_r2,8192,4096,1024,fp32,N,N,0,1.82205,37.72
unset_r2,2048,16384,4096,fp32,N,N,0,21.32801,12.89
unset_r2,1024,8192,32768,fp32,N,N,0,14.46508,38.01
unset_r2,1024,4096,65536,fp32,N,N,0,21.29681,25.81
unset_r2,16384,1024,512,fp32,N,N,0,0.45467,37.79
unset_r2,8192,8192,1024,fp32,N,N,0,3.50971,39.16
unset_r2,16384,2048,512,fp32,N,N,0,0.89724,38.29
unset_r2,1024,16384,16384,fp32,N,N,0,13.57183,40.51
unset_r2,16384,4096,512,fp32,N,N,0,1.78611,38.47
unset_r2,4096,16384,2048,fp32,N,N,0,7.14384,38.48
unset_r2,16384,8192,512,fp32,N,N,0,3.57734,38.42
unset_r2,8192,16384,1024,fp32,N,N,0,7.31425,37.58
unset_r2,1024,32768,8192,fp32,N,N,0,42.60337,12.90
unset_r2,16384,16384,512,fp32,N,N,0,7.58401,36.24
unset_r2,2048,1024,8192,fp32,N,N,0,1.42183,24.17
unset_r2,2048,2048,8192,fp32,N,N,0,2.26302,30.37
unset_r2,2048,4096,8192,fp32,N,N,0,5.26323,26.11
unset_r2,2048,32768,4096,fp32,N,N,0,15.07767,36.46
unset_r2,4096,32768,2048,fp32,N,N,0,28.89602,19.03
unset_r2,8192,32768,1024,fp32,N,N,0,22.62877,24.29
unset_r2,4096,1024,4096,fp32,N,N,0,0.90199,38.09
unset_r2,8192,1024,2048,fp32,N,N,0,0.93388,36.79
unset_r2,2048,8192,8192,fp32,N,N,0,11.36929,24.18
unset_r2,4096,2048,4096,fp32,N,N,0,1.73080,39.70
unset_r2,8192,2048,2048,fp32,N,N,0,1.92056,35.78
unset_r2,4096,4096,4096,fp32,N,N,0,3.52811,38.96
unset_r2,8192,4096,2048,fp32,N,N,0,4.81442,28.55
unset_r2,16384,1024,1024,fp32,N,N,0,0.89207,38.52
unset_r2,16384,2048,1024,fp32,N,N,0,1.77208,38.78
unset_r2,16384,32768,512,fp32,N,N,0,19.96734,27.53
unset_r2,16384,4096,1024,fp32,N,N,0,3.63451,37.82
unset_r2,8192,8192,2048,fp32,N,N,0,6.97349,39.42
unset_r2,4096,8192,4096,fp32,N,N,0,9.85316,27.90
unset_r2,32768,1024,512,fp32,N,N,0,0.89383,38.44
unset_r2,32768,2048,512,fp32,N,N,0,1.77987,38.61
unset_r2,16384,8192,1024,fp32,N,N,0,7.31115,37.60
unset_r2,32768,4096,512,fp32,N,N,0,3.53947,38.83
unset_r2,2048,16384,8192,fp32,N,N,0,51.59818,10.65
unset_r2,1024,8192,65536,fp32,N,N,0,37.23753,29.53
unset_r2,32768,8192,512,fp32,N,N,0,7.06496,38.91
unset_r2,8192,16384,2048,fp32,N,N,0,14.27147,38.52
unset_r2,4096,16384,4096,fp32,N,N,0,24.51418,22.43
unset_r2,1024,16384,32768,fp32,N,N,0,29.12967,37.75
unset_r2,16384,16384,1024,fp32,N,N,0,14.62892,37.58
unset_r2,32768,16384,512,fp32,N,N,0,15.11959,36.36
unset_r2,1024,32768,16384,fp32,N,N,0,127.04385,8.65
unset_r2,2048,1024,16384,fp32,N,N,0,2.67204,25.72
unset_r2,2048,2048,16384,fp32,N,N,0,5.75433,23.88
unset_r2,8192,32768,2048,fp32,N,N,0,66.03214,16.65
unset_r2,16384,32768,1024,fp32,N,N,0,37.19752,29.56
unset_r2,2048,4096,16384,fp32,N,N,0,16.58729,16.57
unset_r2,16384,1024,2048,fp32,N,N,0,1.76888,38.85
unset_r2,16384,2048,2048,fp32,N,N,0,3.52405,39.00
unset_r2,4096,32768,4096,fp32,N,N,0,68.45069,16.06
unset_r2,32768,1024,1024,fp32,N,N,0,1.77011,38.82
unset_r2,32768,32768,512,fp32,N,N,0,40.61517,27.07
unset_r2,32768,2048,1024,fp32,N,N,0,3.55701,38.64
unset_r2,16384,4096,2048,fp32,N,N,0,10.14522,27.09
unset_r2,2048,32768,8192,fp32,N,N,0,84.15476,13.07
unset_r2,8192,1024,4096,fp32,N,N,0,2.55359,26.91
unset_r2,32768,4096,1024,fp32,N,N,0,7.05573,38.96
unset_r2,8192,2048,4096,fp32,N,N,0,3.43008,40.07
unset_r2,2048,8192,16384,fp32,N,N,0,33.03719,16.64
unset_r2,4096,1024,8192,fp32,N,N,0,2.11523,32.49
unset_r2,16384,8192,2048,fp32,N,N,0,18.80199,29.24
unset_r2,8192,4096,4096,fp32,N,N,0,7.03200,39.09
unset_r2,4096,2048,8192,fp32,N,N,0,3.72651,36.88
unset_r2,32768,8192,1024,fp32,N,N,0,14.64273,37.54
unset_r2,4096,4096,8192,fp32,N,N,0,11.21393,24.51
unset_r2,8192,8192,4096,fp32,N,N,0,21.46966,25.61
unset_r2,4096,8192,8192,fp32,N,N,0,13.89797,39.56
unset_r2,16384,16384,2048,fp32,N,N,0,28.53467,38.53
unset_r2,32768,16384,1024,fp32,N,N,0,29.18859,37.67
unset_r2,2048,16384,16384,fp32,N,N,0,27.11406,40.55
unset_r2,8192,16384,4096,fp32,N,N,0,28.20613,38.98
unset_r2,1024,16384,65536,fp32,N,N,0,78.46682,28.02
unset_r2,4096,16384,8192,fp32,N,N,0,58.89688,18.67
unset_r2,4096,1024,16384,fp32,N,N,0,5.83843,23.54
unset_r2,4096,2048,16384,fp32,N,N,0,12.83758,21.41
unset_r2,8192,28672,8192,fp32,N,N,0,178.50664,21.56
unset_r2,4096,4096,16384,fp32,N,N,0,25.27355,21.75
unset_r2,16384,32768,2048,fp32,N,N,0,86.16922,25.52
unset_r2,32768,32768,1024,fp32,N,N,0,84.33362,26.08
unset_r2,1024,32768,32768,fp32,N,N,0,54.52437,40.33
unset_r2,32768,1024,2048,fp32,N,N,0,5.17469,26.56
unset_r2,4096,8192,16384,fp32,N,N,0,27.08056,40.60
unset_r2,32768,2048,2048,fp32,N,N,0,9.77817,28.11
unset_r2,2048,1024,32768,fp32,N,N,0,4.83463,28.43
unset_r2,2048,2048,32768,fp32,N,N,0,8.78493,31.29
unset_r2,32768,4096,2048,fp32,N,N,0,18.02037,30.51
unset_r2,8192,32768,4096,fp32,N,N,0,129.62297,16.96
unset_r2,2048,4096,32768,fp32,N,N,0,15.07771,36.46
unset_r2,16384,1024,4096,fp32,N,N,0,3.52784,38.96
unset_r2,32768,8192,2048,fp32,N,N,0,36.35280,30.25
unset_r2,16384,2048,4096,fp32,N,N,0,7.02965,39.10
unset_r2,16384,4096,4096,fp32,N,N,0,23.78232,23.12
unset_r2,16384,8192,8192,fp32,N,N,0,54.11961,40.63
unset_r2,4096,32768,8192,fp32,N,N,0,156.34947,14.06
unset_r2,2048,8192,32768,fp32,N,N,0,30.17937,36.43
unset_r2,8192,1024,8192,fp32,N,N,0,4.72305,29.10
unset_r2,16384,8192,4096,fp32,N,N,0,46.86766,23.46
unset_r2,8192,2048,8192,fp32,N,N,0,8.77442,31.33
unset_r2,4096,16384,16384,fp32,N,N,0,54.18809,40.58
unset_r2,32768,16384,2048,fp32,N,N,0,64.20690,34.25
unset_r2,8192,4096,8192,fp32,N,N,0,13.54644,40.58
unset_r2,8192,8192,8192,fp32,N,N,0,27.07826,40.60
unset_r2,8192,1024,16384,fp32,N,N,0,13.11630,20.96
unset_r2,16384,16384,4096,fp32,N,N,0,56.41042,38.98
unset_r2,8192,2048,16384,fp32,N,N,0,27.48162,20.00
unset_r2,2048,16384,32768,fp32,N,N,0,60.10668,36.59
unset_r2,8192,4096,16384,fp32,N,N,0,62.43796,17.61
unset_r2,8192,16384,8192,fp32,N,N,0,54.79738,40.13
unset_r2,16384,1024,8192,fp32,N,N,0,7.04314,39.03
unset_r2,32768,32768,2048,fp32,N,N,0,183.97585,23.91
unset_r2,8192,8192,16384,fp32,N,N,0,129.23518,17.02
unset_r2,16384,2048,8192,fp32,N,N,0,14.04473,39.14
unset_r2,16384,4096,8192,fp32,N,N,0,27.73607,39.64
unset_r2,1024,32768,65536,fp32,N,N,0,154.51143,28.46
unset_r2,16384,32768,4096,fp32,N,N,0,201.25883,21.85
unset_r2,16384,8192,8192,fp32,N,N,0,54.11815,40.63
unset_r2,2048,1024,65536,fp32,N,N,0,8.19804,33.53
unset_r2,12288,12288,12288,fp32,N,N,0,90.92783,40.81
unset_r2,32768,1024,4096,fp32,N,N,0,12.72727,21.60
unset_r2,2048,2048,65536,fp32,N,N,0,15.75750,34.89
unset_r2,32768,2048,4096,fp32,N,N,0,25.24782,21.77
unset_r2,32768,4096,4096,fp32,N,N,0,42.01525,26.17
unset_r2,2048,4096,65536,fp32,N,N,0,31.45265,34.96
unset_r2,8192,16384,16384,fp32,N,N,0,107.88306,40.77
unset_r2,32768,8192,4096,fp32,N,N,0,90.02744,24.43
unset_r2,16384,16384,8192,fp32,N,N,0,147.23746,29.87
unset_r2,2048,8192,65536,fp32,N,N,0,79.60212,27.63
unset_r2,2048,32768,32768,fp32,N,N,0,108.37170,40.58
unset_r2,16384,1024,16384,fp32,N,N,0,27.93591,19.68
unset_r2,16384,2048,16384,fp32,N,N,0,57.33429,19.18
unset_r2,4096,1024,32768,fp32,N,N,0,8.24257,33.35
unset_r2,32768,1024,8192,fp32,N,N,0,27.59601,19.92
unset_r2,32768,16384,4096,fp32,N,N,0,123.33616,35.66
unset_r2,4096,2048,32768,fp32,N,N,0,15.39435,35.71
unset_r2,32768,2048,8192,fp32,N,N,0,55.93752,19.66
unset_r2,4096,4096,32768,fp32,N,N,0,30.20308,36.40
unset_r2,16384,4096,16384,fp32,N,N,0,129.80220,16.94
unset_r2,32768,4096,8192,fp32,N,N,0,105.58603,20.83
unset_r2,4096,8192,32768,fp32,N,N,0,60.94040,36.08
unset_r2,2048,16384,65536,fp32,N,N,0,155.96852,28.20
unset_r2,16384,8192,16384,fp32,N,N,0,107.77341,40.81
unset_r2,4096,4096,131072,fp32,N,N,0,169.36943,25.97
unset_r2,4096,1024,65536,fp32,N,N,0,25.09853,21.90
unset_r2,4096,2048,65536,fp32,N,N,0,41.41075,26.55
unset_r2,4096,16384,32768,fp32,N,N,0,125.25311,35.11
unset_r2,32768,1024,16384,fp32,N,N,0,60.24134,18.25
unset_r2,4096,4096,65536,fp32,N,N,0,74.79786,29.40
unset_r2,8192,1024,32768,fp32,N,N,0,14.14659,38.86
unset_r2,32768,2048,16384,fp32,N,N,0,121.80222,18.05
unset_r2,8192,2048,32768,fp32,N,N,0,27.17476,40.46
unset_r2,8192,4096,32768,fp32,N,N,0,54.21518,40.56
unset_r2,4096,8192,65536,fp32,N,N,0,157.74541,27.88
unset_r2,8192,8192,32768,fp32,N,N,0,108.28384,40.62
unset_r2,8192,1024,65536,fp32,N,N,0,35.92405,30.61
unset_r2,8192,2048,65536,fp32,N,N,0,78.54856,28.00
unset_r2,28672,8192,8192,fp32,N,N,0,136.46986,28.20
unset_r2,16384,1024,32768,fp32,N,N,0,41.19340,26.69
unset_r2,16384,2048,32768,fp32,N,N,0,81.10224,27.11
unset_r2,8192,4096,65536,fp32,N,N,0,150.88496,29.15
unset_r2,16384,4096,32768,fp32,N,N,0,154.56660,28.45
unset_r2,16384,1024,65536,fp32,N,N,0,90.08032,24.41
unset_r2,16384,2048,65536,fp32,N,N,0,174.79515,25.16
unset_r2,32768,1024,32768,fp32,N,N,0,83.31142,26.40
unset_r2,32768,2048,32768,fp32,N,N,0,165.66331,26.55
unset_r2,32768,1024,65536,fp32,N,N,0,175.17970,25.11
hipblaslt_r2,1024,1024,512,fp32,N,N,0,0.04288,25.04
hipblaslt_r2,1024,1024,1024,fp32,N,N,0,0.07008,30.64
hipblaslt_r2,1024,1024,2048,fp32,N,N,0,0.12555,34.21
hipblaslt_r2,1024,1024,4096,fp32,N,N,0,0.23718,36.22
hipblaslt_r2,1024,2048,512,fp32,N,N,0,0.07317,29.35
hipblaslt_r2,1024,2048,1024,fp32,N,N,0,0.12688,33.85
hipblaslt_r2,1024,4096,512,fp32,N,N,0,0.12843,33.44
hipblaslt_r2,1024,1024,8192,fp32,N,N,0,0.44747,38.39
hipblaslt_r2,1024,2048,2048,fp32,N,N,0,0.23424,36.67
hipblaslt_r2,1024,4096,1024,fp32,N,N,0,0.23611,36.38
hipblaslt_r2,1024,8192,512,fp32,N,N,0,0.25739,33.37
hipblaslt_r2,1024,2048,4096,fp32,N,N,0,0.45056,38.13
hipblaslt_r2,1024,4096,2048,fp32,N,N,0,0.45590,37.68
hipblaslt_r2,1024,1024,16384,fp32,N,N,0,0.88428,38.86
hipblaslt_r2,1024,8192,1024,fp32,N,N,0,0.47238,36.37
hipblaslt_r2,1024,16384,512,fp32,N,N,0,0.53878,31.89
hipblaslt_r2,1024,2048,8192,fp32,N,N,0,0.89729,38.29
hipblaslt_r2,1024,4096,4096,fp32,N,N,0,0.89164,38.54
hipblaslt_r2,1024,8192,2048,fp32,N,N,0,0.90753,37.86
hipblaslt_r2,1024,16384,1024,fp32,N,N,0,0.97084,35.39
hipblaslt_r2,1024,1024,32768,fp32,N,N,0,1.84151,37.32
hipblaslt_r2,1024,32768,512,fp32,N,N,0,1.33687,25.70
hipblaslt_r2,2048,1024,512,fp32,N,N,0,0.07456,28.80
hipblaslt_r2,2048,2048,512,fp32,N,N,0,0.12827,33.48
hipblaslt_r2,1024,2048,16384,fp32,N,N,0,1.76759,38.88
hipblaslt_r2,2048,4096,512,fp32,N,N,0,0.24192,35.51
hipblaslt_r2,1024,4096,8192,fp32,N,N,0,1.78402,38.52
hipblaslt_r2,1024,8192,4096,fp32,N,N,0,1.77463,38.72
hipblaslt_r2,2048,8192,512,fp32,N,N,0,0.49734,34.54
hipblaslt_r2,1024,16384,2048,fp32,N,N,0,1.83805,37.39
hipblaslt_r2,1024,32768,1024,fp32,N,N,0,2.30013,29.88
hipblaslt_r2,2048,16384,512,fp32,N,N,0,1.01414,33.88
hipblaslt_r2,1024,1024,65536,fp32,N,N,0,3.60377,38.14
hipblaslt_r2,2048,1024,1024,fp32,N,N,0,0.12768,33.64
hipblaslt_r2,2048,2048,1024,fp32,N,N,0,0.23574,36.44
hipblaslt_r2,2048,4096,1024,fp32,N,N,0,0.45984,37.36
hipblaslt_r2,2048,8192,1024,fp32,N,N,0,0.91980,37.36
hipblaslt_r2,1024,2048,32768,fp32,N,N,0,3.63268,37.83
hipblaslt_r2,1024,4096,16384,fp32,N,N,0,3.52223,39.02
hipblaslt_r2,2048,32768,512,fp32,N,N,0,2.55299,26.92
hipblaslt_r2,1024,8192,8192,fp32,N,N,0,3.51230,39.13
hipblaslt_r2,1024,16384,4096,fp32,N,N,0,3.57385,38.46
hipblaslt_r2,4096,1024,512,fp32,N,N,0,0.12709,33.79
hipblaslt_r2,4096,2048,512,fp32,N,N,0,0.23904,35.93
hipblaslt_r2,2048,16384,1024,fp32,N,N,0,1.87357,36.68
hipblaslt_r2,4096,4096,512,fp32,N,N,0,0.46566,36.89
hipblaslt_r2,1024,32768,2048,fp32,N,N,0,4.50800,30.49
hipblaslt_r2,4096,8192,512,fp32,N,N,0,0.95238,36.08
hipblaslt_r2,2048,1024,2048,fp32,N,N,0,0.23547,36.48
hipblaslt_r2,2048,2048,2048,fp32,N,N,0,0.45627,37.65
hipblaslt_r2,2048,4096,2048,fp32,N,N,0,0.89622,38.34
hipblaslt_r2,4096,16384,512,fp32,N,N,0,1.94647,35.30
hipblaslt_r2,2048,8192,2048,fp32,N,N,0,1.79133,38.36
hipblaslt_r2,2048,32768,1024,fp32,N,N,0,5.11979,26.84
hipblaslt_r2,4096,1024,1024,fp32,N,N,0,0.23472,36.60
hipblaslt_r2,4096,2048,1024,fp32,N,N,0,0.45483,37.77
hipblaslt_r2,4096,4096,1024,fp32,N,N,0,0.90108,38.13
hipblaslt_r2,2048,16384,2048,fp32,N,N,0,3.61583,38.01
hipblaslt_r2,1024,8192,16384,fp32,N,N,0,7.09922,38.72
hipblaslt_r2,1024,2048,65536,fp32,N,N,0,7.12872,38.56
hipblaslt_r2,1024,4096,32768,fp32,N,N,0,7.19613,38.20
hipblaslt_r2,4096,32768,512,fp32,N,N,0,4.91243,27.98
hipblaslt_r2,4096,8192,1024,fp32,N,N,0,1.80925,37.98
hipblaslt_r2,1024,16384,8192,fp32,N,N,0,7.04232,39.03
hipblaslt_r2,8192,1024,512,fp32,N,N,0,0.23952,35.86
hipblaslt_r2,8192,2048,512,fp32,N,N,0,0.46224,37.17
hipblaslt_r2,8192,4096,512,fp32,N,N,0,0.91201,37.67
hipblaslt_r2,1024,32768,4096,fp32,N,N,0,9.69498,28.35
hipblaslt_r2,4096,16384,1024,fp32,N,N,0,3.69860,37.16
hipblaslt_r2,8192,8192,512,fp32,N,N,0,1.84471,37.25
hipblaslt_r2,2048,1024,4096,fp32,N,N,0,0.45846,37.47
hipblaslt_r2,2048,2048,4096,fp32,N,N,0,0.89068,38.58
hipblaslt_r2,2048,4096,4096,fp32,N,N,0,1.76599,38.91
hipblaslt_r2,8192,16384,512,fp32,N,N,0,3.77673,36.39
hipblaslt_r2,2048,32768,2048,fp32,N,N,0,10.80252,25.45
hipblaslt_r2,2048,8192,4096,fp32,N,N,0,3.52468,38.99
hipblaslt_r2,4096,1024,2048,fp32,N,N,0,0.45334,37.90
hipblaslt_r2,4096,2048,2048,fp32,N,N,0,0.88908,38.65
hipblaslt_r2,4096,32768,1024,fp32,N,N,0,10.92262,25.17
hipblaslt_r2,4096,4096,2048,fp32,N,N,0,1.76893,38.85
hipblaslt_r2,8192,1024,1024,fp32,N,N,0,0.45558,37.71
hipblaslt_r2,8192,2048,1024,fp32,N,N,0,0.89286,38.48
hipblaslt_r2,4096,8192,2048,fp32,N,N,0,3.54244,38.80
hipblaslt_r2,8192,32768,512,fp32,N,N,0,9.87099,27.85
hipblaslt_r2,8192,4096,1024,fp32,N,N,0,1.78034,38.60
hipblaslt_r2,2048,16384,4096,fp32,N,N,0,7.11277,38.65
hipblaslt_r2,1024,8192,32768,fp32,N,N,0,14.12954,38.91
hipblaslt_r2,1024,4096,65536,fp32,N,N,0,14.23375,38.62
hipblaslt_r2,16384,1024,512,fp32,N,N,0,0.46336,37.08
hipblaslt_r2,8192,8192,1024,fp32,N,N,0,3.57273,38.47
hipblaslt_r2,16384,2048,512,fp32,N,N,0,0.90694,37.89
hipblaslt_r2,1024,16384,16384,fp32,N,N,0,14.24479,38.59
hipblaslt_r2,16384,4096,512,fp32,N,N,0,1.79837,38.21
hipblaslt_r2,4096,16384,2048,fp32,N,N,0,7.17645,38.30
hipblaslt_r2,16384,8192,512,fp32,N,N,0,3.58031,38.39
hipblaslt_r2,8192,16384,1024,fp32,N,N,0,7.28770,37.72
hipblaslt_r2,1024,32768,8192,fp32,N,N,0,21.28465,25.83
hipblaslt_r2,16384,16384,512,fp32,N,N,0,7.37395,37.28
hipblaslt_r2,2048,1024,8192,fp32,N,N,0,0.89270,38.49
hipblaslt_r2,2048,2048,8192,fp32,N,N,0,1.78205,38.56
hipblaslt_r2,2048,4096,8192,fp32,N,N,0,3.51076,39.15
hipblaslt_r2,2048,32768,4096,fp32,N,N,0,21.80551,25.21
hipblaslt_r2,4096,32768,2048,fp32,N,N,0,22.90147,24.01
hipblaslt_r2,8192,32768,1024,fp32,N,N,0,22.82393,24.09
hipblaslt_r2,4096,1024,4096,fp32,N,N,0,0.88785,38.70
hipblaslt_r2,8192,1024,2048,fp32,N,N,0,0.88705,38.73
hipblaslt_r2,2048,8192,8192,fp32,N,N,0,6.99335,39.31
hipblaslt_r2,4096,2048,4096,fp32,N,N,0,1.75346,39.19
hipblaslt_r2,8192,2048,2048,fp32,N,N,0,1.75666,39.12
hipblaslt_r2,4096,4096,4096,fp32,N,N,0,3.50569,39.20
hipblaslt_r2,8192,4096,2048,fp32,N,N,0,3.51396,39.11
hipblaslt_r2,16384,1024,1024,fp32,N,N,0,0.89388,38.44
hipblaslt_r2,16384,2048,1024,fp32,N,N,0,1.76690,38.89
hipblaslt_r2,16384,32768,512,fp32,N,N,0,19.67072,27.95
hipblaslt_r2,16384,4096,1024,fp32,N,N,0,3.53486,38.88
hipblaslt_r2,8192,8192,2048,fp32,N,N,0,7.02647,39.12
hipblaslt_r2,4096,8192,4096,fp32,N,N,0,7.00983,39.21
hipblaslt_r2,32768,1024,512,fp32,N,N,0,0.90476,37.98
hipblaslt_r2,32768,2048,512,fp32,N,N,0,1.78397,38.52
hipblaslt_r2,16384,8192,1024,fp32,N,N,0,7.01170,39.20
hipblaslt_r2,32768,4096,512,fp32,N,N,0,3.51230,39.13
hipblaslt_r2,2048,16384,8192,fp32,N,N,0,14.15311,38.84
hipblaslt_r2,1024,8192,65536,fp32,N,N,0,28.19481,39.00
hipblaslt_r2,32768,8192,512,fp32,N,N,0,7.05160,38.98
hipblaslt_r2,8192,16384,2048,fp32,N,N,0,14.84997,37.02
hipblaslt_r2,4096,16384,4096,fp32,N,N,0,14.24714,38.59
hipblaslt_r2,1024,16384,32768,fp32,N,N,0,28.29742,38.86
hipblaslt_r2,16384,16384,1024,fp32,N,N,0,14.87285,36.96
hipblaslt_r2,32768,16384,512,fp32,N,N,0,14.57055,37.73
hipblaslt_r2,1024,32768,16384,fp32,N,N,0,28.76484,38.22
hipblaslt_r2,2048,1024,16384,fp32,N,N,0,1.76749,38.88
hipblaslt_r2,2048,2048,16384,fp32,N,N,0,3.51854,39.06
hipblaslt_r2,8192,32768,2048,fp32,N,N,0,48.89626,22.49
hipblaslt_r2,16384,32768,1024,fp32,N,N,0,44.19700,24.88
hipblaslt_r2,2048,4096,16384,fp32,N,N,0,7.08840,38.78
hipblaslt_r2,16384,1024,2048,fp32,N,N,0,1.75943,39.06
hipblaslt_r2,16384,2048,2048,fp32,N,N,0,3.49604,39.31
hipblaslt_r2,4096,32768,4096,fp32,N,N,0,46.40449,23.69
hipblaslt_r2,32768,1024,1024,fp32,N,N,0,1.77010,38.82
hipblaslt_r2,32768,32768,512,fp32,N,N,0,38.98900,28.20
hipblaslt_r2,32768,2048,1024,fp32,N,N,0,3.51177,39.14
hipblaslt_r2,16384,4096,2048,fp32,N,N,0,7.00130,39.26
hipblaslt_r2,2048,32768,8192,fp32,N,N,0,45.95286,23.93
hipblaslt_r2,8192,1024,4096,fp32,N,N,0,1.75277,39.21
hipblaslt_r2,32768,4096,1024,fp32,N,N,0,6.95207,39.54
hipblaslt_r2,8192,2048,4096,fp32,N,N,0,3.48814,39.40
hipblaslt_r2,2048,8192,16384,fp32,N,N,0,14.18532,38.76
hipblaslt_r2,4096,1024,8192,fp32,N,N,0,1.78066,38.59
hipblaslt_r2,16384,8192,2048,fp32,N,N,0,13.85780,39.67
hipblaslt_r2,8192,4096,4096,fp32,N,N,0,6.98823,39.33
hipblaslt_r2,4096,2048,8192,fp32,N,N,0,3.49204,39.36
hipblaslt_r2,32768,8192,1024,fp32,N,N,0,13.97887,39.33
hipblaslt_r2,4096,4096,8192,fp32,N,N,0,6.99751,39.28
hipblaslt_r2,8192,8192,4096,fp32,N,N,0,14.01156,39.24
hipblaslt_r2,4096,8192,8192,fp32,N,N,0,13.97145,39.35
hipblaslt_r2,16384,16384,2048,fp32,N,N,0,32.01564,34.34
hipblaslt_r2,32768,16384,1024,fp32,N,N,0,30.03498,36.61
hipblaslt_r2,2048,16384,16384,fp32,N,N,0,28.48403,38.60
hipblaslt_r2,8192,16384,4096,fp32,N,N,0,30.46853,36.09
hipblaslt_r2,1024,16384,65536,fp32,N,N,0,56.43600,38.96
hipblaslt_r2,4096,16384,8192,fp32,N,N,0,30.17658,36.44
hipblaslt_r2,4096,1024,16384,fp32,N,N,0,3.52292,39.01
hipblaslt_r2,4096,2048,16384,fp32,N,N,0,7.08365,38.80
hipblaslt_r2,8192,28672,8192,fp32,N,N,0,104.38953,36.86
hipblaslt_r2,4096,4096,16384,fp32,N,N,0,14.16612,38.81
hipblaslt_r2,16384,32768,2048,fp32,N,N,0,99.41230,22.12
hipblaslt_r2,32768,32768,1024,fp32,N,N,0,88.52151,24.84
hipblaslt_r2,1024,32768,32768,fp32,N,N,0,56.83744,38.69
hipblaslt_r2,32768,1024,2048,fp32,N,N,0,3.49721,39.30
hipblaslt_r2,4096,8192,16384,fp32,N,N,0,28.35310,38.78
hipblaslt_r2,32768,2048,2048,fp32,N,N,0,6.96743,39.45
hipblaslt_r2,2048,1024,32768,fp32,N,N,0,4.15919,33.04
hipblaslt_r2,2048,2048,32768,fp32,N,N,0,7.59277,36.20
hipblaslt_r2,32768,4096,2048,fp32,N,N,0,13.82558,39.76
hipblaslt_r2,8192,32768,4096,fp32,N,N,0,90.51160,24.30
hipblaslt_r2,2048,4096,32768,fp32,N,N,0,14.11577,38.95
hipblaslt_r2,16384,1024,4096,fp32,N,N,0,3.48649,39.42
hipblaslt_r2,32768,8192,2048,fp32,N,N,0,28.48126,38.60
hipblaslt_r2,16384,2048,4096,fp32,N,N,0,6.95335,39.53
hipblaslt_r2,16384,4096,4096,fp32,N,N,0,13.96095,39.38
hipblaslt_r2,16384,8192,8192,fp32,N,N,0,58.89181,37.34
hipblaslt_r2,4096,32768,8192,fp32,N,N,0,95.85198,22.94
hipblaslt_r2,2048,8192,32768,fp32,N,N,0,28.25480,38.91
hipblaslt_r2,8192,1024,8192,fp32,N,N,0,3.49252,39.35
hipblaslt_r2,16384,8192,4096,fp32,N,N,0,27.74877,39.62
hipblaslt_r2,8192,2048,8192,fp32,N,N,0,6.95895,39.50
hipblaslt_r2,4096,16384,16384,fp32,N,N,0,56.97226,38.60
hipblaslt_r2,32768,16384,2048,fp32,N,N,0,65.69705,33.47
hipblaslt_r2,8192,4096,8192,fp32,N,N,0,13.97353,39.34
hipblaslt_r2,8192,8192,8192,fp32,N,N,0,28.02418,39.23
hipblaslt_r2,8192,1024,16384,fp32,N,N,0,7.08247,38.81
hipblaslt_r2,16384,16384,4096,fp32,N,N,0,64.87661,33.90
hipblaslt_r2,8192,2048,16384,fp32,N,N,0,14.15588,38.84
hipblaslt_r2,2048,16384,32768,fp32,N,N,0,56.59648,38.85
hipblaslt_r2,8192,4096,16384,fp32,N,N,0,28.32184,38.82
hipblaslt_r2,8192,16384,8192,fp32,N,N,0,60.42590,36.39
hipblaslt_r2,16384,1024,8192,fp32,N,N,0,6.95666,39.51
hipblaslt_r2,32768,32768,2048,fp32,N,N,0,193.21703,22.76
hipblaslt_r2,8192,8192,16384,fp32,N,N,0,56.62042,38.84
hipblaslt_r2,16384,2048,8192,fp32,N,N,0,13.87822,39.61
hipblaslt_r2,16384,4096,8192,fp32,N,N,0,28.16679,39.04
hipblaslt_r2,1024,32768,65536,fp32,N,N,0,113.03070,38.91
hipblaslt_r2,16384,32768,4096,fp32,N,N,0,201.44592,21.83
hipblaslt_r2,16384,8192,8192,fp32,N,N,0,55.77166,39.43
hipblaslt_r2,2048,1024,65536,fp32,N,N,0,8.07928,34.02
hipblaslt_r2,12288,12288,12288,fp32,N,N,0,94.75476,39.16
hipblaslt_r2,32768,1024,4096,fp32,N,N,0,6.95132,39.54
hipblaslt_r2,2048,2048,65536,fp32,N,N,0,15.01876,36.60
hipblaslt_r2,32768,2048,4096,fp32,N,N,0,13.87955,39.61
hipblaslt_r2,32768,4096,4096,fp32,N,N,0,27.63409,39.79
hipblaslt_r2,2048,4096,65536,fp32,N,N,0,28.18807,39.01
hipblaslt_r2,8192,16384,16384,fp32,N,N,0,112.57681,39.07
hipblaslt_r2,32768,8192,4096,fp32,N,N,0,57.70938,38.11
hipblaslt_r2,16384,16384,8192,fp32,N,N,0,135.89085,32.36
hipblaslt_r2,2048,8192,65536,fp32,N,N,0,56.39214,39.00
hipblaslt_r2,2048,32768,32768,fp32,N,N,0,113.70940,38.68
hipblaslt_r2,16384,1024,16384,fp32,N,N,0,14.16057,38.82
hipblaslt_r2,16384,2048,16384,fp32,N,N,0,28.31505,38.83
hipblaslt_r2,4096,1024,32768,fp32,N,N,0,9.77674,28.12
hipblaslt_r2,32768,1024,8192,fp32,N,N,0,13.88147,39.60
hipblaslt_r2,32768,16384,4096,fp32,N,N,0,133.34190,32.98
hipblaslt_r2,4096,2048,32768,fp32,N,N,0,14.11203,38.96
hipblaslt_r2,32768,2048,8192,fp32,N,N,0,27.73451,39.64
hipblaslt_r2,4096,4096,32768,fp32,N,N,0,28.23393,38.94
hipblaslt_r2,16384,4096,16384,fp32,N,N,0,56.62883,38.83
hipblaslt_r2,32768,4096,8192,fp32,N,N,0,58.59732,37.53
hipblaslt_r2,4096,8192,32768,fp32,N,N,0,56.49133,38.93
hipblaslt_r2,2048,16384,65536,fp32,N,N,0,112.87796,38.96
hipblaslt_r2,16384,8192,16384,fp32,N,N,0,112.02830,39.26
hipblaslt_r2,4096,4096,131072,fp32,N,N,0,112.68606,39.03
hipblaslt_r2,4096,1024,65536,fp32,N,N,0,15.93333,34.50
hipblaslt_r2,4096,2048,65536,fp32,N,N,0,28.18449,39.01
hipblaslt_r2,4096,16384,32768,fp32,N,N,0,113.13752,38.87
hipblaslt_r2,32768,1024,16384,fp32,N,N,0,28.30678,38.84
hipblaslt_r2,4096,4096,65536,fp32,N,N,0,56.35986,39.02
hipblaslt_r2,8192,1024,32768,fp32,N,N,0,15.74666,34.91
hipblaslt_r2,32768,2048,16384,fp32,N,N,0,56.61735,38.84
hipblaslt_r2,8192,2048,32768,fp32,N,N,0,28.23116,38.95
hipblaslt_r2,8192,4096,32768,fp32,N,N,0,56.48497,38.93
hipblaslt_r2,4096,8192,65536,fp32,N,N,0,112.77752,39.00
hipblaslt_r2,8192,8192,32768,fp32,N,N,0,112.96738,38.93
hipblaslt_r2,8192,1024,65536,fp32,N,N,0,37.29786,29.48
hipblaslt_r2,8192,2048,65536,fp32,N,N,0,56.36572,39.01
hipblaslt_r2,28672,8192,8192,fp32,N,N,0,105.40453,36.51
hipblaslt_r2,16384,1024,32768,fp32,N,N,0,31.91172,34.45
hipblaslt_r2,16384,2048,32768,fp32,N,N,0,56.46225,38.95
hipblaslt_r2,8192,4096,65536,fp32,N,N,0,112.76006,39.00
hipblaslt_r2,16384,4096,32768,fp32,N,N,0,112.98977,38.92
hipblaslt_r2,16384,1024,65536,fp32,N,N,0,77.46416,28.39
hipblaslt_r2,16384,2048,65536,fp32,N,N,0,112.76374,39.00
hipblaslt_r2,32768,1024,32768,fp32,N,N,0,64.21794,34.24
hipblaslt_r2,32768,2048,32768,fp32,N,N,0,113.04966,38.90
hipblaslt_r2,32768,1024,65536,fp32,N,N,0,160.28877,27.44
