arch,rocm,M,N,K,dtype,best_sol,best_ms,default_ms,gain
arch,rocm,M,N,K,dtype,best_sol,best_ms,default_ms,gain
arch,rocm,M,N,K,dtype,best_sol,best_ms,default_ms,gain
arch,rocm,M,N,K,dtype,best_sol,best_ms,default_ms,gain
arch,rocm,M,N,K,dtype,best_sol,best_ms,default_ms,gain
arch,rocm,M,N,K,dtype,best_sol,best_ms,default_ms,gain
arch,rocm,M,N,K,dtype,best_sol,best_ms,default_ms,gain
arch,rocm,M,N,K,dtype,best_sol,best_ms,default_ms,gain
gfx90a:sramecc+:xnack-,5.2.0.dabb6df2b9,1024,1024,512,fp32,-606605149,0.03926,0.05813,1.4806
gfx90a:sramecc+:xnack-,5.2.0.dabb6df2b9,1024,1024,1024,fp32,-606627955,0.07101,0.09376,1.3204
gfx90a:sramecc+:xnack-,5.2.0.dabb6df2b9,1024,1024,2048,fp32,-606605149,0.13536,0.15323,1.1320
gfx90a:sramecc+:xnack-,5.2.0.dabb6df2b9,1024,1024,512,bf16,-606629853,0.02067,0.04411,2.1336
gfx90a:sramecc+:xnack-,5.2.0.dabb6df2b9,1024,1024,1024,bf16,-606605203,0.03165,0.05285,1.6700
gfx90a:sramecc+:xnack-,5.2.0.dabb6df2b9,1024,1024,4096,fp32,-606605102,0.26170,0.28512,1.0895
gfx90a:sramecc+:xnack-,5.2.0.dabb6df2b9,1024,2048,512,fp32,-606605073,0.06838,0.07440,1.0880
gfx90a:sramecc+:xnack-,5.2.0.dabb6df2b9,1024,2048,512,bf16,-606629837,0.03059,0.04501,1.4714
gfx90a:sramecc+:xnack-,5.2.0.dabb6df2b9,1024,1024,2048,bf16,-606605161,0.05194,0.09477,1.8248
gfx90a:sramecc+:xnack-,5.2.0.dabb6df2b9,1024,2048,1024,fp32,-606605073,0.12848,0.13979,1.0880
gfx90a:sramecc+:xnack-,5.2.0.dabb6df2b9,1024,2048,1024,bf16,-606629837,0.05130,0.06448,1.2570
gfx90a:sramecc+:xnack-,5.2.0.dabb6df2b9,1024,4096,512,fp32,-606628040,0.12883,0.13765,1.0685
gfx90a:sramecc+:xnack-,5.2.0.dabb6df2b9,1024,4096,512,bf16,-606629837,0.06160,0.08571,1.3913
gfx90a:sramecc+:xnack-,5.2.0.dabb6df2b9,1024,1024,4096,bf16,-606605161,0.09142,0.11525,1.2606
gfx90a:sramecc+:xnack-,5.2.0.dabb6df2b9,1024,1024,8192,fp32,-606627996,0.52490,0.67067,1.2777
gfx90a:sramecc+:xnack-,5.2.0.dabb6df2b9,1024,2048,2048,fp32,-606605148,0.24746,0.26928,1.0882
gfx90a:sramecc+:xnack-,5.2.0.dabb6df2b9,1024,4096,1024,fp32,-606628014,0.25594,0.27243,1.0644
gfx90a:sramecc+:xnack-,5.2.0.dabb6df2b9,1024,2048,2048,bf16,-606629837,0.09200,0.10123,1.1003
gfx90a:sramecc+:xnack-,5.2.0.dabb6df2b9,1024,8192,512,fp32,-606628009,0.24759,0.26432,1.0676
gfx90a:sramecc+:xnack-,5.2.0.dabb6df2b9,1024,4096,1024,bf16,-606605187,0.10275,0.12901,1.2556
gfx90a:sramecc+:xnack-,5.2.0.dabb6df2b9,1024,8192,512,bf16,-606629952,0.11475,0.12176,1.0611
gfx90a:sramecc+:xnack-,5.2.0.dabb6df2b9,1024,1024,8192,bf16,-606629812,0.17306,0.20709,1.1967
gfx90a:sramecc+:xnack-,5.2.0.dabb6df2b9,1024,2048,4096,fp32,-606605148,0.49092,0.53515,1.0901
gfx90a:sramecc+:xnack-,5.2.0.dabb6df2b9,1024,4096,2048,fp32,-606605130,0.48269,0.50400,1.0442
gfx90a:sramecc+:xnack-,5.2.0.dabb6df2b9,1024,2048,4096,bf16,-606605187,0.17712,0.19728,1.1138
gfx90a:sramecc+:xnack-,5.2.0.dabb6df2b9,1024,1024,16384,fp32,-606605102,1.03722,1.14998,1.1087
gfx90a:sramecc+:xnack-,5.2.0.dabb6df2b9,1024,8192,1024,fp32,-606605138,0.48996,0.52011,1.0615
gfx90a:sramecc+:xnack-,5.2.0.dabb6df2b9,1024,4096,2048,bf16,-606629837,0.18288,0.21734,1.1884
gfx90a:sramecc+:xnack-,5.2.0.dabb6df2b9,1024,8192,1024,bf16,-606605297,0.18637,0.21061,1.1301
gfx90a:sramecc+:xnack-,5.2.0.dabb6df2b9,1024,16384,512,fp32,-606605116,0.49028,0.54059,1.1026
gfx90a:sramecc+:xnack-,5.2.0.dabb6df2b9,1024,16384,512,bf16,-606605297,0.21143,0.62048,2.9348
gfx90a:sramecc+:xnack-,5.2.0.dabb6df2b9,1024,1024,16384,bf16,-606629812,0.34346,0.36795,1.0713
gfx90a:sramecc+:xnack-,5.2.0.dabb6df2b9,1024,2048,8192,fp32,-606628008,0.96999,1.15046,1.1861
gfx90a:sramecc+:xnack-,5.2.0.dabb6df2b9,1024,4096,4096,fp32,-606605130,0.94346,1.01713,1.0781
gfx90a:sramecc+:xnack-,5.2.0.dabb6df2b9,1024,2048,8192,bf16,-606629877,0.32919,0.36203,1.0998
gfx90a:sramecc+:xnack-,5.2.0.dabb6df2b9,1024,8192,2048,fp32,-606628027,0.94769,1.07158,1.1307
gfx90a:sramecc+:xnack-,5.2.0.dabb6df2b9,1024,4096,4096,bf16,-606605187,0.35072,0.40016,1.1410
gfx90a:sramecc+:xnack-,5.2.0.dabb6df2b9,1024,16384,1024,fp32,-606605116,0.95799,1.13393,1.1837
gfx90a:sramecc+:xnack-,5.2.0.dabb6df2b9,1024,8192,2048,bf16,-606629952,0.34394,0.37275,1.0838
gfx90a:sramecc+:xnack-,5.2.0.dabb6df2b9,1024,16384,1024,bf16,-606605297,0.34170,0.40992,1.1997
gfx90a:sramecc+:xnack-,5.2.0.dabb6df2b9,1024,1024,32768,fp32,-606628025,2.20527,3.10825,1.4095
gfx90a:sramecc+:xnack-,5.2.0.dabb6df2b9,1024,32768,512,fp32,-606628009,1.00753,1.34145,1.3314
gfx90a:sramecc+:xnack-,5.2.0.dabb6df2b9,1024,32768,512,bf16,-606629965,0.40618,1.14251,2.8128
gfx90a:sramecc+:xnack-,5.2.0.dabb6df2b9,2048,1024,512,fp32,-606605069,0.06739,0.07328,1.0874
gfx90a:sramecc+:xnack-,5.2.0.dabb6df2b9,2048,1024,512,bf16,-606629937,0.03030,0.04048,1.3358
gfx90a:sramecc+:xnack-,5.2.0.dabb6df2b9,1024,1024,32768,bf16,-606605202,0.71639,0.75083,1.0481
gfx90a:sramecc+:xnack-,5.2.0.dabb6df2b9,2048,2048,512,fp32,-606627972,0.13014,0.14171,1.0888
gfx90a:sramecc+:xnack-,5.2.0.dabb6df2b9,2048,2048,512,bf16,-606605164,0.04934,0.06992,1.4170
gfx90a:sramecc+:xnack-,5.2.0.dabb6df2b9,1024,2048,16384,fp32,-606628007,1.93508,3.88204,2.0061
gfx90a:sramecc+:xnack-,5.2.0.dabb6df2b9,2048,4096,512,fp32,-606605138,0.24768,0.26112,1.0543
gfx90a:sramecc+:xnack-,5.2.0.dabb6df2b9,2048,4096,512,bf16,-606605198,0.10266,0.12688,1.2360
gfx90a:sramecc+:xnack-,5.2.0.dabb6df2b9,1024,4096,8192,fp32,-606605137,1.90474,2.61521,1.3730
gfx90a:sramecc+:xnack-,5.2.0.dabb6df2b9,1024,8192,4096,fp32,-606605116,1.85083,2.06242,1.1143
gfx90a:sramecc+:xnack-,5.2.0.dabb6df2b9,1024,2048,16384,bf16,-606605227,0.57831,0.75787,1.3105
gfx90a:sramecc+:xnack-,5.2.0.dabb6df2b9,2048,8192,512,fp32,-606605116,0.48272,0.51174,1.0601
gfx90a:sramecc+:xnack-,5.2.0.dabb6df2b9,1024,16384,2048,fp32,-606628017,1.91064,2.22567,1.1649
gfx90a:sramecc+:xnack-,5.2.0.dabb6df2b9,1024,4096,8192,bf16,-606629837,0.70170,0.77782,1.1085
gfx90a:sramecc+:xnack-,5.2.0.dabb6df2b9,1024,8192,4096,bf16,-606605350,0.66151,0.74763,1.1302
gfx90a:sramecc+:xnack-,5.2.0.dabb6df2b9,2048,8192,512,bf16,-606605188,0.20000,0.22005,1.1003
gfx90a:sramecc+:xnack-,5.2.0.dabb6df2b9,1024,16384,2048,bf16,-606630005,0.66317,0.70545,1.0637
gfx90a:sramecc+:xnack-,5.2.0.dabb6df2b9,1024,32768,1024,fp32,-606628009,1.93995,2.31724,1.1945
gfx90a:sramecc+:xnack-,5.2.0.dabb6df2b9,2048,16384,512,fp32,-606605116,0.96301,1.09233,1.1343
gfx90a:sramecc+:xnack-,5.2.0.dabb6df2b9,2048,16384,512,bf16,-606629815,0.40583,0.44960,1.1079
gfx90a:sramecc+:xnack-,5.2.0.dabb6df2b9,1024,32768,1024,bf16,-606605310,0.65386,1.61510,2.4701
gfx90a:sramecc+:xnack-,5.2.0.dabb6df2b9,1024,1024,65536,fp32,-606605132,4.51243,7.86872,1.7438
gfx90a:sramecc+:xnack-,5.2.0.dabb6df2b9,2048,1024,1024,fp32,-606627969,0.12733,0.13931,1.0941
gfx90a:sramecc+:xnack-,5.2.0.dabb6df2b9,2048,1024,1024,bf16,-606629949,0.05056,0.05973,1.1814
gfx90a:sramecc+:xnack-,5.2.0.dabb6df2b9,2048,2048,1024,fp32,-606605123,0.26253,0.26299,1.0017
gfx90a:sramecc+:xnack-,5.2.0.dabb6df2b9,2048,2048,1024,bf16,-606629814,0.08163,0.16325,1.9999
gfx90a:sramecc+:xnack-,5.2.0.dabb6df2b9,2048,4096,1024,fp32,-606628009,0.48096,0.51499,1.0707
gfx90a:sramecc+:xnack-,5.2.0.dabb6df2b9,2048,4096,1024,bf16,-606629864,0.17203,0.18843,1.0953
gfx90a:sramecc+:xnack-,5.2.0.dabb6df2b9,2048,8192,1024,fp32,-606605134,0.97937,1.00726,1.0285
gfx90a:sramecc+:xnack-,5.2.0.dabb6df2b9,1024,1024,65536,bf16,-606629853,1.67285,2.35197,1.4060
gfx90a:sramecc+:xnack-,5.2.0.dabb6df2b9,2048,8192,1024,bf16,-606629952,0.32567,0.38928,1.1953
gfx90a:sramecc+:xnack-,5.2.0.dabb6df2b9,1024,2048,32768,fp32,-606604995,3.97003,4.04463,1.0188
gfx90a:sramecc+:xnack-,5.2.0.dabb6df2b9,1024,4096,16384,fp32,-606628016,3.98421,9.42323,2.3651
gfx90a:sramecc+:xnack-,5.2.0.dabb6df2b9,2048,32768,512,fp32,-606628009,1.98385,2.55180,1.2863
gfx90a:sramecc+:xnack-,5.2.0.dabb6df2b9,1024,8192,8192,fp32,-606605139,3.75032,5.57698,1.4871
gfx90a:sramecc+:xnack-,5.2.0.dabb6df2b9,1024,16384,4096,fp32,-606628009,3.69683,10.23262,2.7679
gfx90a:sramecc+:xnack-,5.2.0.dabb6df2b9,1024,4096,16384,bf16,-606605241,1.31495,1.49569,1.1374
gfx90a:sramecc+:xnack-,5.2.0.dabb6df2b9,1024,8192,8192,bf16,-606630006,1.30487,1.49441,1.1453
gfx90a:sramecc+:xnack-,5.2.0.dabb6df2b9,2048,32768,512,bf16,-606605312,0.82273,3.10408,3.7729
gfx90a:sramecc+:xnack-,5.2.0.dabb6df2b9,4096,1024,512,fp32,-606628040,0.12794,0.14245,1.1135
gfx90a:sramecc+:xnack-,5.2.0.dabb6df2b9,1024,2048,32768,bf16,-606629878,1.10609,1.29975,1.1751
gfx90a:sramecc+:xnack-,5.2.0.dabb6df2b9,4096,1024,512,bf16,-606605164,0.05120,0.05675,1.1083
gfx90a:sramecc+:xnack-,5.2.0.dabb6df2b9,1024,16384,4096,bf16,-606605351,1.17358,1.39196,1.1861
gfx90a:sramecc+:xnack-,5.2.0.dabb6df2b9,4096,2048,512,fp32,-606628012,0.26378,0.26075,0.9885
gfx90a:sramecc+:xnack-,5.2.0.dabb6df2b9,4096,2048,512,bf16,-606605177,0.10531,0.14251,1.3532
gfx90a:sramecc+:xnack-,5.2.0.dabb6df2b9,2048,16384,1024,fp32,-606605116,1.89832,2.02471,1.0666
gfx90a:sramecc+:xnack-,5.2.0.dabb6df2b9,4096,4096,512,fp32,-606628027,0.48525,0.52619,1.0844
gfx90a:sramecc+:xnack-,5.2.0.dabb6df2b9,4096,4096,512,bf16,-606630008,0.18211,0.21925,1.2039
gfx90a:sramecc+:xnack-,5.2.0.dabb6df2b9,2048,16384,1024,bf16,-606605310,0.65581,0.78609,1.1986
gfx90a:sramecc+:xnack-,5.2.0.dabb6df2b9,1024,32768,2048,fp32,-606605116,3.78650,4.70111,1.2415
gfx90a:sramecc+:xnack-,5.2.0.dabb6df2b9,4096,8192,512,fp32,-606628009,0.95441,1.01729,1.0659
gfx90a:sramecc+:xnack-,5.2.0.dabb6df2b9,4096,8192,512,bf16,-606605188,0.37376,0.40000,1.0702
gfx90a:sramecc+:xnack-,5.2.0.dabb6df2b9,1024,32768,2048,bf16,-606629965,1.15105,2.23917,1.9453
gfx90a:sramecc+:xnack-,5.2.0.dabb6df2b9,2048,1024,2048,fp32,-606627968,0.25709,0.28838,1.1217
gfx90a:sramecc+:xnack-,5.2.0.dabb6df2b9,2048,1024,2048,bf16,-606629949,0.08723,0.16939,1.9418
gfx90a:sramecc+:xnack-,5.2.0.dabb6df2b9,2048,2048,2048,fp32,-606605130,0.48228,0.50374,1.0445
gfx90a:sramecc+:xnack-,5.2.0.dabb6df2b9,2048,2048,2048,bf16,-606605164,0.14467,0.16368,1.1314
gfx90a:sramecc+:xnack-,5.2.0.dabb6df2b9,2048,4096,2048,fp32,-606628009,0.94238,1.01628,1.0784
gfx90a:sramecc+:xnack-,5.2.0.dabb6df2b9,2048,4096,2048,bf16,-606629814,0.29482,0.32822,1.1133
gfx90a:sramecc+:xnack-,5.2.0.dabb6df2b9,4096,16384,512,fp32,-606605116,1.90958,2.15756,1.1299
gfx90a:sramecc+:xnack-,5.2.0.dabb6df2b9,4096,16384,512,bf16,-606629965,0.79303,0.88689,1.1184
gfx90a:sramecc+:xnack-,5.2.0.dabb6df2b9,2048,8192,2048,fp32,-606628009,1.88018,2.05309,1.0920
gfx90a:sramecc+:xnack-,5.2.0.dabb6df2b9,2048,8192,2048,bf16,-606605165,0.58557,0.64603,1.1032
gfx90a:sramecc+:xnack-,5.2.0.dabb6df2b9,2048,32768,1024,fp32,-606628009,3.88995,4.59187,1.1804
gfx90a:sramecc+:xnack-,5.2.0.dabb6df2b9,2048,32768,1024,bf16,-606605310,1.31335,3.78126,2.8791
gfx90a:sramecc+:xnack-,5.2.0.dabb6df2b9,4096,1024,1024,fp32,-606605075,0.24848,0.25968,1.0451
gfx90a:sramecc+:xnack-,5.2.0.dabb6df2b9,4096,1024,1024,bf16,-606629864,0.08301,0.09205,1.1090
gfx90a:sramecc+:xnack-,5.2.0.dabb6df2b9,4096,2048,1024,fp32,-606605134,0.48244,0.51024,1.0576
gfx90a:sramecc+:xnack-,5.2.0.dabb6df2b9,4096,2048,1024,bf16,-606629891,0.17111,0.18502,1.0813
gfx90a:sramecc+:xnack-,5.2.0.dabb6df2b9,4096,4096,1024,fp32,-606628009,0.94974,1.00619,1.0594
gfx90a:sramecc+:xnack-,5.2.0.dabb6df2b9,4096,4096,1024,bf16,-606630008,0.32007,0.34368,1.0738
gfx90a:sramecc+:xnack-,5.2.0.dabb6df2b9,2048,16384,2048,fp32,-606628040,3.82301,4.54031,1.1876
gfx90a:sramecc+:xnack-,5.2.0.dabb6df2b9,1024,8192,16384,fp32,-606605134,7.43159,18.28567,2.4605
gfx90a:sramecc+:xnack-,5.2.0.dabb6df2b9,1024,2048,65536,fp32,-606604995,8.65162,14.22090,1.6437
gfx90a:sramecc+:xnack-,5.2.0.dabb6df2b9,1024,4096,32768,fp32,-606628018,7.63641,8.14233,1.0663
gfx90a:sramecc+:xnack-,5.2.0.dabb6df2b9,4096,32768,512,fp32,-606605116,4.21018,5.49764,1.3058
gfx90a:sramecc+:xnack-,5.2.0.dabb6df2b9,2048,16384,2048,bf16,-606629965,1.15022,1.28508,1.1172
gfx90a:sramecc+:xnack-,5.2.0.dabb6df2b9,4096,8192,1024,fp32,-606628009,1.89861,2.02220,1.0651
gfx90a:sramecc+:xnack-,5.2.0.dabb6df2b9,1024,16384,8192,fp32,-606628017,7.45709,24.26367,3.2538
gfx90a:sramecc+:xnack-,5.2.0.dabb6df2b9,4096,8192,1024,bf16,-606629815,0.64474,0.67137,1.0413
gfx90a:sramecc+:xnack-,5.2.0.dabb6df2b9,1024,8192,16384,bf16,-606630005,2.54340,2.59863,1.0217
gfx90a:sramecc+:xnack-,5.2.0.dabb6df2b9,4096,32768,512,bf16,-606629965,1.60632,5.73487,3.5702
gfx90a:sramecc+:xnack-,5.2.0.dabb6df2b9,1024,4096,32768,bf16,-606605241,2.58243,3.48330,1.3488
gfx90a:sramecc+:xnack-,5.2.0.dabb6df2b9,8192,1024,512,fp32,-606627969,0.26631,0.26464,0.9938
gfx90a:sramecc+:xnack-,5.2.0.dabb6df2b9,8192,1024,512,bf16,-606605215,0.10630,0.12581,1.1835
gfx90a:sramecc+:xnack-,5.2.0.dabb6df2b9,1024,2048,65536,bf16,-606629878,2.24873,4.45813,1.9825
gfx90a:sramecc+:xnack-,5.2.0.dabb6df2b9,8192,2048,512,fp32,-606605134,0.48452,0.50918,1.0509
gfx90a:sramecc+:xnack-,5.2.0.dabb6df2b9,8192,2048,512,bf16,-606630008,0.18615,0.21760,1.1690
gfx90a:sramecc+:xnack-,5.2.0.dabb6df2b9,1024,16384,8192,bf16,-606630006,2.23611,2.60284,1.1640
gfx90a:sramecc+:xnack-,5.2.0.dabb6df2b9,8192,4096,512,fp32,-606628009,0.95562,1.00443,1.0511
gfx90a:sramecc+:xnack-,5.2.0.dabb6df2b9,8192,4096,512,bf16,-606605353,0.36557,0.39003,1.0669
gfx90a:sramecc+:xnack-,5.2.0.dabb6df2b9,1024,32768,4096,fp32,-606628033,7.48424,9.18211,1.2269
gfx90a:sramecc+:xnack-,5.2.0.dabb6df2b9,4096,16384,1024,fp32,-606605124,4.05485,4.01491,0.9902
gfx90a:sramecc+:xnack-,5.2.0.dabb6df2b9,8192,8192,512,fp32,-606605138,1.92885,2.00572,1.0399
gfx90a:sramecc+:xnack-,5.2.0.dabb6df2b9,8192,8192,512,bf16,-606605188,0.74004,0.84198,1.1378
gfx90a:sramecc+:xnack-,5.2.0.dabb6df2b9,1024,32768,4096,bf16,-606605355,2.35302,4.60394,1.9566
gfx90a:sramecc+:xnack-,5.2.0.dabb6df2b9,4096,16384,1024,bf16,-606629815,1.34008,1.54412,1.1523
gfx90a:sramecc+:xnack-,5.2.0.dabb6df2b9,2048,1024,4096,fp32,-606628040,0.47908,0.54806,1.1440
gfx90a:sramecc+:xnack-,5.2.0.dabb6df2b9,2048,1024,4096,bf16,-606605294,0.15968,0.16448,1.0301
gfx90a:sramecc+:xnack-,5.2.0.dabb6df2b9,2048,2048,4096,fp32,-606605130,0.93982,1.04945,1.1167
gfx90a:sramecc+:xnack-,5.2.0.dabb6df2b9,2048,2048,4096,bf16,-606629814,0.26759,0.50561,1.8895
gfx90a:sramecc+:xnack-,5.2.0.dabb6df2b9,2048,4096,4096,fp32,-606628022,1.85448,2.01693,1.0876
gfx90a:sramecc+:xnack-,5.2.0.dabb6df2b9,2048,4096,4096,bf16,-606605165,0.54858,0.55121,1.0048
gfx90a:sramecc+:xnack-,5.2.0.dabb6df2b9,8192,16384,512,fp32,-606605116,3.76560,4.26249,1.1320
gfx90a:sramecc+:xnack-,5.2.0.dabb6df2b9,8192,16384,512,bf16,-606605310,1.58129,1.76668,1.1172
gfx90a:sramecc+:xnack-,5.2.0.dabb6df2b9,2048,32768,2048,fp32,-606628009,7.67048,8.39315,1.0942
gfx90a:sramecc+:xnack-,5.2.0.dabb6df2b9,2048,8192,4096,fp32,-606605124,3.67582,4.42949,1.2050
gfx90a:sramecc+:xnack-,5.2.0.dabb6df2b9,2048,8192,4096,bf16,-606605165,1.18420,1.32903,1.1223
gfx90a:sramecc+:xnack-,5.2.0.dabb6df2b9,2048,32768,2048,bf16,-606605312,2.51705,5.46582,2.1715
gfx90a:sramecc+:xnack-,5.2.0.dabb6df2b9,4096,1024,2048,fp32,-606628018,0.48493,0.52811,1.0890
gfx90a:sramecc+:xnack-,5.2.0.dabb6df2b9,4096,1024,2048,bf16,-606629864,0.14490,0.23296,1.6078
gfx90a:sramecc+:xnack-,5.2.0.dabb6df2b9,4096,2048,2048,fp32,-606605138,0.95591,1.00769,1.0542
gfx90a:sramecc+:xnack-,5.2.0.dabb6df2b9,4096,2048,2048,bf16,-606629864,0.33175,0.36454,1.0988
gfx90a:sramecc+:xnack-,5.2.0.dabb6df2b9,4096,32768,1024,fp32,-606628009,7.55261,11.31658,1.4984
gfx90a:sramecc+:xnack-,5.2.0.dabb6df2b9,4096,4096,2048,fp32,-606628009,1.87199,2.43357,1.3000
gfx90a:sramecc+:xnack-,5.2.0.dabb6df2b9,4096,4096,2048,bf16,-606629815,0.58791,0.67062,1.1407
gfx90a:sramecc+:xnack-,5.2.0.dabb6df2b9,4096,32768,1024,bf16,-606605310,2.64137,7.09478,2.6860
gfx90a:sramecc+:xnack-,5.2.0.dabb6df2b9,8192,1024,1024,fp32,-606628009,0.48487,0.51067,1.0532
gfx90a:sramecc+:xnack-,5.2.0.dabb6df2b9,8192,1024,1024,bf16,-606629891,0.17287,0.19936,1.1533
gfx90a:sramecc+:xnack-,5.2.0.dabb6df2b9,8192,2048,1024,fp32,-606605129,0.95447,1.00598,1.0540
gfx90a:sramecc+:xnack-,5.2.0.dabb6df2b9,4096,8192,2048,fp32,-606605124,3.74273,4.28597,1.1451
gfx90a:sramecc+:xnack-,5.2.0.dabb6df2b9,8192,2048,1024,bf16,-606630008,0.32458,0.34955,1.0769
gfx90a:sramecc+:xnack-,5.2.0.dabb6df2b9,4096,8192,2048,bf16,-606605361,1.14961,1.22124,1.0623
gfx90a:sramecc+:xnack-,5.2.0.dabb6df2b9,8192,32768,512,fp32,-606628017,8.05978,14.82082,1.8389
gfx90a:sramecc+:xnack-,5.2.0.dabb6df2b9,8192,4096,1024,fp32,-606605122,1.89547,2.04450,1.0786
gfx90a:sramecc+:xnack-,5.2.0.dabb6df2b9,8192,4096,1024,bf16,-606630008,0.62269,0.65254,1.0479
gfx90a:sramecc+:xnack-,5.2.0.dabb6df2b9,2048,16384,4096,fp32,-606628033,7.44527,21.09458,2.8333
gfx90a:sramecc+:xnack-,5.2.0.dabb6df2b9,2048,16384,4096,bf16,-606605313,2.38905,2.52611,1.0574
gfx90a:sramecc+:xnack-,5.2.0.dabb6df2b9,1024,8192,32768,fp32,-606628022,15.77114,15.70158,0.9956
gfx90a:sramecc+:xnack-,5.2.0.dabb6df2b9,8192,32768,512,bf16,-606605310,3.23628,11.37893,3.5160
gfx90a:sramecc+:xnack-,5.2.0.dabb6df2b9,1024,4096,65536,fp32,-606604912,16.21403,23.71101,1.4624
gfx90a:sramecc+:xnack-,5.2.0.dabb6df2b9,16384,1024,512,fp32,-606605129,0.51287,0.55158,1.0755
gfx90a:sramecc+:xnack-,5.2.0.dabb6df2b9,8192,8192,1024,fp32,-606605118,3.82605,3.94611,1.0314
gfx90a:sramecc+:xnack-,5.2.0.dabb6df2b9,16384,1024,512,bf16,-606630008,0.20314,0.24070,1.1849
gfx90a:sramecc+:xnack-,5.2.0.dabb6df2b9,16384,2048,512,fp32,-606628022,0.96036,1.00289,1.0443
gfx90a:sramecc+:xnack-,5.2.0.dabb6df2b9,8192,8192,1024,bf16,-606630011,1.29540,1.31574,1.0157
gfx90a:sramecc+:xnack-,5.2.0.dabb6df2b9,16384,2048,512,bf16,-606605353,0.37069,0.44096,1.1896
gfx90a:sramecc+:xnack-,5.2.0.dabb6df2b9,1024,16384,16384,fp32,-606628011,14.80680,15.18205,1.0253
gfx90a:sramecc+:xnack-,5.2.0.dabb6df2b9,16384,4096,512,fp32,-606605139,2.05711,2.15405,1.0471
gfx90a:sramecc+:xnack-,5.2.0.dabb6df2b9,1024,8192,32768,bf16,-606629921,5.15053,7.65092,1.4855
gfx90a:sramecc+:xnack-,5.2.0.dabb6df2b9,16384,4096,512,bf16,-606605353,0.68865,0.76214,1.1067
gfx90a:sramecc+:xnack-,5.2.0.dabb6df2b9,4096,16384,2048,fp32,-606605140,7.59042,8.13412,1.0716
gfx90a:sramecc+:xnack-,5.2.0.dabb6df2b9,1024,4096,65536,bf16,-606629893,5.59953,6.92894,1.2374
gfx90a:sramecc+:xnack-,5.2.0.dabb6df2b9,4096,16384,2048,bf16,-606605310,2.45676,2.86099,1.1645
gfx90a:sramecc+:xnack-,5.2.0.dabb6df2b9,1024,16384,16384,bf16,-606630006,4.33301,5.94563,1.3722
gfx90a:sramecc+:xnack-,5.2.0.dabb6df2b9,16384,8192,512,fp32,-606628009,3.75879,4.32932,1.1518
gfx90a:sramecc+:xnack-,5.2.0.dabb6df2b9,16384,8192,512,bf16,-606605188,1.42603,1.53873,1.0790
gfx90a:sramecc+:xnack-,5.2.0.dabb6df2b9,8192,16384,1024,fp32,-606628027,7.56439,8.14007,1.0761
gfx90a:sramecc+:xnack-,5.2.0.dabb6df2b9,8192,16384,1024,bf16,-606605310,2.74703,3.10563,1.1305
gfx90a:sramecc+:xnack-,5.2.0.dabb6df2b9,1024,32768,8192,fp32,-606628017,14.83441,42.87514,2.8902
gfx90a:sramecc+:xnack-,5.2.0.dabb6df2b9,16384,16384,512,fp32,-606605116,7.58906,8.30509,1.0943
gfx90a:sramecc+:xnack-,5.2.0.dabb6df2b9,1024,32768,8192,bf16,-606629965,4.14274,9.41482,2.2726
gfx90a:sramecc+:xnack-,5.2.0.dabb6df2b9,16384,16384,512,bf16,-606629965,3.16073,5.21509,1.6500
gfx90a:sramecc+:xnack-,5.2.0.dabb6df2b9,2048,1024,8192,fp32,-606628040,0.96535,1.30209,1.3488
gfx90a:sramecc+:xnack-,5.2.0.dabb6df2b9,2048,1024,8192,bf16,-606629862,0.30746,0.36939,1.2014
gfx90a:sramecc+:xnack-,5.2.0.dabb6df2b9,2048,2048,8192,fp32,-606628023,1.89819,2.26364,1.1925
gfx90a:sramecc+:xnack-,5.2.0.dabb6df2b9,2048,2048,8192,bf16,-606605164,0.52371,0.70854,1.3529
gfx90a:sramecc+:xnack-,5.2.0.dabb6df2b9,2048,4096,8192,fp32,-606628022,3.79836,5.15507,1.3572
gfx90a:sramecc+:xnack-,5.2.0.dabb6df2b9,2048,4096,8192,bf16,-606629891,1.06407,1.60150,1.5051
gfx90a:sramecc+:xnack-,5.2.0.dabb6df2b9,2048,32768,4096,fp32,-606605124,14.74247,18.64586,1.2648
gfx90a:sramecc+:xnack-,5.2.0.dabb6df2b9,4096,32768,2048,fp32,-606628011,15.85083,29.57638,1.8659
gfx90a:sramecc+:xnack-,5.2.0.dabb6df2b9,2048,32768,4096,bf16,-606629968,4.32056,9.36373,2.1672
gfx90a:sramecc+:xnack-,5.2.0.dabb6df2b9,4096,32768,2048,bf16,-606629966,4.91638,11.32877,2.3043
gfx90a:sramecc+:xnack-,5.2.0.dabb6df2b9,8192,32768,1024,fp32,-606605116,15.06103,23.62336,1.5685
gfx90a:sramecc+:xnack-,5.2.0.dabb6df2b9,4096,1024,4096,fp32,-606628018,0.99217,0.98982,0.9976
gfx90a:sramecc+:xnack-,5.2.0.dabb6df2b9,4096,1024,4096,bf16,-606629864,0.26682,0.29888,1.1202
gfx90a:sramecc+:xnack-,5.2.0.dabb6df2b9,8192,1024,2048,fp32,-606605139,1.01617,1.09671,1.0793
gfx90a:sramecc+:xnack-,5.2.0.dabb6df2b9,8192,1024,2048,bf16,-606629864,0.31632,0.35579,1.1248
gfx90a:sramecc+:xnack-,5.2.0.dabb6df2b9,2048,8192,8192,fp32,-606605124,7.41530,11.48182,1.5484
gfx90a:sramecc+:xnack-,5.2.0.dabb6df2b9,4096,2048,4096,fp32,-606605119,1.87951,2.07357,1.1033
gfx90a:sramecc+:xnack-,5.2.0.dabb6df2b9,4096,2048,4096,bf16,-606605239,0.57005,0.72315,1.2686
gfx90a:sramecc+:xnack-,5.2.0.dabb6df2b9,8192,2048,2048,fp32,-606628011,1.89705,2.15784,1.1375
gfx90a:sramecc+:xnack-,5.2.0.dabb6df2b9,8192,2048,2048,bf16,-606629814,0.59639,0.71121,1.1925
gfx90a:sramecc+:xnack-,5.2.0.dabb6df2b9,2048,8192,8192,bf16,-606605165,2.13774,2.43623,1.1396
gfx90a:sramecc+:xnack-,5.2.0.dabb6df2b9,8192,32768,1024,bf16,-606629965,5.31778,14.24525,2.6788
gfx90a:sramecc+:xnack-,5.2.0.dabb6df2b9,4096,4096,4096,fp32,-606628017,3.93915,4.46666,1.1339
gfx90a:sramecc+:xnack-,5.2.0.dabb6df2b9,8192,4096,2048,fp32,-606628022,3.76411,4.39184,1.1668
gfx90a:sramecc+:xnack-,5.2.0.dabb6df2b9,16384,1024,1024,fp32,-606628027,0.96222,0.99921,1.0384
gfx90a:sramecc+:xnack-,5.2.0.dabb6df2b9,16384,1024,1024,bf16,-606629864,0.33456,0.35312,1.0555
gfx90a:sramecc+:xnack-,5.2.0.dabb6df2b9,4096,4096,4096,bf16,-606605164,1.11640,1.26663,1.1346
gfx90a:sramecc+:xnack-,5.2.0.dabb6df2b9,8192,4096,2048,bf16,-606605354,1.12164,1.27665,1.1382
gfx90a:sramecc+:xnack-,5.2.0.dabb6df2b9,16384,2048,1024,fp32,-606605118,2.07733,2.00860,0.9669
gfx90a:sramecc+:xnack-,5.2.0.dabb6df2b9,16384,32768,512,fp32,-606605124,16.05144,20.41501,1.2718
gfx90a:sramecc+:xnack-,5.2.0.dabb6df2b9,16384,2048,1024,bf16,-606630008,0.62970,0.71099,1.1291
gfx90a:sramecc+:xnack-,5.2.0.dabb6df2b9,16384,4096,1024,fp32,-606628009,3.76631,3.99966,1.0620
gfx90a:sramecc+:xnack-,5.2.0.dabb6df2b9,16384,4096,1024,bf16,-606605353,1.20820,1.28150,1.0607
gfx90a:sramecc+:xnack-,5.2.0.dabb6df2b9,8192,8192,2048,fp32,-606628012,7.49071,8.76911,1.1707
gfx90a:sramecc+:xnack-,5.2.0.dabb6df2b9,4096,8192,4096,fp32,-606605129,7.43640,9.32938,1.2546
gfx90a:sramecc+:xnack-,5.2.0.dabb6df2b9,16384,32768,512,bf16,-606605313,6.77152,22.60810,3.3387
gfx90a:sramecc+:xnack-,5.2.0.dabb6df2b9,8192,8192,2048,bf16,-606605361,2.28611,2.59603,1.1356
gfx90a:sramecc+:xnack-,5.2.0.dabb6df2b9,4096,8192,4096,bf16,-606630013,2.34835,2.48467,1.0581
gfx90a:sramecc+:xnack-,5.2.0.dabb6df2b9,32768,1024,512,fp32,-606605134,0.96250,1.01441,1.0539
gfx90a:sramecc+:xnack-,5.2.0.dabb6df2b9,32768,1024,512,bf16,-606630008,0.41076,0.43238,1.0526
gfx90a:sramecc+:xnack-,5.2.0.dabb6df2b9,32768,2048,512,fp32,-606605138,2.07458,2.25149,1.0853
gfx90a:sramecc+:xnack-,5.2.0.dabb6df2b9,32768,2048,512,bf16,-606630008,0.69447,0.88657,1.2766
gfx90a:sramecc+:xnack-,5.2.0.dabb6df2b9,16384,8192,1024,fp32,-606605129,7.56608,8.02098,1.0601
gfx90a:sramecc+:xnack-,5.2.0.dabb6df2b9,16384,8192,1024,bf16,-606630013,2.62726,2.65250,1.0096
gfx90a:sramecc+:xnack-,5.2.0.dabb6df2b9,32768,4096,512,fp32,-606605134,3.75978,4.11273,1.0939
gfx90a:sramecc+:xnack-,5.2.0.dabb6df2b9,32768,4096,512,bf16,-606605353,1.34059,1.57468,1.1746
gfx90a:sramecc+:xnack-,5.2.0.dabb6df2b9,2048,16384,8192,fp32,-606628017,14.81998,51.11744,3.4492
gfx90a:sramecc+:xnack-,5.2.0.dabb6df2b9,1024,8192,65536,fp32,-606628022,30.25466,39.12252,1.2931
gfx90a:sramecc+:xnack-,5.2.0.dabb6df2b9,2048,16384,8192,bf16,-606630015,4.11471,4.75629,1.1559
gfx90a:sramecc+:xnack-,5.2.0.dabb6df2b9,32768,8192,512,fp32,-606628009,7.51120,8.10599,1.0792
gfx90a:sramecc+:xnack-,5.2.0.dabb6df2b9,32768,8192,512,bf16,-606629838,2.83855,3.20936,1.1306
gfx90a:sramecc+:xnack-,5.2.0.dabb6df2b9,8192,16384,2048,fp32,-606628009,14.76624,18.27338,1.2375
gfx90a:sramecc+:xnack-,5.2.0.dabb6df2b9,4096,16384,4096,fp32,-606605124,14.73322,24.39515,1.6558
gfx90a:sramecc+:xnack-,5.2.0.dabb6df2b9,8192,16384,2048,bf16,-606605165,4.90393,5.17174,1.0546
gfx90a:sramecc+:xnack-,5.2.0.dabb6df2b9,1024,16384,32768,fp32,-606628022,29.81628,32.01865,1.0739
gfx90a:sramecc+:xnack-,5.2.0.dabb6df2b9,1024,8192,65536,bf16,-606605353,10.61502,12.14047,1.1437
gfx90a:sramecc+:xnack-,5.2.0.dabb6df2b9,16384,16384,1024,fp32,-606628017,14.90705,18.10112,1.2143
gfx90a:sramecc+:xnack-,5.2.0.dabb6df2b9,4096,16384,4096,bf16,-606629965,4.20491,5.23099,1.2440
gfx90a:sramecc+:xnack-,5.2.0.dabb6df2b9,16384,16384,1024,bf16,-606605310,5.13768,6.81745,1.3270
gfx90a:sramecc+:xnack-,5.2.0.dabb6df2b9,1024,16384,32768,bf16,-606630008,8.98341,14.83069,1.6509
gfx90a:sramecc+:xnack-,5.2.0.dabb6df2b9,32768,16384,512,fp32,-606605116,14.97002,19.28758,1.2884
gfx90a:sramecc+:xnack-,5.2.0.dabb6df2b9,32768,16384,512,bf16,-606605312,6.32655,10.13641,1.6022
gfx90a:sramecc+:xnack-,5.2.0.dabb6df2b9,1024,32768,16384,fp32,-606628017,29.48283,129.57678,4.3950
gfx90a:sramecc+:xnack-,5.2.0.dabb6df2b9,1024,32768,16384,bf16,-606605310,8.08826,17.40051,2.1513
gfx90a:sramecc+:xnack-,5.2.0.dabb6df2b9,2048,1024,16384,fp32,-606605148,1.91767,2.79265,1.4563
gfx90a:sramecc+:xnack-,5.2.0.dabb6df2b9,2048,1024,16384,bf16,-606629866,0.55667,0.82320,1.4788
gfx90a:sramecc+:xnack-,5.2.0.dabb6df2b9,2048,2048,16384,fp32,-606605121,3.76386,5.50211,1.4618
gfx90a:sramecc+:xnack-,5.2.0.dabb6df2b9,8192,32768,2048,fp32,-606628017,29.63572,63.65399,2.1479
gfx90a:sramecc+:xnack-,5.2.0.dabb6df2b9,2048,2048,16384,bf16,-606605239,1.03226,1.54689,1.4985
gfx90a:sramecc+:xnack-,5.2.0.dabb6df2b9,16384,32768,1024,fp32,-606628009,29.93825,40.15070,1.3411
gfx90a:sramecc+:xnack-,5.2.0.dabb6df2b9,2048,4096,16384,fp32,-606605116,7.41642,17.17784,2.3162
gfx90a:sramecc+:xnack-,5.2.0.dabb6df2b9,8192,32768,2048,bf16,-606629965,9.15226,24.02256,2.6248
gfx90a:sramecc+:xnack-,5.2.0.dabb6df2b9,16384,1024,2048,fp32,-606628012,1.87490,1.95618,1.0434
gfx90a:sramecc+:xnack-,5.2.0.dabb6df2b9,2048,4096,16384,bf16,-606605239,2.07175,2.74695,1.3259
gfx90a:sramecc+:xnack-,5.2.0.dabb6df2b9,16384,1024,2048,bf16,-606605214,0.59185,0.61505,1.0392
gfx90a:sramecc+:xnack-,5.2.0.dabb6df2b9,16384,2048,2048,fp32,-606605117,4.04155,4.27781,1.0585
gfx90a:sramecc+:xnack-,5.2.0.dabb6df2b9,16384,32768,1024,bf16,-606605310,10.42259,29.38004,2.8189
gfx90a:sramecc+:xnack-,5.2.0.dabb6df2b9,16384,2048,2048,bf16,-606630013,1.23921,1.40039,1.1301
gfx90a:sramecc+:xnack-,5.2.0.dabb6df2b9,4096,32768,4096,fp32,-606628012,30.93887,69.43224,2.2442
gfx90a:sramecc+:xnack-,5.2.0.dabb6df2b9,32768,1024,1024,fp32,-606628032,1.90152,1.96834,1.0351
gfx90a:sramecc+:xnack-,5.2.0.dabb6df2b9,32768,1024,1024,bf16,-606605164,0.67140,0.67899,1.0113
gfx90a:sramecc+:xnack-,5.2.0.dabb6df2b9,32768,32768,512,fp32,-606628009,31.63909,41.59232,1.3146
gfx90a:sramecc+:xnack-,5.2.0.dabb6df2b9,32768,2048,1024,fp32,-606605116,3.76912,4.49385,1.1923
gfx90a:sramecc+:xnack-,5.2.0.dabb6df2b9,32768,2048,1024,bf16,-606605353,1.23140,1.29366,1.0506
gfx90a:sramecc+:xnack-,5.2.0.dabb6df2b9,16384,4096,2048,fp32,-606628017,7.43090,9.86598,1.3277
gfx90a:sramecc+:xnack-,5.2.0.dabb6df2b9,16384,4096,2048,bf16,-606630010,2.34003,2.45720,1.0501
gfx90a:sramecc+:xnack-,5.2.0.dabb6df2b9,2048,32768,8192,fp32,-606628017,29.70235,85.61526,2.8824
gfx90a:sramecc+:xnack-,5.2.0.dabb6df2b9,4096,32768,4096,bf16,-606629968,9.28145,19.77440,2.1305
gfx90a:sramecc+:xnack-,5.2.0.dabb6df2b9,8192,1024,4096,fp32,-606605134,1.88895,2.39784,1.2694
gfx90a:sramecc+:xnack-,5.2.0.dabb6df2b9,8192,1024,4096,bf16,-606629864,0.58621,0.63510,1.0834
gfx90a:sramecc+:xnack-,5.2.0.dabb6df2b9,32768,4096,1024,fp32,-606605116,7.44397,7.86615,1.0567
gfx90a:sramecc+:xnack-,5.2.0.dabb6df2b9,32768,4096,1024,bf16,-606605353,2.35295,2.52941,1.0750
gfx90a:sramecc+:xnack-,5.2.0.dabb6df2b9,8192,2048,4096,fp32,-606605134,3.72266,4.26079,1.1446
gfx90a:sramecc+:xnack-,5.2.0.dabb6df2b9,8192,2048,4096,bf16,-606605164,1.08401,1.17100,1.0802
gfx90a:sramecc+:xnack-,5.2.0.dabb6df2b9,2048,8192,16384,fp32,-606628010,14.79184,34.29013,2.3182
gfx90a:sramecc+:xnack-,5.2.0.dabb6df2b9,2048,32768,8192,bf16,-606630014,8.88580,18.78921,2.1145
gfx90a:sramecc+:xnack-,5.2.0.dabb6df2b9,32768,32768,512,bf16,-606605311,12.75528,36.19445,2.8376
gfx90a:sramecc+:xnack-,5.2.0.dabb6df2b9,4096,1024,8192,fp32,-606628028,1.96427,2.31158,1.1768
gfx90a:sramecc+:xnack-,5.2.0.dabb6df2b9,4096,1024,8192,bf16,-606629864,0.52170,0.81376,1.5598
gfx90a:sramecc+:xnack-,5.2.0.dabb6df2b9,2048,8192,16384,bf16,-606605239,4.25496,4.51885,1.0620
gfx90a:sramecc+:xnack-,5.2.0.dabb6df2b9,16384,8192,2048,fp32,-606628021,15.09917,18.40986,1.2193
gfx90a:sramecc+:xnack-,5.2.0.dabb6df2b9,8192,4096,4096,fp32,-606628031,7.38034,8.35433,1.1320
gfx90a:sramecc+:xnack-,5.2.0.dabb6df2b9,4096,2048,8192,fp32,-606628009,3.73624,4.13831,1.1076
gfx90a:sramecc+:xnack-,5.2.0.dabb6df2b9,4096,2048,8192,bf16,-606629814,1.04797,1.25702,1.1995
gfx90a:sramecc+:xnack-,5.2.0.dabb6df2b9,8192,4096,4096,bf16,-606630016,2.05157,2.40360,1.1716
gfx90a:sramecc+:xnack-,5.2.0.dabb6df2b9,16384,8192,2048,bf16,-606605360,4.67480,5.20630,1.1137
gfx90a:sramecc+:xnack-,5.2.0.dabb6df2b9,32768,8192,1024,fp32,-606628009,14.90227,16.48249,1.1060
gfx90a:sramecc+:xnack-,5.2.0.dabb6df2b9,32768,8192,1024,bf16,-606630009,4.92679,5.76090,1.1693
gfx90a:sramecc+:xnack-,5.2.0.dabb6df2b9,4096,4096,8192,fp32,-606605139,7.46195,10.08655,1.3517
gfx90a:sramecc+:xnack-,5.2.0.dabb6df2b9,4096,4096,8192,bf16,-606605164,2.14622,3.06375,1.4275
gfx90a:sramecc+:xnack-,5.2.0.dabb6df2b9,8192,8192,4096,fp32,-606627982,15.55694,18.57380,1.1939
gfx90a:sramecc+:xnack-,5.2.0.dabb6df2b9,8192,8192,4096,bf16,-606605361,4.18120,5.30310,1.2683
gfx90a:sramecc+:xnack-,5.2.0.dabb6df2b9,4096,8192,8192,fp32,-606605124,14.79562,15.24108,1.0301
gfx90a:sramecc+:xnack-,5.2.0.dabb6df2b9,4096,8192,8192,bf16,-606630013,4.05333,4.34813,1.0727
gfx90a:sramecc+:xnack-,5.2.0.dabb6df2b9,16384,16384,2048,fp32,-606627981,30.30231,35.55090,1.1732
gfx90a:sramecc+:xnack-,5.2.0.dabb6df2b9,32768,16384,1024,fp32,-606605124,33.05391,38.94684,1.1783
gfx90a:sramecc+:xnack-,5.2.0.dabb6df2b9,16384,16384,2048,bf16,-606629965,9.31386,10.16203,1.0911
gfx90a:sramecc+:xnack-,5.2.0.dabb6df2b9,32768,16384,1024,bf16,-606629965,10.26585,13.73062,1.3375
gfx90a:sramecc+:xnack-,5.2.0.dabb6df2b9,2048,16384,16384,fp32,-606605117,29.63290,29.70360,1.0024
gfx90a:sramecc+:xnack-,5.2.0.dabb6df2b9,8192,16384,4096,fp32,-606605124,29.19616,31.39639,1.0754
gfx90a:sramecc+:xnack-,5.2.0.dabb6df2b9,2048,16384,16384,bf16,-606630012,8.14234,9.39284,1.1536
gfx90a:sramecc+:xnack-,5.2.0.dabb6df2b9,8192,16384,4096,bf16,-606630012,8.70717,9.42341,1.0823
gfx90a:sramecc+:xnack-,5.2.0.dabb6df2b9,1024,16384,65536,fp32,-606605118,61.07049,86.24136,1.4122
gfx90a:sramecc+:xnack-,5.2.0.dabb6df2b9,4096,16384,8192,fp32,-606605124,29.58509,59.60054,2.0145
gfx90a:sramecc+:xnack-,5.2.0.dabb6df2b9,2048,32768,16384,bf16,-606605312,16.18958,42.13321,2.6025
gfx90a:sramecc+:xnack-,5.2.0.dabb6df2b9,4096,16384,8192,bf16,-606630015,8.27847,9.69818,1.1715
gfx90a:sramecc+:xnack-,5.2.0.dabb6df2b9,1024,16384,65536,bf16,-606630008,17.89170,21.54410,1.2041
gfx90a:sramecc+:xnack-,5.2.0.dabb6df2b9,4096,1024,16384,fp32,-606628028,3.77128,6.76270,1.7932
gfx90a:sramecc+:xnack-,5.2.0.dabb6df2b9,4096,1024,16384,bf16,-606629891,1.05143,1.54513,1.4695
gfx90a:sramecc+:xnack-,5.2.0.dabb6df2b9,4096,2048,16384,fp32,-606605116,7.41056,12.72710,1.7174
gfx90a:sramecc+:xnack-,5.2.0.dabb6df2b9,4096,2048,16384,bf16,-606629864,2.16078,2.70449,1.2516
gfx90a:sramecc+:xnack-,5.2.0.dabb6df2b9,8192,28672,8192,fp32,-606605117,102.69994,181.59892,1.7682
gfx90a:sramecc+:xnack-,5.2.0.dabb6df2b9,4096,4096,16384,fp32,-606605124,14.71210,28.15698,1.9139
gfx90a:sramecc+:xnack-,5.2.0.dabb6df2b9,4096,4096,16384,bf16,-606605164,4.15320,5.46962,1.3170
gfx90a:sramecc+:xnack-,5.2.0.dabb6df2b9,8192,28672,8192,bf16,-606605361,28.02363,48.52105,1.7314
gfx90a:sramecc+:xnack-,5.2.0.dabb6df2b9,16384,32768,2048,fp32,-606605124,59.23938,72.91589,1.2309
gfx90a:sramecc+:xnack-,5.2.0.dabb6df2b9,32768,32768,1024,fp32,-606605116,59.73525,73.33460,1.2277
gfx90a:sramecc+:xnack-,5.2.0.dabb6df2b9,1024,32768,32768,fp32,-606605118,59.67904,62.62484,1.0494
gfx90a:sramecc+:xnack-,5.2.0.dabb6df2b9,16384,32768,2048,bf16,-606629965,18.09885,49.20218,2.7185
gfx90a:sramecc+:xnack-,5.2.0.dabb6df2b9,32768,1024,2048,fp32,-606628009,3.73524,4.30591,1.1528
gfx90a:sramecc+:xnack-,5.2.0.dabb6df2b9,32768,1024,2048,bf16,-606605355,1.14145,1.19212,1.0444
gfx90a:sramecc+:xnack-,5.2.0.dabb6df2b9,4096,8192,16384,fp32,-606628017,29.41584,30.48696,1.0364
gfx90a:sramecc+:xnack-,5.2.0.dabb6df2b9,32768,32768,1024,bf16,-606629967,20.58900,34.56285,1.6787
gfx90a:sramecc+:xnack-,5.2.0.dabb6df2b9,1024,32768,32768,bf16,-606630012,16.69117,19.61484,1.1752
gfx90a:sramecc+:xnack-,5.2.0.dabb6df2b9,32768,2048,2048,fp32,-606628012,7.45128,9.20020,1.2347
gfx90a:sramecc+:xnack-,5.2.0.dabb6df2b9,4096,8192,16384,bf16,-606605355,7.89792,8.60425,1.0894
gfx90a:sramecc+:xnack-,5.2.0.dabb6df2b9,2048,1024,32768,fp32,-606627876,3.89096,5.70039,1.4650
gfx90a:sramecc+:xnack-,5.2.0.dabb6df2b9,32768,2048,2048,bf16,-606630011,2.19660,2.44296,1.1122
gfx90a:sramecc+:xnack-,5.2.0.dabb6df2b9,2048,1024,32768,bf16,-606629878,1.11486,1.16140,1.0417
gfx90a:sramecc+:xnack-,5.2.0.dabb6df2b9,2048,2048,32768,fp32,-606605125,7.70915,9.60865,1.2464
gfx90a:sramecc+:xnack-,5.2.0.dabb6df2b9,32768,4096,2048,fp32,-606605116,14.73030,16.18284,1.0986
gfx90a:sramecc+:xnack-,5.2.0.dabb6df2b9,2048,2048,32768,bf16,-606629891,2.10399,2.33016,1.1075
gfx90a:sramecc+:xnack-,5.2.0.dabb6df2b9,32768,4096,2048,bf16,-606605360,4.78776,4.62501,0.9660
gfx90a:sramecc+:xnack-,5.2.0.dabb6df2b9,8192,32768,4096,fp32,-606628031,61.33764,145.62434,2.3741
gfx90a:sramecc+:xnack-,5.2.0.dabb6df2b9,2048,4096,32768,fp32,-606605139,14.92155,17.15785,1.1499
gfx90a:sramecc+:xnack-,5.2.0.dabb6df2b9,8192,32768,4096,bf16,-606629966,18.51501,40.51824,2.1884
gfx90a:sramecc+:xnack-,5.2.0.dabb6df2b9,2048,4096,32768,bf16,-606605164,4.18648,7.06376,1.6873
gfx90a:sramecc+:xnack-,5.2.0.dabb6df2b9,16384,1024,4096,fp32,-606628027,3.67687,4.86288,1.3226
gfx90a:sramecc+:xnack-,5.2.0.dabb6df2b9,16384,1024,4096,bf16,-606605214,1.13544,1.17308,1.0332
gfx90a:sramecc+:xnack-,5.2.0.dabb6df2b9,32768,8192,2048,fp32,-606605118,30.27824,36.69244,1.2118
gfx90a:sramecc+:xnack-,5.2.0.dabb6df2b9,16384,2048,4096,fp32,-606628022,7.37883,8.85401,1.1999
gfx90a:sramecc+:xnack-,5.2.0.dabb6df2b9,16384,2048,4096,bf16,-606630010,2.13708,2.33410,1.0922
gfx90a:sramecc+:xnack-,5.2.0.dabb6df2b9,32768,8192,2048,bf16,-606605358,9.23360,10.72790,1.1618
gfx90a:sramecc+:xnack-,5.2.0.dabb6df2b9,16384,4096,4096,fp32,-606605122,14.72803,23.75257,1.6127
gfx90a:sramecc+:xnack-,5.2.0.dabb6df2b9,16384,8192,8192,fp32,-606605138,59.16759,59.49153,1.0055
gfx90a:sramecc+:xnack-,5.2.0.dabb6df2b9,16384,4096,4096,bf16,-606605355,4.36977,5.07248,1.1608
gfx90a:sramecc+:xnack-,5.2.0.dabb6df2b9,4096,32768,8192,fp32,-606605116,59.18392,157.85986,2.6673
gfx90a:sramecc+:xnack-,5.2.0.dabb6df2b9,16384,8192,8192,bf16,-606605360,16.17955,19.03972,1.1768
gfx90a:sramecc+:xnack-,5.2.0.dabb6df2b9,4096,32768,8192,bf16,-606629965,16.53850,39.72470,2.4020
gfx90a:sramecc+:xnack-,5.2.0.dabb6df2b9,2048,8192,32768,fp32,-606605124,29.70876,32.06054,1.0792
gfx90a:sramecc+:xnack-,5.2.0.dabb6df2b9,8192,1024,8192,fp32,-606605134,3.73960,5.08887,1.3608
gfx90a:sramecc+:xnack-,5.2.0.dabb6df2b9,8192,1024,8192,bf16,-606629814,1.05533,1.32427,1.2548
gfx90a:sramecc+:xnack-,5.2.0.dabb6df2b9,2048,8192,32768,bf16,-606629891,8.53322,14.69105,1.7216
gfx90a:sramecc+:xnack-,5.2.0.dabb6df2b9,16384,8192,4096,fp32,-606628017,29.18325,45.86122,1.5715
gfx90a:sramecc+:xnack-,5.2.0.dabb6df2b9,8192,2048,8192,fp32,-606628017,7.42169,9.15326,1.2333
gfx90a:sramecc+:xnack-,5.2.0.dabb6df2b9,8192,2048,8192,bf16,-606605164,2.08810,2.72092,1.3031
gfx90a:sramecc+:xnack-,5.2.0.dabb6df2b9,16384,8192,4096,bf16,-606630011,8.24940,9.52207,1.1543
gfx90a:sramecc+:xnack-,5.2.0.dabb6df2b9,4096,16384,16384,fp32,-606628017,59.51727,59.25386,0.9956
gfx90a:sramecc+:xnack-,5.2.0.dabb6df2b9,32768,16384,2048,fp32,-606628027,61.44921,76.16250,1.2394
gfx90a:sramecc+:xnack-,5.2.0.dabb6df2b9,8192,4096,8192,fp32,-606605124,14.76803,14.90049,1.0090
gfx90a:sramecc+:xnack-,5.2.0.dabb6df2b9,8192,4096,8192,bf16,-606605312,4.11848,5.19106,1.2604
gfx90a:sramecc+:xnack-,5.2.0.dabb6df2b9,4096,16384,16384,bf16,-606630013,16.76912,19.39672,1.1567
gfx90a:sramecc+:xnack-,5.2.0.dabb6df2b9,32768,16384,2048,bf16,-606629950,19.03930,20.08394,1.0549
gfx90a:sramecc+:xnack-,5.2.0.dabb6df2b9,8192,8192,8192,fp32,-606605118,29.59939,29.63916,1.0013
gfx90a:sramecc+:xnack-,5.2.0.dabb6df2b9,8192,8192,8192,bf16,-606605355,8.09693,9.75193,1.2044
gfx90a:sramecc+:xnack-,5.2.0.dabb6df2b9,4096,32768,16384,bf16,-606629965,32.37553,86.86810,2.6831
gfx90a:sramecc+:xnack-,5.2.0.dabb6df2b9,8192,1024,16384,fp32,-606628027,7.41229,14.99601,2.0231
gfx90a:sramecc+:xnack-,5.2.0.dabb6df2b9,8192,1024,16384,bf16,-606629864,2.09294,2.88999,1.3808
gfx90a:sramecc+:xnack-,5.2.0.dabb6df2b9,16384,16384,4096,fp32,-606605138,58.59542,63.10273,1.0769
gfx90a:sramecc+:xnack-,5.2.0.dabb6df2b9,16384,16384,4096,bf16,-606605313,17.11960,20.29706,1.1856
gfx90a:sramecc+:xnack-,5.2.0.dabb6df2b9,8192,2048,16384,fp32,-606628017,14.70349,26.15995,1.7792
gfx90a:sramecc+:xnack-,5.2.0.dabb6df2b9,8192,2048,16384,bf16,-606605164,4.11813,5.57656,1.3541
gfx90a:sramecc+:xnack-,5.2.0.dabb6df2b9,2048,16384,32768,fp32,-606628017,59.53585,64.08303,1.0764
gfx90a:sramecc+:xnack-,5.2.0.dabb6df2b9,8192,4096,16384,fp32,-606605124,29.37443,61.47764,2.0929
gfx90a:sramecc+:xnack-,5.2.0.dabb6df2b9,8192,4096,16384,bf16,-606630012,7.84218,10.84591,1.3830
gfx90a:sramecc+:xnack-,5.2.0.dabb6df2b9,2048,16384,32768,bf16,-606605354,15.78082,29.45538,1.8665
gfx90a:sramecc+:xnack-,5.2.0.dabb6df2b9,8192,16384,8192,fp32,-606605119,59.11354,59.93673,1.0139
gfx90a:sramecc+:xnack-,5.2.0.dabb6df2b9,8192,16384,8192,bf16,-606629968,16.50299,19.09763,1.1572
gfx90a:sramecc+:xnack-,5.2.0.dabb6df2b9,8192,32768,8192,bf16,-606605355,36.60886,71.62945,1.9566
gfx90a:sramecc+:xnack-,5.2.0.dabb6df2b9,16384,1024,8192,fp32,-606628017,7.41866,8.19919,1.1052
gfx90a:sramecc+:xnack-,5.2.0.dabb6df2b9,16384,1024,8192,bf16,-606605214,2.09569,2.13558,1.0190
gfx90a:sramecc+:xnack-,5.2.0.dabb6df2b9,32768,32768,2048,fp32,-606628033,121.04049,180.80824,1.4938
gfx90a:sramecc+:xnack-,5.2.0.dabb6df2b9,8192,8192,16384,fp32,-606628011,58.75043,158.89528,2.7046
gfx90a:sramecc+:xnack-,5.2.0.dabb6df2b9,16384,2048,8192,fp32,-606605124,14.78274,15.72446,1.0637
gfx90a:sramecc+:xnack-,5.2.0.dabb6df2b9,16384,2048,8192,bf16,-606605355,4.19471,4.78973,1.1419
gfx90a:sramecc+:xnack-,5.2.0.dabb6df2b9,8192,8192,16384,bf16,-606630016,15.82742,24.04135,1.5190
gfx90a:sramecc+:xnack-,5.2.0.dabb6df2b9,32768,32768,2048,bf16,-606605310,36.16618,46.32692,1.2809
gfx90a:sramecc+:xnack-,5.2.0.dabb6df2b9,16384,4096,8192,fp32,-606605118,29.57319,33.52536,1.1336
gfx90a:sramecc+:xnack-,5.2.0.dabb6df2b9,16384,4096,8192,bf16,-606605360,8.02437,9.01179,1.1231
gfx90a:sramecc+:xnack-,5.2.0.dabb6df2b9,1024,32768,65536,fp32,-606628017,119.72467,163.17506,1.3629
gfx90a:sramecc+:xnack-,5.2.0.dabb6df2b9,16384,32768,4096,fp32,-606605124,125.45004,202.19246,1.6117
gfx90a:sramecc+:xnack-,5.2.0.dabb6df2b9,16384,8192,8192,fp32,-606605119,58.93044,59.25602,1.0055
gfx90a:sramecc+:xnack-,5.2.0.dabb6df2b9,16384,8192,8192,bf16,-606605358,16.10468,19.35265,1.2017
gfx90a:sramecc+:xnack-,5.2.0.dabb6df2b9,1024,32768,65536,bf16,-606605359,37.27013,42.74498,1.1469
gfx90a:sramecc+:xnack-,5.2.0.dabb6df2b9,2048,1024,65536,fp32,-606627802,8.61932,8.74737,1.0149
gfx90a:sramecc+:xnack-,5.2.0.dabb6df2b9,2048,1024,65536,bf16,-606629866,2.93777,2.85817,0.9729
gfx90a:sramecc+:xnack-,5.2.0.dabb6df2b9,16384,32768,4096,bf16,-606629965,38.61333,83.39133,2.1597
gfx90a:sramecc+:xnack-,5.2.0.dabb6df2b9,12288,12288,12288,fp32,-606605118,104.10083,100.72115,0.9675
gfx90a:sramecc+:xnack-,5.2.0.dabb6df2b9,32768,1024,4096,fp32,-606628027,7.36550,13.05546,1.7725
gfx90a:sramecc+:xnack-,5.2.0.dabb6df2b9,32768,1024,4096,bf16,-606605358,2.08697,2.51582,1.2055
gfx90a:sramecc+:xnack-,5.2.0.dabb6df2b9,2048,2048,65536,fp32,-606605136,15.23550,16.74865,1.0993
gfx90a:sramecc+:xnack-,5.2.0.dabb6df2b9,32768,2048,4096,fp32,-606605124,14.63592,25.31998,1.7300
gfx90a:sramecc+:xnack-,5.2.0.dabb6df2b9,32768,2048,4096,bf16,-606630016,4.34620,4.98817,1.1477
gfx90a:sramecc+:xnack-,5.2.0.dabb6df2b9,2048,2048,65536,bf16,-606605164,4.96362,6.05949,1.2208
gfx90a:sramecc+:xnack-,5.2.0.dabb6df2b9,12288,12288,12288,bf16,-606630009,28.31561,33.89198,1.1969
gfx90a:sramecc+:xnack-,5.2.0.dabb6df2b9,32768,4096,4096,fp32,-606605116,29.07306,39.67131,1.3645
gfx90a:sramecc+:xnack-,5.2.0.dabb6df2b9,32768,4096,4096,bf16,-606605360,8.09767,8.83536,1.0911
gfx90a:sramecc+:xnack-,5.2.0.dabb6df2b9,2048,4096,65536,fp32,-606605136,30.54208,32.88908,1.0768
gfx90a:sramecc+:xnack-,5.2.0.dabb6df2b9,2048,4096,65536,bf16,-606629864,10.41857,11.90453,1.1426
gfx90a:sramecc+:xnack-,5.2.0.dabb6df2b9,8192,16384,16384,fp32,-606605139,117.24723,117.56086,1.0027
gfx90a:sramecc+:xnack-,5.2.0.dabb6df2b9,32768,8192,4096,fp32,-606628017,57.80959,90.31790,1.5623
gfx90a:sramecc+:xnack-,5.2.0.dabb6df2b9,8192,16384,16384,bf16,-606630013,31.82095,40.09605,1.2601
gfx90a:sramecc+:xnack-,5.2.0.dabb6df2b9,32768,8192,4096,bf16,-606630017,16.25773,17.69851,1.0886
gfx90a:sramecc+:xnack-,5.2.0.dabb6df2b9,16384,16384,8192,fp32,-606628017,116.97182,131.08008,1.1206
gfx90a:sramecc+:xnack-,5.2.0.dabb6df2b9,16384,16384,8192,bf16,-606629965,32.96150,36.32744,1.1021
gfx90a:sramecc+:xnack-,5.2.0.dabb6df2b9,2048,8192,65536,fp32,-606605124,60.22521,96.88611,1.6087
gfx90a:sramecc+:xnack-,5.2.0.dabb6df2b9,8192,32768,16384,bf16,-606629965,65.51416,80.53030,1.2292
gfx90a:sramecc+:xnack-,5.2.0.dabb6df2b9,2048,32768,32768,fp32,-606628018,121.25655,118.94830,0.9810
gfx90a:sramecc+:xnack-,5.2.0.dabb6df2b9,2048,8192,65536,bf16,-606630009,18.30671,23.29765,1.2726
gfx90a:sramecc+:xnack-,5.2.0.dabb6df2b9,16384,1024,16384,fp32,-606605124,14.71207,31.90187,2.1684
gfx90a:sramecc+:xnack-,5.2.0.dabb6df2b9,16384,1024,16384,bf16,-606605214,4.23852,5.57764,1.3159
gfx90a:sramecc+:xnack-,5.2.0.dabb6df2b9,2048,32768,32768,bf16,-606630009,32.22982,38.24004,1.1865
gfx90a:sramecc+:xnack-,5.2.0.dabb6df2b9,16384,32768,8192,bf16,-606629967,70.34873,85.24889,1.2118
gfx90a:sramecc+:xnack-,5.2.0.dabb6df2b9,16384,2048,16384,fp32,-606605118,29.57537,59.53277,2.0129
gfx90a:sramecc+:xnack-,5.2.0.dabb6df2b9,4096,1024,32768,fp32,-606628029,7.57598,8.66769,1.1441
gfx90a:sramecc+:xnack-,5.2.0.dabb6df2b9,16384,2048,16384,bf16,-606630012,7.95874,11.19341,1.4064
gfx90a:sramecc+:xnack-,5.2.0.dabb6df2b9,4096,1024,32768,bf16,-606605239,2.20000,2.20104,1.0005
gfx90a:sramecc+:xnack-,5.2.0.dabb6df2b9,32768,1024,8192,fp32,-606605124,14.81236,30.91082,2.0868
gfx90a:sramecc+:xnack-,5.2.0.dabb6df2b9,32768,1024,8192,bf16,-606630009,4.06028,4.50216,1.1088
gfx90a:sramecc+:xnack-,5.2.0.dabb6df2b9,32768,16384,4096,fp32,-606628017,115.77084,128.84732,1.1130
gfx90a:sramecc+:xnack-,5.2.0.dabb6df2b9,4096,2048,32768,fp32,-606628033,15.98134,17.19693,1.0761
gfx90a:sramecc+:xnack-,5.2.0.dabb6df2b9,4096,2048,32768,bf16,-606629814,4.32364,4.74966,1.0985
gfx90a:sramecc+:xnack-,5.2.0.dabb6df2b9,32768,2048,8192,fp32,-606605124,29.52900,55.30320,1.8728
gfx90a:sramecc+:xnack-,5.2.0.dabb6df2b9,32768,2048,8192,bf16,-606630013,8.02639,8.91915,1.1112
gfx90a:sramecc+:xnack-,5.2.0.dabb6df2b9,32768,16384,4096,bf16,-606629965,33.27982,36.49798,1.0967
gfx90a:sramecc+:xnack-,5.2.0.dabb6df2b9,4096,4096,32768,fp32,-606605124,29.69413,35.33616,1.1900
gfx90a:sramecc+:xnack-,5.2.0.dabb6df2b9,16384,4096,16384,fp32,-606605116,59.11566,126.32006,2.1368
gfx90a:sramecc+:xnack-,5.2.0.dabb6df2b9,4096,4096,32768,bf16,-606629814,8.50818,8.98007,1.0555
gfx90a:sramecc+:xnack-,5.2.0.dabb6df2b9,16384,4096,16384,bf16,-606630011,16.04894,21.57444,1.3443
gfx90a:sramecc+:xnack-,5.2.0.dabb6df2b9,32768,4096,8192,fp32,-606605127,58.88446,105.05804,1.7841
gfx90a:sramecc+:xnack-,5.2.0.dabb6df2b9,32768,32768,4096,bf16,-606605310,67.31115,105.85235,1.5726
gfx90a:sramecc+:xnack-,5.2.0.dabb6df2b9,32768,4096,8192,bf16,-606605312,18.29033,19.44755,1.0633
gfx90a:sramecc+:xnack-,5.2.0.dabb6df2b9,32768,8192,8192,bf16,-606605361,32.07331,41.18465,1.2841
gfx90a:sramecc+:xnack-,5.2.0.dabb6df2b9,4096,8192,32768,fp32,-606605134,59.63992,64.41624,1.0801
gfx90a:sramecc+:xnack-,5.2.0.dabb6df2b9,4096,8192,32768,bf16,-606630009,15.71861,17.42808,1.1088
gfx90a:sramecc+:xnack-,5.2.0.dabb6df2b9,32768,16384,8192,bf16,-606630010,65.75437,84.32815,1.2825
gfx90a:sramecc+:xnack-,5.2.0.dabb6df2b9,2048,16384,65536,fp32,-606605124,119.85291,167.59888,1.3984
gfx90a:sramecc+:xnack-,5.2.0.dabb6df2b9,16384,8192,16384,fp32,-606628012,117.05093,117.37897,1.0028
gfx90a:sramecc+:xnack-,5.2.0.dabb6df2b9,16384,8192,16384,bf16,-606630015,31.29676,36.62425,1.1702
gfx90a:sramecc+:xnack-,5.2.0.dabb6df2b9,2048,16384,65536,bf16,-606630010,32.04351,47.59846,1.4854
gfx90a:sramecc+:xnack-,5.2.0.dabb6df2b9,4096,4096,131072,fp32,-606628017,117.95323,173.45508,1.4705
gfx90a:sramecc+:xnack-,5.2.0.dabb6df2b9,32768,32768,8192,bf16,-606605311,143.03508,202.36787,1.4148
gfx90a:sramecc+:xnack-,5.2.0.dabb6df2b9,16384,16384,16384,bf16,-606605358,69.32469,71.56976,1.0324
gfx90a:sramecc+:xnack-,5.2.0.dabb6df2b9,4096,4096,131072,bf16,-606630015,35.73254,55.99353,1.5670
gfx90a:sramecc+:xnack-,5.2.0.dabb6df2b9,2048,32768,65536,bf16,-606605359,64.83030,93.99509,1.4499
gfx90a:sramecc+:xnack-,5.2.0.dabb6df2b9,4096,1024,65536,fp32,-606627896,15.67076,27.90922,1.7810
gfx90a:sramecc+:xnack-,5.2.0.dabb6df2b9,4096,1024,65536,bf16,-606629864,5.91385,6.09212,1.0301
gfx90a:sramecc+:xnack-,5.2.0.dabb6df2b9,4096,4096,262144,bf16,-606605356,72.48601,105.36694,1.4536
gfx90a:sramecc+:xnack-,5.2.0.dabb6df2b9,4096,2048,65536,fp32,-606605136,33.17829,42.21057,1.2722
gfx90a:sramecc+:xnack-,5.2.0.dabb6df2b9,4096,16384,32768,fp32,-606605127,120.81332,128.54906,1.0640
gfx90a:sramecc+:xnack-,5.2.0.dabb6df2b9,4096,2048,65536,bf16,-606629814,9.60626,13.66866,1.4229
gfx90a:sramecc+:xnack-,5.2.0.dabb6df2b9,16384,32768,16384,bf16,-606629966,130.82738,146.69289,1.1213
gfx90a:sramecc+:xnack-,5.2.0.dabb6df2b9,4096,16384,32768,bf16,-606630015,32.84975,37.67965,1.1470
gfx90a:sramecc+:xnack-,5.2.0.dabb6df2b9,32768,1024,16384,fp32,-606605124,29.41456,66.41638,2.2579
gfx90a:sramecc+:xnack-,5.2.0.dabb6df2b9,32768,1024,16384,bf16,-606605359,7.88596,8.70156,1.1034
gfx90a:sramecc+:xnack-,5.2.0.dabb6df2b9,4096,4096,65536,fp32,-606605124,60.14945,86.15048,1.4323
gfx90a:sramecc+:xnack-,5.2.0.dabb6df2b9,4096,32768,32768,bf16,-606630013,64.91652,75.03973,1.1559
gfx90a:sramecc+:xnack-,5.2.0.dabb6df2b9,4096,4096,65536,bf16,-606605359,18.64500,23.86375,1.2799
gfx90a:sramecc+:xnack-,5.2.0.dabb6df2b9,8192,1024,32768,fp32,-606628032,15.26526,15.49190,1.0148
gfx90a:sramecc+:xnack-,5.2.0.dabb6df2b9,32768,2048,16384,fp32,-606605124,58.76670,122.06098,2.0770
gfx90a:sramecc+:xnack-,5.2.0.dabb6df2b9,8192,1024,32768,bf16,-606605214,4.35885,7.25915,1.6654
gfx90a:sramecc+:xnack-,5.2.0.dabb6df2b9,32768,2048,16384,bf16,-606630016,15.66678,17.79547,1.1359
gfx90a:sramecc+:xnack-,5.2.0.dabb6df2b9,32768,4096,16384,bf16,-606605354,31.22886,39.89141,1.2774
gfx90a:sramecc+:xnack-,5.2.0.dabb6df2b9,8192,2048,32768,fp32,-606628017,29.67131,29.82480,1.0052
gfx90a:sramecc+:xnack-,5.2.0.dabb6df2b9,8192,2048,32768,bf16,-606605164,8.48534,13.07124,1.5404
gfx90a:sramecc+:xnack-,5.2.0.dabb6df2b9,32768,8192,16384,bf16,-606630017,62.67833,67.61033,1.0787
gfx90a:sramecc+:xnack-,5.2.0.dabb6df2b9,8192,4096,32768,fp32,-606605124,59.17465,59.52115,1.0059
gfx90a:sramecc+:xnack-,5.2.0.dabb6df2b9,8192,4096,32768,bf16,-606605356,15.98237,24.21722,1.5152
gfx90a:sramecc+:xnack-,5.2.0.dabb6df2b9,4096,8192,65536,fp32,-606604987,124.15871,181.07538,1.4584
gfx90a:sramecc+:xnack-,5.2.0.dabb6df2b9,32768,16384,16384,bf16,-606605358,126.45969,188.51646,1.4907
gfx90a:sramecc+:xnack-,5.2.0.dabb6df2b9,4096,8192,65536,bf16,-606630009,31.54899,48.33864,1.5322
gfx90a:sramecc+:xnack-,5.2.0.dabb6df2b9,4096,16384,65536,bf16,-606630015,65.37965,98.41788,1.5053
gfx90a:sramecc+:xnack-,5.2.0.dabb6df2b9,8192,8192,32768,fp32,-606628017,118.31453,119.13819,1.0070
gfx90a:sramecc+:xnack-,5.2.0.dabb6df2b9,8192,8192,32768,bf16,-606630009,31.43727,48.74722,1.5506
gfx90a:sramecc+:xnack-,5.2.0.dabb6df2b9,8192,16384,32768,bf16,-606605354,63.77317,102.75851,1.6113
gfx90a:sramecc+:xnack-,5.2.0.dabb6df2b9,4096,32768,65536,bf16,-606630017,131.69539,237.61562,1.8043
gfx90a:sramecc+:xnack-,5.2.0.dabb6df2b9,32768,32768,16384,bf16,-606605310,261.75998,299.17450,1.1429
gfx90a:sramecc+:xnack-,5.2.0.dabb6df2b9,8192,1024,65536,fp32,-606604977,31.19839,40.36541,1.2938
gfx90a:sramecc+:xnack-,5.2.0.dabb6df2b9,8192,1024,65536,bf16,-606605165,12.10743,14.53582,1.2006
gfx90a:sramecc+:xnack-,5.2.0.dabb6df2b9,8192,32768,32768,bf16,-606630014,135.36343,149.46486,1.1042
gfx90a:sramecc+:xnack-,5.2.0.dabb6df2b9,8192,2048,65536,fp32,-606628017,59.96876,73.02298,1.2177
gfx90a:sramecc+:xnack-,5.2.0.dabb6df2b9,8192,2048,65536,bf16,-606630011,18.30983,28.11819,1.5357
gfx90a:sramecc+:xnack-,5.2.0.dabb6df2b9,28672,8192,8192,fp32,-606605124,101.63371,159.06717,1.5651
gfx90a:sramecc+:xnack-,5.2.0.dabb6df2b9,16384,1024,32768,fp32,-606604987,30.35617,49.00999,1.6145
gfx90a:sramecc+:xnack-,5.2.0.dabb6df2b9,28672,8192,8192,bf16,-606605358,27.91485,30.71044,1.1001
gfx90a:sramecc+:xnack-,5.2.0.dabb6df2b9,16384,1024,32768,bf16,-606629864,8.82095,10.26966,1.1642
gfx90a:sramecc+:xnack-,5.2.0.dabb6df2b9,16384,2048,32768,fp32,-606605139,59.57730,81.29764,1.3646
gfx90a:sramecc+:xnack-,5.2.0.dabb6df2b9,16384,2048,32768,bf16,-606605357,15.85292,19.83995,1.2515
gfx90a:sramecc+:xnack-,5.2.0.dabb6df2b9,8192,4096,65536,fp32,-606604988,127.70107,156.88249,1.2285
gfx90a:sramecc+:xnack-,5.2.0.dabb6df2b9,8192,4096,65536,bf16,-606630015,32.14742,48.57830,1.5111
gfx90a:sramecc+:xnack-,5.2.0.dabb6df2b9,8192,8192,65536,bf16,-606605360,69.00581,94.88918,1.3751
gfx90a:sramecc+:xnack-,5.2.0.dabb6df2b9,16384,4096,32768,fp32,-606628017,119.28130,154.43091,1.2947
gfx90a:sramecc+:xnack-,5.2.0.dabb6df2b9,16384,4096,32768,bf16,-606630016,31.31362,37.67035,1.2030
gfx90a:sramecc+:xnack-,5.2.0.dabb6df2b9,16384,8192,32768,bf16,-606630014,63.76772,74.94683,1.1753
gfx90a:sramecc+:xnack-,5.2.0.dabb6df2b9,8192,16384,65536,bf16,-606630009,127.19568,217.10864,1.7069
gfx90a:sramecc+:xnack-,5.2.0.dabb6df2b9,16384,16384,32768,bf16,-606605354,128.16812,137.64447,1.0739
gfx90a:sramecc+:xnack-,5.2.0.dabb6df2b9,16384,1024,65536,fp32,-606628017,60.17373,105.72999,1.7571
gfx90a:sramecc+:xnack-,5.2.0.dabb6df2b9,16384,1024,65536,bf16,-606630017,21.79910,33.91764,1.5559
gfx90a:sramecc+:xnack-,5.2.0.dabb6df2b9,16384,2048,65536,fp32,-606628017,119.59991,167.74437,1.4025
gfx90a:sramecc+:xnack-,5.2.0.dabb6df2b9,16384,2048,65536,bf16,-606630009,31.45341,54.81060,1.7426
gfx90a:sramecc+:xnack-,5.2.0.dabb6df2b9,16384,4096,65536,bf16,-606630014,71.44119,101.87899,1.4261
gfx90a:sramecc+:xnack-,5.2.0.dabb6df2b9,16384,32768,32768,bf16,-606630013,268.14694,305.10928,1.1378
gfx90a:sramecc+:xnack-,5.2.0.dabb6df2b9,32768,1024,32768,fp32,-606628027,59.69328,89.47742,1.4990
gfx90a:sramecc+:xnack-,5.2.0.dabb6df2b9,32768,1024,32768,bf16,-606605360,15.72095,20.00329,1.2724
gfx90a:sramecc+:xnack-,5.2.0.dabb6df2b9,16384,8192,65536,bf16,-606630016,130.91904,211.16502,1.6129
gfx90a:sramecc+:xnack-,5.2.0.dabb6df2b9,32768,2048,32768,fp32,-606628025,119.21841,167.15631,1.4021
gfx90a:sramecc+:xnack-,5.2.0.dabb6df2b9,32768,2048,32768,bf16,-606605355,35.27681,40.48359,1.1476
gfx90a:sramecc+:xnack-,5.2.0.dabb6df2b9,32768,1024,65536,fp32,-606627884,121.98628,186.69969,1.5305
gfx90a:sramecc+:xnack-,5.2.0.dabb6df2b9,32768,4096,32768,bf16,-606605354,66.63689,81.67335,1.2256
gfx90a:sramecc+:xnack-,5.2.0.dabb6df2b9,32768,1024,65536,bf16,-606605361,42.53048,66.41030,1.5615
gfx90a:sramecc+:xnack-,5.2.0.dabb6df2b9,32768,2048,65536,bf16,-606630011,64.11713,111.17963,1.7340
gfx90a:sramecc+:xnack-,5.2.0.dabb6df2b9,32768,8192,32768,bf16,-606630009,127.48002,171.04228,1.3417
gfx90a:sramecc+:xnack-,5.2.0.dabb6df2b9,32768,4096,65536,bf16,-606630015,127.86350,205.61261,1.6081
gfx90a:sramecc+:xnack-,5.2.0.dabb6df2b9,32768,16384,32768,bf16,-606630017,254.00224,292.74744,1.1525
gfx90a:sramecc+:xnack-,5.2.0.dabb6df2b9,1024,1024,1024,fp16,-606624169,0.03149,0.06106,1.9394
gfx90a:sramecc+:xnack-,5.2.0.dabb6df2b9,1024,1024,512,fp16,-606624146,0.02057,0.03834,1.8637
gfx90a:sramecc+:xnack-,5.2.0.dabb6df2b9,1024,2048,512,fp16,-606603304,0.03066,0.03819,1.2456
gfx90a:sramecc+:xnack-,5.2.0.dabb6df2b9,1024,2048,1024,fp16,-606603304,0.05142,0.05610,1.0911
gfx90a:sramecc+:xnack-,5.2.0.dabb6df2b9,1024,1024,2048,fp16,-606624169,0.05136,0.10277,2.0010
gfx90a:sramecc+:xnack-,5.2.0.dabb6df2b9,1024,1024,4096,fp16,-606603319,0.09296,0.11152,1.1997
gfx90a:sramecc+:xnack-,5.2.0.dabb6df2b9,1024,4096,512,fp16,-606603427,0.06141,0.08000,1.3028
gfx90a:sramecc+:xnack-,5.2.0.dabb6df2b9,1024,4096,1024,fp16,-606624131,0.10316,0.10613,1.0287
gfx90a:sramecc+:xnack-,5.2.0.dabb6df2b9,1024,2048,2048,fp16,-606624131,0.09430,0.09578,1.0157
gfx90a:sramecc+:xnack-,5.2.0.dabb6df2b9,1024,8192,512,fp16,-606624258,0.10800,0.12069,1.1175
gfx90a:sramecc+:xnack-,5.2.0.dabb6df2b9,1024,1024,8192,fp16,-606624147,0.17580,0.18730,1.0654
gfx90a:sramecc+:xnack-,5.2.0.dabb6df2b9,1024,2048,4096,fp16,-606603304,0.17727,0.17871,1.0081
gfx90a:sramecc+:xnack-,5.2.0.dabb6df2b9,1024,8192,1024,fp16,-606624255,0.18687,0.20730,1.1093
gfx90a:sramecc+:xnack-,5.2.0.dabb6df2b9,1024,4096,2048,fp16,-606624131,0.18604,0.20975,1.1274
gfx90a:sramecc+:xnack-,5.2.0.dabb6df2b9,1024,16384,512,fp16,-606624188,0.21605,0.50360,2.3309
gfx90a:sramecc+:xnack-,5.2.0.dabb6df2b9,1024,1024,16384,fp16,-606624146,0.34434,0.54056,1.5699
gfx90a:sramecc+:xnack-,5.2.0.dabb6df2b9,1024,2048,8192,fp16,-606603390,0.32907,0.36036,1.0951
gfx90a:sramecc+:xnack-,5.2.0.dabb6df2b9,1024,4096,4096,fp16,-606603304,0.36117,0.37828,1.0474
gfx90a:sramecc+:xnack-,5.2.0.dabb6df2b9,1024,8192,2048,fp16,-606603424,0.32978,0.37006,1.1222
gfx90a:sramecc+:xnack-,5.2.0.dabb6df2b9,1024,16384,1024,fp16,-606603407,0.34738,0.39054,1.1243
gfx90a:sramecc+:xnack-,5.2.0.dabb6df2b9,1024,1024,32768,fp16,-606603380,0.71751,0.75986,1.0590
gfx90a:sramecc+:xnack-,5.2.0.dabb6df2b9,1024,32768,512,fp16,-606624261,0.44011,1.15072,2.6146
gfx90a:sramecc+:xnack-,5.2.0.dabb6df2b9,2048,1024,512,fp16,-606624149,0.03027,0.03963,1.3090
gfx90a:sramecc+:xnack-,5.2.0.dabb6df2b9,2048,2048,512,fp16,-606603349,0.04973,0.07061,1.4200
gfx90a:sramecc+:xnack-,5.2.0.dabb6df2b9,1024,2048,16384,fp16,-606603390,0.58912,0.60605,1.0287
gfx90a:sramecc+:xnack-,5.2.0.dabb6df2b9,2048,4096,512,fp16,-606624258,0.10067,0.11407,1.1332
gfx90a:sramecc+:xnack-,5.2.0.dabb6df2b9,1024,4096,8192,fp16,-606603304,0.71574,0.78183,1.0923
gfx90a:sramecc+:xnack-,5.2.0.dabb6df2b9,1024,8192,4096,fp16,-606624255,0.64263,0.75202,1.1702
gfx90a:sramecc+:xnack-,5.2.0.dabb6df2b9,1024,16384,2048,fp16,-606603432,0.67232,0.72808,1.0829
gfx90a:sramecc+:xnack-,5.2.0.dabb6df2b9,2048,8192,512,fp16,-606624166,0.19510,0.22767,1.1670
gfx90a:sramecc+:xnack-,5.2.0.dabb6df2b9,1024,32768,1024,fp16,-606624264,0.70199,1.58292,2.2549
gfx90a:sramecc+:xnack-,5.2.0.dabb6df2b9,2048,1024,1024,fp16,-606603347,0.05056,0.05504,1.0886
gfx90a:sramecc+:xnack-,5.2.0.dabb6df2b9,2048,2048,1024,fp16,-606624180,0.08172,0.10954,1.3404
gfx90a:sramecc+:xnack-,5.2.0.dabb6df2b9,2048,16384,512,fp16,-606624184,0.41272,0.42755,1.0359
gfx90a:sramecc+:xnack-,5.2.0.dabb6df2b9,2048,4096,1024,fp16,-606624181,0.16777,0.18815,1.1215
gfx90a:sramecc+:xnack-,5.2.0.dabb6df2b9,1024,1024,65536,fp16,-606603380,1.60547,2.39276,1.4904
gfx90a:sramecc+:xnack-,5.2.0.dabb6df2b9,2048,8192,1024,fp16,-606624181,0.32629,0.38820,1.1897
gfx90a:sramecc+:xnack-,5.2.0.dabb6df2b9,1024,2048,32768,fp16,-606624222,1.12047,1.13601,1.0139
gfx90a:sramecc+:xnack-,5.2.0.dabb6df2b9,1024,8192,8192,fp16,-606624254,1.23949,1.49406,1.2054
gfx90a:sramecc+:xnack-,5.2.0.dabb6df2b9,1024,4096,16384,fp16,-606603398,1.36810,1.64632,1.2034
gfx90a:sramecc+:xnack-,5.2.0.dabb6df2b9,1024,16384,4096,fp16,-606624263,1.24116,1.37920,1.1112
gfx90a:sramecc+:xnack-,5.2.0.dabb6df2b9,2048,32768,512,fp16,-606624261,0.87820,3.13533,3.5702
gfx90a:sramecc+:xnack-,5.2.0.dabb6df2b9,1024,32768,2048,fp16,-606624262,1.21899,2.34278,1.9219
gfx90a:sramecc+:xnack-,5.2.0.dabb6df2b9,2048,16384,1024,fp16,-606624184,0.66701,0.72519,1.0872
gfx90a:sramecc+:xnack-,5.2.0.dabb6df2b9,4096,1024,512,fp16,-606603350,0.05097,0.06149,1.2063
gfx90a:sramecc+:xnack-,5.2.0.dabb6df2b9,2048,1024,2048,fp16,-606603347,0.08841,0.16197,1.8319
gfx90a:sramecc+:xnack-,5.2.0.dabb6df2b9,4096,2048,512,fp16,-606624257,0.10332,0.12943,1.2527
gfx90a:sramecc+:xnack-,5.2.0.dabb6df2b9,2048,2048,2048,fp16,-606624181,0.14649,0.15434,1.0536
gfx90a:sramecc+:xnack-,5.2.0.dabb6df2b9,4096,4096,512,fp16,-606603423,0.19010,0.21812,1.1474
gfx90a:sramecc+:xnack-,5.2.0.dabb6df2b9,2048,4096,2048,fp16,-606603350,0.30149,0.32868,1.0902
gfx90a:sramecc+:xnack-,5.2.0.dabb6df2b9,4096,8192,512,fp16,-606624166,0.37736,0.39897,1.0573
gfx90a:sramecc+:xnack-,5.2.0.dabb6df2b9,2048,8192,2048,fp16,-606603353,0.59911,0.62509,1.0434
gfx90a:sramecc+:xnack-,5.2.0.dabb6df2b9,4096,16384,512,fp16,-606603353,0.81350,0.83719,1.0291
gfx90a:sramecc+:xnack-,5.2.0.dabb6df2b9,2048,32768,1024,fp16,-606603433,1.39421,3.81514,2.7364
gfx90a:sramecc+:xnack-,5.2.0.dabb6df2b9,4096,1024,1024,fp16,-606624180,0.08329,0.10101,1.2127
gfx90a:sramecc+:xnack-,5.2.0.dabb6df2b9,1024,8192,16384,fp16,-606603423,2.45611,3.10193,1.2629
gfx90a:sramecc+:xnack-,5.2.0.dabb6df2b9,1024,16384,8192,fp16,-606624258,2.50689,2.80573,1.1192
gfx90a:sramecc+:xnack-,5.2.0.dabb6df2b9,4096,2048,1024,fp16,-606603349,0.17228,0.18453,1.0711
gfx90a:sramecc+:xnack-,5.2.0.dabb6df2b9,1024,4096,32768,fp16,-606624230,2.61267,3.51133,1.3440
gfx90a:sramecc+:xnack-,5.2.0.dabb6df2b9,4096,4096,1024,fp16,-606624255,0.32943,0.34431,1.0452
gfx90a:sramecc+:xnack-,5.2.0.dabb6df2b9,2048,16384,2048,fp16,-606603432,1.21550,1.32629,1.0911
gfx90a:sramecc+:xnack-,5.2.0.dabb6df2b9,1024,32768,4096,fp16,-606603431,2.44979,4.60418,1.8794
gfx90a:sramecc+:xnack-,5.2.0.dabb6df2b9,1024,2048,65536,fp16,-606603390,2.26542,4.39518,1.9401
gfx90a:sramecc+:xnack-,5.2.0.dabb6df2b9,2048,1024,4096,fp16,-606603347,0.16038,0.16575,1.0335
gfx90a:sramecc+:xnack-,5.2.0.dabb6df2b9,4096,8192,1024,fp16,-606603407,0.65319,0.67101,1.0273
gfx90a:sramecc+:xnack-,5.2.0.dabb6df2b9,2048,2048,4096,fp16,-606624218,0.27186,0.49673,1.8271
gfx90a:sramecc+:xnack-,5.2.0.dabb6df2b9,2048,4096,4096,fp16,-606603353,0.55866,0.55176,0.9876
gfx90a:sramecc+:xnack-,5.2.0.dabb6df2b9,4096,32768,512,fp16,-606624261,1.74114,5.77212,3.3151
gfx90a:sramecc+:xnack-,5.2.0.dabb6df2b9,8192,1024,512,fp16,-606603428,0.10393,0.11040,1.0622
gfx90a:sramecc+:xnack-,5.2.0.dabb6df2b9,8192,2048,512,fp16,-606624254,0.19356,0.20068,1.0368
gfx90a:sramecc+:xnack-,5.2.0.dabb6df2b9,8192,4096,512,fp16,-606603423,0.36715,0.38286,1.0428
gfx90a:sramecc+:xnack-,5.2.0.dabb6df2b9,4096,16384,1024,fp16,-606603432,1.33213,1.42837,1.0722
gfx90a:sramecc+:xnack-,5.2.0.dabb6df2b9,2048,8192,4096,fp16,-606624184,1.09532,1.34330,1.2264
gfx90a:sramecc+:xnack-,5.2.0.dabb6df2b9,8192,8192,512,fp16,-606624166,0.73411,0.82140,1.1189
gfx90a:sramecc+:xnack-,5.2.0.dabb6df2b9,2048,32768,2048,fp16,-606624263,2.66328,5.50745,2.0679
gfx90a:sramecc+:xnack-,5.2.0.dabb6df2b9,4096,1024,2048,fp16,-606624180,0.14908,0.19701,1.3215
gfx90a:sramecc+:xnack-,5.2.0.dabb6df2b9,4096,2048,2048,fp16,-606624218,0.30661,0.33225,1.0836
gfx90a:sramecc+:xnack-,5.2.0.dabb6df2b9,8192,16384,512,fp16,-606603353,1.60899,1.95592,1.2156
gfx90a:sramecc+:xnack-,5.2.0.dabb6df2b9,4096,4096,2048,fp16,-606603350,0.60910,0.70488,1.1573
gfx90a:sramecc+:xnack-,5.2.0.dabb6df2b9,1024,16384,16384,fp16,-606603428,4.71687,5.63510,1.1947
gfx90a:sramecc+:xnack-,5.2.0.dabb6df2b9,2048,16384,4096,fp16,-606624184,2.36848,2.53499,1.0703
gfx90a:sramecc+:xnack-,5.2.0.dabb6df2b9,1024,8192,32768,fp16,-606603428,4.94164,7.47965,1.5136
gfx90a:sramecc+:xnack-,5.2.0.dabb6df2b9,4096,8192,2048,fp16,-606624263,1.16431,1.35653,1.1651
gfx90a:sramecc+:xnack-,5.2.0.dabb6df2b9,4096,32768,1024,fp16,-606603432,2.78603,7.01591,2.5183
gfx90a:sramecc+:xnack-,5.2.0.dabb6df2b9,1024,32768,8192,fp16,-606624264,4.62725,8.59629,1.8578
gfx90a:sramecc+:xnack-,5.2.0.dabb6df2b9,8192,1024,1024,fp16,-606624180,0.17369,0.18431,1.0612
gfx90a:sramecc+:xnack-,5.2.0.dabb6df2b9,2048,1024,8192,fp16,-606603400,0.30930,0.36756,1.1884
gfx90a:sramecc+:xnack-,5.2.0.dabb6df2b9,8192,2048,1024,fp16,-606624180,0.32507,0.34745,1.0688
gfx90a:sramecc+:xnack-,5.2.0.dabb6df2b9,2048,2048,8192,fp16,-606603386,0.53092,0.71757,1.3516
gfx90a:sramecc+:xnack-,5.2.0.dabb6df2b9,1024,4096,65536,fp16,-606624230,5.41237,7.16463,1.3237
gfx90a:sramecc+:xnack-,5.2.0.dabb6df2b9,8192,4096,1024,fp16,-606624255,0.64225,0.65901,1.0261
gfx90a:sramecc+:xnack-,5.2.0.dabb6df2b9,2048,4096,8192,fp16,-606624181,1.07890,1.53444,1.4222
gfx90a:sramecc+:xnack-,5.2.0.dabb6df2b9,8192,8192,1024,fp16,-606624181,1.30964,1.32373,1.0108
gfx90a:sramecc+:xnack-,5.2.0.dabb6df2b9,4096,16384,2048,fp16,-606603430,2.52643,2.53174,1.0021
gfx90a:sramecc+:xnack-,5.2.0.dabb6df2b9,8192,32768,512,fp16,-606624263,3.52046,11.34411,3.2223
gfx90a:sramecc+:xnack-,5.2.0.dabb6df2b9,16384,1024,512,fp16,-606624258,0.19785,0.22639,1.1443
gfx90a:sramecc+:xnack-,5.2.0.dabb6df2b9,16384,2048,512,fp16,-606603423,0.39198,0.42804,1.0920
gfx90a:sramecc+:xnack-,5.2.0.dabb6df2b9,16384,4096,512,fp16,-606624254,0.72055,0.79223,1.0995
gfx90a:sramecc+:xnack-,5.2.0.dabb6df2b9,2048,8192,8192,fp16,-606624184,2.14381,2.44448,1.1402
gfx90a:sramecc+:xnack-,5.2.0.dabb6df2b9,8192,16384,1024,fp16,-606603433,2.65199,2.98148,1.1242
gfx90a:sramecc+:xnack-,5.2.0.dabb6df2b9,2048,32768,4096,fp16,-606603431,4.84954,9.35653,1.9294
gfx90a:sramecc+:xnack-,5.2.0.dabb6df2b9,16384,8192,512,fp16,-606603337,1.44948,1.53882,1.0616
gfx90a:sramecc+:xnack-,5.2.0.dabb6df2b9,4096,1024,4096,fp16,-606624218,0.27449,0.31199,1.1366
gfx90a:sramecc+:xnack-,5.2.0.dabb6df2b9,4096,2048,4096,fp16,-606603350,0.54791,0.68115,1.2432
gfx90a:sramecc+:xnack-,5.2.0.dabb6df2b9,4096,4096,4096,fp16,-606603353,1.10213,1.08844,0.9876
gfx90a:sramecc+:xnack-,5.2.0.dabb6df2b9,4096,32768,2048,fp16,-606603431,4.85569,10.82485,2.2293
gfx90a:sramecc+:xnack-,5.2.0.dabb6df2b9,16384,16384,512,fp16,-606624263,3.26144,3.60204,1.1044
gfx90a:sramecc+:xnack-,5.2.0.dabb6df2b9,8192,1024,2048,fp16,-606603386,0.31503,0.32921,1.0450
gfx90a:sramecc+:xnack-,5.2.0.dabb6df2b9,2048,16384,8192,fp16,-606603433,4.52502,5.19881,1.1489
gfx90a:sramecc+:xnack-,5.2.0.dabb6df2b9,8192,2048,2048,fp16,-606603386,0.64369,0.68771,1.0684
gfx90a:sramecc+:xnack-,5.2.0.dabb6df2b9,4096,8192,4096,fp16,-606603353,2.31572,2.50246,1.0806
gfx90a:sramecc+:xnack-,5.2.0.dabb6df2b9,1024,16384,32768,fp16,-606624185,9.53223,15.31147,1.6063
gfx90a:sramecc+:xnack-,5.2.0.dabb6df2b9,8192,4096,2048,fp16,-606624263,1.15775,1.36997,1.1833
gfx90a:sramecc+:xnack-,5.2.0.dabb6df2b9,1024,32768,16384,fp16,-606603433,8.51454,21.93250,2.5759
gfx90a:sramecc+:xnack-,5.2.0.dabb6df2b9,8192,32768,1024,fp16,-606624263,5.59232,14.05830,2.5139
gfx90a:sramecc+:xnack-,5.2.0.dabb6df2b9,2048,1024,16384,fp16,-606603387,0.56478,0.58760,1.0404
gfx90a:sramecc+:xnack-,5.2.0.dabb6df2b9,16384,1024,1024,fp16,-606603350,0.33979,0.34825,1.0249
gfx90a:sramecc+:xnack-,5.2.0.dabb6df2b9,8192,8192,2048,fp16,-606624264,2.31972,2.52737,1.0895
gfx90a:sramecc+:xnack-,5.2.0.dabb6df2b9,16384,2048,1024,fp16,-606603424,0.64801,0.66248,1.0223
gfx90a:sramecc+:xnack-,5.2.0.dabb6df2b9,1024,8192,65536,fp16,-606624259,10.06498,12.61734,1.2536
gfx90a:sramecc+:xnack-,5.2.0.dabb6df2b9,2048,2048,16384,fp16,-606603386,1.06520,1.54025,1.4460
gfx90a:sramecc+:xnack-,5.2.0.dabb6df2b9,16384,4096,1024,fp16,-606603424,1.25918,1.34347,1.0669
gfx90a:sramecc+:xnack-,5.2.0.dabb6df2b9,4096,16384,4096,fp16,-606624184,4.52137,5.38731,1.1915
gfx90a:sramecc+:xnack-,5.2.0.dabb6df2b9,2048,4096,16384,fp16,-606624218,2.08849,3.17170,1.5187
gfx90a:sramecc+:xnack-,5.2.0.dabb6df2b9,16384,8192,1024,fp16,-606603350,2.60262,2.62496,1.0086
gfx90a:sramecc+:xnack-,5.2.0.dabb6df2b9,16384,32768,512,fp16,-606603432,6.99428,10.39862,1.4867
gfx90a:sramecc+:xnack-,5.2.0.dabb6df2b9,32768,1024,512,fp16,-606624254,0.38398,0.43193,1.1249
gfx90a:sramecc+:xnack-,5.2.0.dabb6df2b9,8192,16384,2048,fp16,-606624261,4.90574,5.58902,1.1393
gfx90a:sramecc+:xnack-,5.2.0.dabb6df2b9,32768,2048,512,fp16,-606603427,0.73799,0.83303,1.1288
gfx90a:sramecc+:xnack-,5.2.0.dabb6df2b9,32768,4096,512,fp16,-606624255,1.41457,1.58479,1.1203
gfx90a:sramecc+:xnack-,5.2.0.dabb6df2b9,2048,8192,16384,fp16,-606603349,4.31982,4.20819,0.9742
gfx90a:sramecc+:xnack-,5.2.0.dabb6df2b9,2048,32768,8192,fp16,-606603431,8.76290,19.63610,2.2408
gfx90a:sramecc+:xnack-,5.2.0.dabb6df2b9,16384,16384,1024,fp16,-606624186,5.45044,6.01950,1.1044
gfx90a:sramecc+:xnack-,5.2.0.dabb6df2b9,4096,1024,8192,fp16,-606624181,0.52785,0.83916,1.5898
gfx90a:sramecc+:xnack-,5.2.0.dabb6df2b9,32768,8192,512,fp16,-606603337,2.90725,3.24110,1.1148
gfx90a:sramecc+:xnack-,5.2.0.dabb6df2b9,4096,2048,8192,fp16,-606603350,1.06396,1.26971,1.1934
gfx90a:sramecc+:xnack-,5.2.0.dabb6df2b9,4096,4096,8192,fp16,-606603334,2.27549,3.04691,1.3390
gfx90a:sramecc+:xnack-,5.2.0.dabb6df2b9,4096,32768,4096,fp16,-606624261,9.22725,18.13266,1.9651
gfx90a:sramecc+:xnack-,5.2.0.dabb6df2b9,8192,1024,4096,fp16,-606624181,0.54600,0.54995,1.0072
gfx90a:sramecc+:xnack-,5.2.0.dabb6df2b9,8192,2048,4096,fp16,-606603334,1.11449,1.10252,0.9893
gfx90a:sramecc+:xnack-,5.2.0.dabb6df2b9,32768,16384,512,fp16,-606624184,6.42980,6.89963,1.0731
gfx90a:sramecc+:xnack-,5.2.0.dabb6df2b9,4096,8192,8192,fp16,-606624263,4.45431,4.94262,1.1096
gfx90a:sramecc+:xnack-,5.2.0.dabb6df2b9,8192,4096,4096,fp16,-606603433,2.30885,2.35922,1.0218
gfx90a:sramecc+:xnack-,5.2.0.dabb6df2b9,8192,32768,2048,fp16,-606624261,10.92438,22.27299,2.0388
gfx90a:sramecc+:xnack-,5.2.0.dabb6df2b9,2048,16384,16384,fp16,-606603432,8.23954,9.98619,1.2120
gfx90a:sramecc+:xnack-,5.2.0.dabb6df2b9,16384,1024,2048,fp16,-606603386,0.59604,0.60323,1.0121
gfx90a:sramecc+:xnack-,5.2.0.dabb6df2b9,16384,2048,2048,fp16,-606624184,1.24466,1.19212,0.9578
gfx90a:sramecc+:xnack-,5.2.0.dabb6df2b9,16384,4096,2048,fp16,-606603429,2.57821,2.63191,1.0208
gfx90a:sramecc+:xnack-,5.2.0.dabb6df2b9,8192,8192,4096,fp16,-606624184,4.40055,5.52828,1.2563
gfx90a:sramecc+:xnack-,5.2.0.dabb6df2b9,16384,32768,1024,fp16,-606603432,11.08039,16.09852,1.4529
gfx90a:sramecc+:xnack-,5.2.0.dabb6df2b9,32768,1024,1024,fp16,-606603424,0.65361,0.67294,1.0296
gfx90a:sramecc+:xnack-,5.2.0.dabb6df2b9,1024,32768,32768,fp16,-606603429,18.58009,31.41235,1.6906
gfx90a:sramecc+:xnack-,5.2.0.dabb6df2b9,32768,2048,1024,fp16,-606624255,1.25640,1.31350,1.0454
gfx90a:sramecc+:xnack-,5.2.0.dabb6df2b9,1024,16384,65536,fp16,-606603363,20.63103,23.32087,1.1304
gfx90a:sramecc+:xnack-,5.2.0.dabb6df2b9,2048,1024,32768,fp16,-606603390,1.12358,1.19340,1.0621
gfx90a:sramecc+:xnack-,5.2.0.dabb6df2b9,16384,8192,2048,fp16,-606603349,5.12398,5.27715,1.0299
gfx90a:sramecc+:xnack-,5.2.0.dabb6df2b9,4096,16384,8192,fp16,-606603430,8.95238,10.74255,1.2000
gfx90a:sramecc+:xnack-,5.2.0.dabb6df2b9,32768,4096,1024,fp16,-606603424,2.48244,2.57174,1.0360
gfx90a:sramecc+:xnack-,5.2.0.dabb6df2b9,2048,2048,32768,fp16,-606624181,2.15126,2.47837,1.1521
gfx90a:sramecc+:xnack-,5.2.0.dabb6df2b9,8192,16384,4096,fp16,-606624261,9.66697,10.03352,1.0379
gfx90a:sramecc+:xnack-,5.2.0.dabb6df2b9,32768,8192,1024,fp16,-606603337,5.07031,5.20120,1.0258
gfx90a:sramecc+:xnack-,5.2.0.dabb6df2b9,32768,32768,512,fp16,-606603432,14.06125,20.10622,1.4299
gfx90a:sramecc+:xnack-,5.2.0.dabb6df2b9,2048,4096,32768,fp16,-606624181,4.28073,6.18183,1.4441
gfx90a:sramecc+:xnack-,5.2.0.dabb6df2b9,16384,16384,2048,fp16,-606624263,9.32023,12.05004,1.2929
gfx90a:sramecc+:xnack-,5.2.0.dabb6df2b9,32768,16384,1024,fp16,-606603433,10.91805,12.19545,1.1170
gfx90a:sramecc+:xnack-,5.2.0.dabb6df2b9,2048,8192,32768,fp16,-606603386,8.60216,12.36083,1.4369
gfx90a:sramecc+:xnack-,5.2.0.dabb6df2b9,2048,32768,16384,fp16,-606624262,16.82294,43.02278,2.5574
gfx90a:sramecc+:xnack-,5.2.0.dabb6df2b9,4096,1024,16384,fp16,-606603386,1.05119,1.53951,1.4645
gfx90a:sramecc+:xnack-,5.2.0.dabb6df2b9,4096,2048,16384,fp16,-606603350,2.10898,2.76085,1.3091
gfx90a:sramecc+:xnack-,5.2.0.dabb6df2b9,4096,32768,8192,fp16,-606603431,17.56756,40.72409,2.3181
gfx90a:sramecc+:xnack-,5.2.0.dabb6df2b9,4096,4096,16384,fp16,-606624181,4.41161,5.68629,1.2889
gfx90a:sramecc+:xnack-,5.2.0.dabb6df2b9,8192,1024,8192,fp16,-606624218,1.12169,1.31430,1.1717
gfx90a:sramecc+:xnack-,5.2.0.dabb6df2b9,8192,2048,8192,fp16,-606624181,2.12366,2.88667,1.3593
gfx90a:sramecc+:xnack-,5.2.0.dabb6df2b9,8192,32768,4096,fp16,-606603432,18.47683,40.42797,2.1880
gfx90a:sramecc+:xnack-,5.2.0.dabb6df2b9,16384,1024,4096,fp16,-606624180,1.09609,1.14690,1.0463
gfx90a:sramecc+:xnack-,5.2.0.dabb6df2b9,16384,2048,4096,fp16,-606624181,2.23030,2.18409,0.9793
gfx90a:sramecc+:xnack-,5.2.0.dabb6df2b9,8192,4096,8192,fp16,-606624262,4.22855,4.33333,1.0248
gfx90a:sramecc+:xnack-,5.2.0.dabb6df2b9,16384,32768,2048,fp16,-606603312,21.37931,26.04047,1.2180
gfx90a:sramecc+:xnack-,5.2.0.dabb6df2b9,4096,8192,16384,fp16,-606624263,8.21915,9.44524,1.1492
gfx90a:sramecc+:xnack-,5.2.0.dabb6df2b9,32768,1024,2048,fp16,-606603349,1.17728,1.20887,1.0268
gfx90a:sramecc+:xnack-,5.2.0.dabb6df2b9,16384,4096,4096,fp16,-606624261,4.31881,4.79046,1.1092
gfx90a:sramecc+:xnack-,5.2.0.dabb6df2b9,32768,2048,2048,fp16,-606624184,2.31177,2.51406,1.0875
gfx90a:sramecc+:xnack-,5.2.0.dabb6df2b9,2048,16384,32768,fp16,-606624260,17.56675,25.03405,1.4251
gfx90a:sramecc+:xnack-,5.2.0.dabb6df2b9,8192,28672,8192,fp16,-606624264,31.13861,50.12107,1.6096
gfx90a:sramecc+:xnack-,5.2.0.dabb6df2b9,8192,8192,8192,fp16,-606603431,8.53592,9.79804,1.1479
gfx90a:sramecc+:xnack-,5.2.0.dabb6df2b9,32768,4096,2048,fp16,-606624264,4.90084,4.71287,0.9616
gfx90a:sramecc+:xnack-,5.2.0.dabb6df2b9,32768,32768,1024,fp16,-606624263,22.16580,31.47585,1.4200
gfx90a:sramecc+:xnack-,5.2.0.dabb6df2b9,16384,8192,4096,fp16,-606603432,9.49923,10.57877,1.1136
gfx90a:sramecc+:xnack-,5.2.0.dabb6df2b9,32768,8192,2048,fp16,-606624181,10.19627,10.73642,1.0530
gfx90a:sramecc+:xnack-,5.2.0.dabb6df2b9,4096,16384,16384,fp16,-606603431,16.58479,19.86674,1.1979
gfx90a:sramecc+:xnack-,5.2.0.dabb6df2b9,8192,16384,8192,fp16,-606624264,17.10846,20.38246,1.1914
gfx90a:sramecc+:xnack-,5.2.0.dabb6df2b9,1024,32768,65536,fp16,-606624260,37.92728,53.00935,1.3977
gfx90a:sramecc+:xnack-,5.2.0.dabb6df2b9,16384,8192,8192,fp16,-606603430,16.77541,19.36273,1.1542
gfx90a:sramecc+:xnack-,5.2.0.dabb6df2b9,16384,16384,4096,fp16,-606624263,17.45428,21.89747,1.2546
gfx90a:sramecc+:xnack-,5.2.0.dabb6df2b9,2048,1024,65536,fp16,-606603385,2.89170,2.94835,1.0196
gfx90a:sramecc+:xnack-,5.2.0.dabb6df2b9,32768,16384,2048,fp16,-606624263,18.56661,23.31366,1.2557
gfx90a:sramecc+:xnack-,5.2.0.dabb6df2b9,2048,2048,65536,fp16,-606603334,4.78659,6.17509,1.2901
gfx90a:sramecc+:xnack-,5.2.0.dabb6df2b9,2048,4096,65536,fp16,-606603386,10.48306,9.83547,0.9382
gfx90a:sramecc+:xnack-,5.2.0.dabb6df2b9,2048,32768,32768,fp16,-606603386,36.77953,50.37901,1.3698
gfx90a:sramecc+:xnack-,5.2.0.dabb6df2b9,4096,1024,32768,fp16,-606603376,2.29885,2.32762,1.0125
gfx90a:sramecc+:xnack-,5.2.0.dabb6df2b9,4096,2048,32768,fp16,-606624181,4.34341,4.67924,1.0773
gfx90a:sramecc+:xnack-,5.2.0.dabb6df2b9,4096,32768,16384,fp16,-606624262,35.20184,71.75451,2.0384
gfx90a:sramecc+:xnack-,5.2.0.dabb6df2b9,8192,1024,16384,fp16,-606603349,2.23116,2.80247,1.2561
gfx90a:sramecc+:xnack-,5.2.0.dabb6df2b9,2048,8192,65536,fp16,-606624184,20.60280,20.70352,1.0049
gfx90a:sramecc+:xnack-,5.2.0.dabb6df2b9,8192,32768,8192,fp16,-606603430,35.79043,83.39877,2.3302
gfx90a:sramecc+:xnack-,5.2.0.dabb6df2b9,16384,32768,4096,fp16,-606624262,36.69596,44.79029,1.2206
gfx90a:sramecc+:xnack-,5.2.0.dabb6df2b9,4096,4096,32768,fp16,-606624181,9.14657,9.21679,1.0077
gfx90a:sramecc+:xnack-,5.2.0.dabb6df2b9,16384,1024,8192,fp16,-606603350,2.19011,2.22276,1.0149
gfx90a:sramecc+:xnack-,5.2.0.dabb6df2b9,8192,2048,16384,fp16,-606603353,4.63678,5.81358,1.2538
gfx90a:sramecc+:xnack-,5.2.0.dabb6df2b9,32768,1024,4096,fp16,-606624264,2.16295,2.38922,1.1046
gfx90a:sramecc+:xnack-,5.2.0.dabb6df2b9,16384,2048,8192,fp16,-606603432,4.61720,4.73537,1.0256
gfx90a:sramecc+:xnack-,5.2.0.dabb6df2b9,32768,2048,4096,fp16,-606603353,4.66014,4.74153,1.0175
gfx90a:sramecc+:xnack-,5.2.0.dabb6df2b9,32768,32768,2048,fp16,-606603432,39.80368,54.66588,1.3734
gfx90a:sramecc+:xnack-,5.2.0.dabb6df2b9,8192,4096,16384,fp16,-606624264,8.57078,11.57559,1.3506
gfx90a:sramecc+:xnack-,5.2.0.dabb6df2b9,16384,4096,8192,fp16,-606624263,8.45015,9.61400,1.1377
gfx90a:sramecc+:xnack-,5.2.0.dabb6df2b9,32768,4096,4096,fp16,-606603432,9.12295,10.85973,1.1904
gfx90a:sramecc+:xnack-,5.2.0.dabb6df2b9,4096,8192,32768,fp16,-606603386,18.27296,18.84211,1.0311
gfx90a:sramecc+:xnack-,5.2.0.dabb6df2b9,8192,8192,16384,fp16,-606624218,18.53616,18.98284,1.0241
gfx90a:sramecc+:xnack-,5.2.0.dabb6df2b9,16384,8192,8192,fp16,-606624261,16.75622,19.41280,1.1585
gfx90a:sramecc+:xnack-,5.2.0.dabb6df2b9,32768,8192,4096,fp16,-606624263,19.15767,21.72016,1.1338
gfx90a:sramecc+:xnack-,5.2.0.dabb6df2b9,12288,12288,12288,fp16,-606624261,29.66265,34.96111,1.1786
gfx90a:sramecc+:xnack-,5.2.0.dabb6df2b9,2048,16384,65536,fp16,-606603429,38.01744,43.89100,1.1545
gfx90a:sramecc+:xnack-,5.2.0.dabb6df2b9,4096,16384,32768,fp16,-606624260,35.20086,40.39173,1.1475
gfx90a:sramecc+:xnack-,5.2.0.dabb6df2b9,8192,16384,16384,fp16,-606624262,36.36353,39.96006,1.0989
gfx90a:sramecc+:xnack-,5.2.0.dabb6df2b9,16384,16384,8192,fp16,-606624263,34.91222,39.18943,1.1225
gfx90a:sramecc+:xnack-,5.2.0.dabb6df2b9,32768,16384,4096,fp16,-606603430,34.72720,46.62169,1.3425
gfx90a:sramecc+:xnack-,5.2.0.dabb6df2b9,16384,32768,8192,fp16,-606603432,70.95253,88.91352,1.2531
gfx90a:sramecc+:xnack-,5.2.0.dabb6df2b9,32768,32768,4096,fp16,-606624263,72.00089,98.40533,1.3667
gfx90a:sramecc+:xnack-,5.2.0.dabb6df2b9,32768,1024,8192,fp16,-606624161,5.01944,4.63008,0.9224
gfx90a:sramecc+:xnack-,5.2.0.dabb6df2b9,8192,32768,16384,fp16,-606603431,70.12447,176.32013,2.5144
gfx90a:sramecc+:xnack-,5.2.0.dabb6df2b9,2048,32768,65536,fp16,-606624260,77.28326,98.14381,1.2699
gfx90a:sramecc+:xnack-,5.2.0.dabb6df2b9,16384,1024,16384,fp16,-606624180,4.26144,5.93406,1.3925
gfx90a:sramecc+:xnack-,5.2.0.dabb6df2b9,32768,2048,8192,fp16,-606603376,8.50878,10.61982,1.2481
gfx90a:sramecc+:xnack-,5.2.0.dabb6df2b9,4096,32768,32768,fp16,-606603429,71.25748,77.51521,1.0878
gfx90a:sramecc+:xnack-,5.2.0.dabb6df2b9,4096,1024,65536,fp16,-606624181,5.99735,6.28177,1.0474
gfx90a:sramecc+:xnack-,5.2.0.dabb6df2b9,8192,1024,32768,fp16,-606624184,4.51155,5.00931,1.1103
gfx90a:sramecc+:xnack-,5.2.0.dabb6df2b9,16384,2048,16384,fp16,-606603350,8.93507,11.53922,1.2915
gfx90a:sramecc+:xnack-,5.2.0.dabb6df2b9,4096,2048,65536,fp16,-606603350,10.37067,10.52859,1.0152
gfx90a:sramecc+:xnack-,5.2.0.dabb6df2b9,8192,2048,32768,fp16,-606624184,8.88656,9.63997,1.0848
gfx90a:sramecc+:xnack-,5.2.0.dabb6df2b9,32768,4096,8192,fp16,-606603433,17.90897,20.13898,1.1245
gfx90a:sramecc+:xnack-,5.2.0.dabb6df2b9,16384,4096,16384,fp16,-606624181,17.09015,23.36393,1.3671
gfx90a:sramecc+:xnack-,5.2.0.dabb6df2b9,8192,4096,32768,fp16,-606624181,17.23100,19.17114,1.1126
gfx90a:sramecc+:xnack-,5.2.0.dabb6df2b9,4096,4096,65536,fp16,-606603353,20.40892,22.89712,1.1219
gfx90a:sramecc+:xnack-,5.2.0.dabb6df2b9,4096,4096,131072,fp16,-606624179,40.99299,50.49805,1.2319
gfx90a:sramecc+:xnack-,5.2.0.dabb6df2b9,16384,8192,16384,fp16,-606624263,34.35329,38.57942,1.1230
gfx90a:sramecc+:xnack-,5.2.0.dabb6df2b9,8192,8192,32768,fp16,-606624161,38.05799,37.75380,0.9920
gfx90a:sramecc+:xnack-,5.2.0.dabb6df2b9,4096,8192,65536,fp16,-606603429,36.56182,46.46568,1.2709
