M,N,K,dtype,opA,opB,beta,rb_def_ms,rb_best_ms,lt_h0_ms,lt_besth_ms,lt_all_ms,tf_rb_def,tf_rb_best,tf_lt_h0,tf_lt_besth,tf_lt_all,n_rb_sol,n_lt_heur,n_lt_all,n_lt_ok,nrot,reps,clk_drift
7841,75,1,bf16,T,T,0,0.01617,0.00582,0.00607,0.00615,0.00621,0.07,0.20,0.19,0.19,0.19,20,256,1024,3,4,530,1.0180
104,918,8794,fp32,N,T,0,0.07729,0.04575,0.03783,0.03206,0.03295,21.73,36.71,44.38,52.38,50.96,378,256,1024,3,4,129,0.8574
390,1081,3,fp32,N,T,0,0.00689,0.00648,0.00682,0.00684,0.00680,0.37,0.39,0.37,0.37,0.37,204,256,1024,3,4,1052,0.9817
18,2953,10244,fp16,N,T,0,0.34659,0.20296,0.02097,0.02102,0.02101,3.14,5.37,51.92,51.80,51.83,33,256,889,3,4,29,0.9833
12647,2,17,fp32,T,N,0,0.00709,0.00674,0.00689,0.00688,0.00684,0.12,0.13,0.12,0.13,0.13,162,256,1024,3,4,1526,0.9875
246,92,1962,bf16,T,N,0,0.09556,0.04380,0.00824,0.00786,0.00773,0.93,2.03,10.78,11.29,11.49,78,256,1024,3,4,102,1.1474
98,4522,1850,bf16,T,N,0,0.09256,0.05118,0.02088,0.02032,0.02035,17.71,32.04,78.54,80.69,80.56,78,256,1024,3,4,92,0.9667
1131,15131,365,fp32,N,N,0,0.16798,0.15051,0.15459,0.15097,0.14737,74.37,83.00,80.81,82.75,84.77,292,256,1024,3,4,45,0.6991
1924,5419,1016,bf16,T,T,0,0.09689,0.08527,0.08389,0.07039,0.07681,218.66,248.46,252.56,300.97,275.83,20,256,1024,3,4,99,0.9649
65,1564,301,bf16,N,T,0,0.03307,0.02157,0.00725,0.00722,0.00722,1.85,2.84,8.44,8.47,8.48,27,256,889,3,4,283,0.9693
8644,44,9,bf16,N,N,0,0.02567,0.00696,0.00718,0.00718,0.00718,0.27,0.98,0.95,0.95,0.95,17,256,940,3,4,355,1.0106
1,334,514,fp16,N,T,0,0.04069,0.00388,0.00725,0.00724,0.00728,0.01,0.09,0.05,0.05,0.05,28,256,889,3,4,226,0.9671
3819,14,4866,bf16,N,T,0,0.17787,0.10622,0.01311,0.01303,0.01170,2.93,4.90,39.68,39.93,44.47,32,256,889,3,4,54,0.9563
1070,3483,11962,fp32,N,T,0,3.02203,1.06701,0.91410,0.92619,0.91974,29.50,83.56,97.54,96.27,96.94,312,256,1024,3,4,5,0.6726
2,126,9,bf16,T,N,0,0.00734,0.00693,0.00726,0.00726,0.00725,0.00,0.00,0.00,0.00,0.00,3,137,137,3,4,1683,0.9237
8381,6725,11137,fp16,N,N,0,3.30306,2.72802,2.28232,2.28514,2.28786,380.08,460.19,550.06,549.38,548.73,17,256,940,3,4,5,0.7712
11961,29601,13,bf16,N,N,0,1.23155,0.53183,1.00432,0.47222,0.49357,7.47,17.31,9.17,19.49,18.65,17,256,940,3,4,9,0.6102
8471,19445,7757,fp16,N,N,0,7.20661,5.73270,4.69698,4.68118,4.68973,354.60,445.77,544.06,545.90,544.90,17,256,940,3,4,5,0.7326
5,390,5232,fp32,T,T,0,0.09264,0.05359,0.00960,0.00954,0.00985,0.22,0.38,2.13,2.14,2.07,66,256,1024,3,4,106,0.9571
5830,271,27188,bf16,N,T,0,0.96608,0.54578,0.30177,0.24708,0.22218,88.93,157.41,284.68,347.70,386.67,32,256,889,3,4,12,0.7974
8444,8579,10426,bf16,T,T,0,3.04209,2.73602,2.57467,2.48340,2.48678,496.55,552.09,586.69,608.25,607.43,20,256,1024,3,4,5,0.7093
1509,2,24,bf16,T,T,0,0.01502,0.00577,0.00606,0.00606,0.00606,0.01,0.03,0.02,0.02,0.02,20,256,1024,3,4,502,0.9576
4024,4471,4298,fp32,T,T,0,1.72539,1.53647,1.46755,1.40502,1.40724,89.63,100.65,105.38,110.07,109.90,66,256,1024,3,4,6,0.6667
2,16382,332,fp32,N,T,0,0.02919,0.00825,0.00936,0.00892,0.00871,0.75,2.64,2.32,2.44,2.50,411,256,1024,3,4,287,0.9633
542,103,27547,fp16,N,T,0,0.88306,0.51714,0.03171,0.03164,0.03131,3.48,5.95,97.00,97.21,98.23,33,256,889,3,4,12,0.9508
3051,10,18,bf16,N,N,0,0.02602,0.00715,0.00742,0.00737,0.00745,0.04,0.15,0.15,0.15,0.15,17,256,940,3,4,344,0.9982
7178,2661,6836,fp32,T,N,0,4.89222,2.63177,2.47908,2.34287,2.33681,53.38,99.23,105.34,111.46,111.75,296,256,1024,3,4,5,0.6853
2,3,4,fp32,N,T,0,0.00862,0.00778,0.00813,0.00837,0.00847,0.00,0.00,0.00,0.00,0.00,305,256,1024,3,4,1604,0.9538
1504,11,22581,fp16,T,T,0,0.79106,0.76775,0.25645,0.02847,0.02588,0.94,0.97,2.91,26.25,28.87,22,256,1024,3,4,13,0.9574
1,63,1038,fp16,T,N,0,0.01381,0.00676,0.00732,0.00723,0.00726,0.01,0.02,0.02,0.02,0.02,9,32,32,3,4,553,0.9539
4130,6711,2365,fp32,N,N,0,1.41707,1.25490,1.30829,1.20726,1.22209,92.51,104.47,100.21,108.59,107.27,292,256,1024,3,4,7,0.6730
6861,119,24,bf16,T,N,0,0.02679,0.00698,0.00739,0.00754,0.00709,1.46,5.61,5.31,5.20,5.53,69,256,1024,3,4,303,0.9572
310,109,9,bf16,T,T,0,0.01429,0.00695,0.00731,0.00727,0.00732,0.04,0.09,0.08,0.08,0.08,20,256,1024,3,4,611,0.9902
889,412,1103,bf16,N,N,0,0.06346,0.04724,0.01316,0.01136,0.01126,12.73,17.11,61.40,71.14,71.75,23,256,940,3,4,135,1.0084
3095,218,431,bf16,N,N,0,0.04129,0.02726,0.01028,0.00972,0.00949,14.09,21.34,56.59,59.82,61.27,17,256,940,3,4,207,1.0061
27,48,35,fp32,N,T,0,0.00720,0.00657,0.00678,0.00688,0.00686,0.01,0.01,0.01,0.01,0.01,351,256,1024,3,4,1590,0.9510
13683,122,3126,fp16,T,T,0,0.15163,0.12779,0.16799,0.06285,0.05343,68.83,81.67,62.13,166.06,195.34,22,256,1024,3,4,68,0.6608
3,17,233,fp16,N,T,0,0.02967,0.01454,0.00741,0.00733,0.00734,0.00,0.00,0.00,0.00,0.00,27,256,889,3,4,288,0.9381
8,34,39,fp32,N,N,0,0.00711,0.00652,0.00688,0.00689,0.00679,0.00,0.00,0.00,0.00,0.00,364,256,1024,3,4,1597,0.9901
4,30,2,fp32,N,N,0,0.00716,0.00646,0.00684,0.00688,0.00678,0.00,0.00,0.00,0.00,0.00,432,256,1024,3,4,1618,0.9947
5598,4073,13160,fp32,T,T,0,7.20220,6.62663,5.41581,5.42054,5.40668,83.32,90.56,110.81,110.71,110.99,66,256,1024,3,4,5,0.6830
2,19241,7198,fp32,N,N,0,0.51620,0.16488,0.13842,0.14052,0.13525,1.07,3.36,4.00,3.94,4.10,320,256,1024,3,4,19,0.7985
2506,2654,21291,bf16,N,N,0,0.92068,0.90833,0.56298,0.54225,0.54020,307.61,311.79,503.05,522.29,524.27,23,256,940,3,4,10,0.6867
2,5845,2,fp16,T,N,0,0.00713,0.00687,0.00720,0.00709,0.00722,0.01,0.01,0.01,0.01,0.01,4,137,137,3,4,1570,0.9521
739,24939,2775,fp32,N,N,0,1.26766,1.02934,1.00223,0.99269,0.98930,80.69,99.37,102.06,103.04,103.39,292,256,1024,3,4,8,0.6793
262,7821,30041,bf16,T,N,0,1.11816,0.75416,0.39487,0.33326,0.34433,110.10,163.25,311.78,369.42,357.54,79,256,1024,3,4,9,0.7144
1706,48,137,fp32,T,N,0,0.00714,0.00676,0.00699,0.00701,0.00702,3.14,3.32,3.21,3.20,3.20,296,256,1024,3,4,1350,0.9695
981,17736,19,bf16,N,T,0,0.03641,0.03185,0.04342,0.03093,0.02824,18.16,20.76,15.23,21.37,23.41,27,256,889,3,4,273,0.8612
2835,14795,1658,fp16,T,T,0,0.47778,0.50240,1.59162,0.37252,0.33779,291.11,276.84,87.39,373.36,411.75,22,256,1024,3,4,20,0.6748
4995,2737,283,fp16,T,T,0,0.05689,0.04993,0.10938,0.04489,0.05193,136.01,154.96,70.75,172.39,149.00,22,256,1024,3,4,172,0.7933
4133,172,366,bf16,T,T,0,0.03381,0.02779,0.00957,0.00864,0.00864,15.39,18.72,54.39,60.25,60.22,20,256,1024,3,4,251,0.9553
149,667,1268,fp16,N,N,0,0.07485,0.03985,0.00954,0.00894,0.01002,3.37,6.32,26.42,28.19,25.15,22,256,1024,3,4,126,1.0074
18648,5848,1077,fp32,N,N,0,2.35717,2.30220,2.27886,2.21436,2.23096,99.65,102.03,103.08,106.08,105.29,292,256,1024,3,4,5,0.6767
1,4196,6469,fp16,T,T,0,0.31101,0.01940,0.05944,0.01789,0.01759,0.17,2.80,0.91,3.03,3.09,5,51,51,3,4,32,0.9306
340,629,1530,fp32,N,N,0,0.01729,0.01568,0.02010,0.01895,0.01688,37.84,41.74,32.56,34.53,38.77,292,256,1024,3,4,515,0.8525
72,16044,266,bf16,N,T,0,0.03405,0.02265,0.00905,0.00877,0.00890,18.05,27.13,67.91,70.07,69.05,27,256,889,3,4,232,0.9234
287,131,320,fp16,T,N,0,0.02889,0.01505,0.00718,0.00717,0.00723,0.83,1.60,3.35,3.36,3.33,71,256,1024,3,4,321,0.9949
2013,11247,27,fp32,N,T,0,0.04827,0.04806,0.07451,0.05159,0.05046,25.33,25.44,16.41,23.70,24.23,204,256,1024,3,4,178,0.8268
180,9,52,fp16,T,N,0,0.01917,0.00692,0.00728,0.00731,0.00732,0.01,0.02,0.02,0.02,0.02,71,256,1024,3,4,470,0.9701
5463,46,29499,bf16,N,N,0,1.16684,1.05127,0.14405,0.13293,0.12649,12.71,14.10,102.92,111.53,117.21,23,256,940,3,4,9,0.8101
13108,22,31,fp16,N,T,0,0.02422,0.00694,0.00736,0.00731,0.00734,0.74,2.58,2.43,2.45,2.44,27,256,889,3,4,325,0.9925
928,33,2299,fp16,N,N,0,0.11351,0.06744,0.01063,0.00903,0.01006,1.24,2.09,13.24,15.60,14.00,22,256,1024,3,4,83,1.0100
4347,84,177,fp16,T,T,0,0.02415,0.00982,0.00706,0.00734,0.00719,5.35,13.16,18.30,17.61,17.98,22,256,1024,3,4,329,1.0107
1286,584,54,fp16,N,N,0,0.02534,0.00828,0.00728,0.00737,0.00733,3.20,9.79,11.14,11.01,11.06,17,256,940,3,4,358,1.0096
10848,701,522,fp32,T,N,0,0.12632,0.09323,0.10334,0.10405,0.09906,62.85,85.16,76.82,76.30,80.14,296,256,1024,3,4,56,0.7515
527,216,30,fp32,N,T,0,0.00694,0.00669,0.00682,0.00687,0.00684,0.98,1.02,1.00,0.99,1.00,207,256,1024,3,4,1360,0.9742
56,62,80,fp32,N,N,0,0.00585,0.00567,0.00587,0.00585,0.00570,0.09,0.10,0.09,0.10,0.10,378,256,1024,3,4,1460,0.9739
16,1606,1,bf16,N,N,0,0.02470,0.00698,0.00729,0.00735,0.00730,0.00,0.01,0.01,0.01,0.01,17,256,940,3,4,389,1.0011
17998,5336,5444,fp16,T,T,0,2.14828,2.14495,11.41917,1.99406,1.92956,486.74,487.50,91.57,524.38,541.91,22,256,1024,3,4,5,0.7261
2641,788,331,fp16,N,N,0,0.03908,0.02473,0.01428,0.01424,0.01418,35.26,55.70,96.50,96.73,97.14,17,256,1024,3,4,227,0.9328
6662,3554,8367,bf16,T,T,0,1.07632,1.09216,0.66302,0.72447,0.70823,368.11,362.77,597.58,546.89,559.43,20,256,1024,3,4,9,0.6964
5750,46,2,fp16,T,N,0,0.01742,0.00581,0.00609,0.00601,0.00601,0.06,0.18,0.17,0.18,0.18,71,256,1024,3,4,508,0.9518
2909,140,2265,fp32,N,N,0,0.04636,0.03752,0.03533,0.03529,0.03962,39.79,49.17,52.22,52.28,46.57,310,256,1024,3,4,204,0.7498
15050,16,598,fp32,N,T,0,0.01918,0.01415,0.01294,0.01364,0.01281,15.01,20.35,22.26,21.11,22.48,408,256,1024,3,4,513,0.9292
9923,342,29592,bf16,N,T,0,1.11755,0.70759,0.52541,0.46838,0.45918,179.72,283.85,382.27,428.82,437.41,32,256,889,3,4,10,0.7010
1,15,2,fp32,T,T,0,0.00599,0.00287,0.00602,0.00602,0.00604,0.00,0.00,0.00,0.00,0.00,21,89,89,3,4,1611,0.9605
24874,15330,583,fp32,N,N,0,4.88315,4.29046,4.34664,4.33389,4.38519,91.05,103.63,102.29,102.59,101.39,292,256,1024,3,4,5,0.6696
1205,89,12,bf16,T,T,0,0.01433,0.00704,0.00740,0.00730,0.00733,0.18,0.37,0.35,0.35,0.35,20,256,1024,3,4,523,0.9524
6877,1707,8038,fp32,N,N,0,2.09343,1.91406,1.77421,1.77521,1.79093,90.15,98.59,106.37,106.31,105.37,292,256,1024,3,4,5,0.6779
4,54,157,bf16,T,T,0,0.00962,0.00932,0.00730,0.00723,0.00716,0.01,0.01,0.01,0.01,0.01,4,256,338,3,4,871,0.9383
3200,534,157,fp16,N,T,0,0.03263,0.01992,0.01107,0.00890,0.00897,16.44,26.94,48.45,60.26,59.85,27,256,889,3,4,279,0.9987
89,58,767,bf16,T,N,0,0.05162,0.02807,0.00737,0.00717,0.00734,0.15,0.28,1.07,1.10,1.08,69,256,1024,3,4,164,0.9868
1943,9201,12077,fp16,N,N,0,1.11880,0.99748,0.85910,0.83696,0.81732,385.96,432.91,502.64,515.93,528.33,17,256,940,3,4,8,0.7415
110,4,9926,bf16,T,T,0,0.35357,0.34459,0.00861,0.00843,0.00856,0.02,0.03,1.01,1.04,1.02,20,256,1024,3,4,29,0.9487
22544,15892,7256,bf16,N,N,0,14.65395,10.30008,8.68319,8.65749,8.64422,354.80,504.77,598.77,600.54,601.47,17,256,940,3,4,5,0.7325
5547,1228,2777,fp16,N,N,0,0.15220,0.14008,0.11657,0.10571,0.11295,248.57,270.07,324.55,357.89,334.95,22,256,1024,3,4,66,0.6210
2669,31041,1707,fp32,T,N,0,2.97899,2.77834,2.70088,2.64358,2.65188,94.95,101.80,104.72,106.99,106.66,296,256,1024,3,4,5,0.6202
2283,11,4,fp32,T,T,0,0.00706,0.00670,0.00724,0.00727,0.00686,0.03,0.03,0.03,0.03,0.03,66,256,1024,3,4,1460,0.9472
960,172,11369,fp16,T,N,0,0.40964,0.23662,0.03223,0.03172,0.03387,9.17,15.87,116.49,118.37,110.85,78,256,1024,3,4,25,0.9392
99,26,24,bf16,T,T,0,0.01427,0.00692,0.00738,0.00729,0.00730,0.01,0.02,0.02,0.02,0.02,20,256,1024,3,4,586,0.9509
6438,1313,25,bf16,N,N,0,0.03055,0.02070,0.02837,0.02154,0.01966,13.84,20.42,14.90,19.62,21.50,17,256,940,3,4,268,0.9316
3,8,11,fp32,N,N,0,0.00701,0.00651,0.00690,0.00687,0.00687,0.00,0.00,0.00,0.00,0.00,400,256,1024,3,4,1680,0.9400
35,4048,43,fp16,T,T,0,0.01646,0.00699,0.00708,0.00710,0.00721,0.74,1.74,1.72,1.72,1.69,22,256,1024,3,4,467,1.0034
4754,2387,4689,fp16,N,T,0,0.28552,0.28237,0.22441,0.22460,0.22167,372.73,376.88,474.22,473.81,480.09,27,256,889,3,4,29,0.6796
5,1161,23699,fp32,N,T,0,0.03969,0.03891,0.03744,0.03757,0.04040,6.93,7.07,7.35,7.32,6.81,368,256,1024,3,4,197,0.6965
4221,2901,6992,fp16,N,T,0,0.50957,0.42610,0.33825,0.32119,0.32951,336.04,401.87,506.24,533.13,519.66,27,256,889,3,4,20,0.7245
2802,1,85,fp32,N,T,0,0.00710,0.00390,0.00704,0.00699,0.00698,0.07,0.12,0.07,0.07,0.07,327,256,1024,3,4,1303,0.9617
10,1394,6,fp16,N,T,0,0.02206,0.00708,0.00739,0.00734,0.00736,0.01,0.02,0.02,0.02,0.02,27,256,889,3,4,412,0.9856
22,32,6,fp32,N,N,0,0.00716,0.00650,0.00689,0.00689,0.00686,0.00,0.00,0.00,0.00,0.00,382,256,1024,3,4,1657,0.9599
7591,1,27,fp16,N,N,0,0.00721,0.00652,0.00724,0.00732,0.00732,0.06,0.06,0.06,0.06,0.06,2,10,10,3,4,1180,0.9918
32334,72,190,fp32,N,T,0,0.03228,0.02198,0.02118,0.02049,0.02224,27.41,40.24,41.76,43.17,39.79,407,256,1024,3,4,330,0.9160
6417,1169,87,fp16,N,T,0,0.03335,0.02209,0.02435,0.02035,0.02028,39.14,59.08,53.60,64.13,64.36,27,256,889,3,4,244,0.9566
11355,18671,1506,bf16,N,T,0,1.65033,1.56375,1.48698,1.35724,1.34842,386.94,408.36,429.44,470.49,473.57,27,256,889,3,4,6,0.6716
782,901,48,fp16,T,N,0,0.02222,0.00751,0.00739,0.00738,0.00724,3.04,9.00,9.15,9.17,9.35,71,256,1024,3,4,356,0.9652
14064,3314,11028,fp16,T,T,0,2.08915,2.06295,11.29431,1.91728,1.82517,492.06,498.31,91.02,536.17,563.23,22,256,1024,3,4,5,0.7604
9807,13954,35,fp32,N,N,0,0.43096,0.22594,0.26145,0.24016,0.24767,22.23,42.40,36.64,39.89,38.68,264,256,1024,3,4,22,0.7145
13250,820,1695,fp16,N,T,0,0.13838,0.14542,0.10228,0.10579,0.11437,266.17,253.28,360.11,348.16,322.05,33,256,889,3,4,58,0.6381
337,10,5299,fp16,T,N,0,0.19920,0.05110,0.00994,0.00947,0.00920,0.18,0.70,3.59,3.77,3.88,78,256,1024,3,4,48,0.9935
159,1785,4877,fp16,N,N,0,0.16273,0.16309,0.02961,0.02865,0.02938,17.01,16.97,93.48,96.63,94.23,22,256,1024,3,4,60,0.9908
167,26936,31,fp16,T,N,0,0.01615,0.01489,0.02026,0.01285,0.01186,17.27,18.73,13.76,21.71,23.51,71,256,1024,3,4,495,0.9233
90,15055,3,fp16,T,N,0,0.02425,0.00695,0.00850,0.00785,0.00734,0.34,1.17,0.96,1.04,1.11,71,256,1024,3,4,386,1.0043
21533,13,7,bf16,T,N,0,0.01936,0.00694,0.00744,0.00724,0.00726,0.20,0.56,0.53,0.54,0.54,69,256,1024,3,4,466,0.9994
2831,8614,1686,bf16,T,N,0,0.22063,0.20098,0.26263,0.22108,0.19549,372.71,409.14,313.11,371.95,420.63,69,256,1024,3,4,38,0.6640
180,1,29290,bf16,N,T,0,0.93216,0.03048,0.01136,0.01146,0.01143,0.01,0.35,0.93,0.92,0.92,33,256,889,3,4,11,0.9500
1448,9859,436,bf16,T,N,0,0.08089,0.06355,0.07900,0.06484,0.05779,153.89,195.89,157.58,191.97,215.41,69,256,1024,3,4,119,0.6235
69,65,3,fp32,T,T,0,0.00701,0.00673,0.00721,0.00722,0.00679,0.00,0.00,0.00,0.00,0.00,66,256,1024,3,4,1108,1.0188
12,19,1349,fp32,T,N,0,0.01092,0.00933,0.00708,0.00710,0.00711,0.06,0.07,0.09,0.09,0.09,342,256,1024,3,4,763,0.9924
