M,N,K,dtype,opA,opB,nsol,best_sol,best_ms,def_ms,gain,nrot,reps,ach_gbs,cache_flag,clk_drift
239,154,147,fp16,N,N,17,-170,0.01218,0.03159,2.5926,4,297,21.6,0,0.9788
3850,546,2853,fp16,N,N,22,-621294406,0.10179,0.12376,1.2158,4,75,329.0,0,1.0129
149,667,1268,fp16,N,N,22,-171,0.03984,0.07457,1.8717,4,120,61.9,0,0.9921
2641,788,331,fp16,N,N,17,-621294410,0.02472,0.03888,1.5728,4,232,428.6,0,1.0087
159,1785,4877,fp16,N,N,22,-171,0.16204,0.16174,0.9982,4,58,124.0,0,1.0294
8511,161,24314,fp16,N,N,22,-621294410,0.88123,0.87052,0.9878,4,12,484.8,0,1.0369
12944,708,24023,fp16,N,N,22,-621294416,1.22566,1.31609,1.0738,4,7,565.1,0,0.6500
13397,5344,521,fp16,N,N,17,-621294408,0.26120,0.29103,1.1142,4,31,1171.1,0,0.6524
407,18635,591,fp16,N,N,17,-621294410,0.05033,0.05534,1.0995,4,160,1050.0,0,0.9905
660,132,20045,fp16,N,N,22,-171,0.54734,0.60340,1.1024,4,17,58.6,0,0.9726
28191,342,548,fp16,N,N,17,-621294408,0.06519,0.07471,1.1461,4,126,1071.3,0,0.6470
7915,187,1057,fp16,N,N,22,-621294410,0.04692,0.06828,1.4554,4,127,491.2,0,1.0854
490,4993,1305,fp16,N,N,22,-621294410,0.05433,0.07966,1.4661,4,114,443.5,0,1.0007
614,943,15203,fp16,N,N,22,-621294411,0.46314,0.46309,0.9999,4,22,107.2,0,0.9862
804,21161,19972,fp16,N,N,17,-621294403,1.83675,1.85187,1.0082,4,6,514.7,0,0.9045
240,503,360,fp16,N,N,17,-170,0.02428,0.03895,1.6041,4,234,41.9,0,0.9968
4483,916,12551,fp16,N,N,22,-621294414,0.50764,0.50814,1.0010,4,20,299.3,0,0.8958
17055,928,3591,fp16,N,N,17,-621294412,0.27977,0.27728,0.9911,4,26,687.9,0,0.7588
9449,665,3396,fp16,N,N,22,-621294410,0.16332,0.18886,1.1563,4,46,574.5,0,0.6470
2078,141,17901,fp16,N,N,22,-621294410,0.68181,0.68179,1.0000,4,15,118.2,0,0.9887
13530,358,11759,fp16,N,N,22,-621294413,0.52217,0.52188,0.9994,4,17,662.6,0,0.7309
271,459,2644,fp16,N,N,22,-171,0.07398,0.12733,1.7210,4,69,58.9,0,1.0088
4566,1757,910,fp16,N,N,22,-621294410,0.06422,0.07962,1.2398,4,128,678.9,0,0.8015
163,146,480,fp16,N,N,17,-621294410,0.02676,0.03784,1.4141,4,223,14.6,0,1.2492
3952,877,4278,fp16,N,N,22,-621294403,0.15566,0.19391,1.2457,4,48,354.5,0,0.9233
344,1600,26541,fp16,N,N,22,-621294412,0.90833,0.99092,1.0909,4,11,116.0,0,1.0042
1880,192,5159,fp16,N,N,22,-621294410,0.16511,0.19589,1.1864,4,49,138.2,0,0.9614
1498,183,23114,fp16,N,N,22,-621294409,0.85072,0.84681,0.9954,4,12,92.6,0,0.9853
772,869,1937,fp16,N,N,22,-621294410,0.07234,0.10066,1.3915,4,88,125.0,0,1.0260
148,1363,190,fp16,N,N,17,-170,0.01462,0.03310,2.2639,4,279,94.5,0,1.0262
139,10766,567,fp16,N,N,17,-621294410,0.03248,0.04566,1.4060,4,183,565.1,0,1.0270
678,412,277,fp16,N,N,17,-170,0.01936,0.03695,1.9086,4,225,88.9,0,1.0288
214,761,3307,fp16,N,N,22,-171,0.09768,0.15444,1.5810,4,60,72.7,0,0.9829
745,1019,160,fp16,N,N,17,-170,0.01657,0.02906,1.7536,4,316,217.3,0,0.9934
2026,13129,236,fp16,N,N,17,-621294409,0.08705,0.08948,1.0279,4,107,1304.4,0,0.8358
140,6203,275,fp16,N,N,17,-621294410,0.02269,0.03717,1.6384,4,218,306.9,0,1.0054
18699,32355,256,fp16,N,N,17,-621294416,1.42315,1.43253,1.0066,4,7,1718.8,0,0.6409
631,3289,583,fp16,N,N,17,-621294410,0.03389,0.04948,1.4598,4,168,379.8,0,1.0036
5068,638,4194,fp16,N,N,22,-621294405,0.15400,0.17113,1.1113,4,52,394.8,0,1.0014
1494,587,9791,fp16,N,N,22,-621294410,0.32522,0.40382,1.2417,4,25,136.1,0,0.9954
2770,543,3688,fp16,N,N,22,-621294410,0.12388,0.16662,1.3450,4,58,245.8,0,1.0014
10133,149,259,fp16,N,N,17,-621294405,0.02401,0.03900,1.6241,4,237,473.3,0,1.0067
4849,858,1452,fp16,N,N,22,-621294405,0.06510,0.08007,1.2300,4,116,510.2,0,0.9151
195,5830,1641,fp16,N,N,22,-621294410,0.06418,0.08165,1.2724,4,104,379.0,0,0.9987
922,4555,714,fp16,N,N,17,-621294405,0.04144,0.05765,1.3914,4,156,594.2,0,0.9173
2953,824,586,fp16,N,N,17,-621294411,0.03076,0.04479,1.4563,4,181,460.4,0,1.0073
233,205,210,fp16,N,N,17,-170,0.01523,0.03467,2.2766,4,274,24.6,0,0.9954
180,2043,3289,fp16,N,N,22,-621294411,0.11406,0.15570,1.3651,4,61,141.1,0,1.0250
300,237,202,fp16,N,N,17,-170,0.01488,0.03404,2.2873,4,248,33.7,0,0.9795
979,1344,197,fp16,N,N,17,-621294411,0.01829,0.03029,1.6557,4,276,337.8,0,1.0140
10794,30348,706,fp16,N,N,17,-621294412,1.40198,1.52015,1.0843,4,7,976.0,0,0.7300
11375,263,6987,fp16,N,N,22,-621294405,0.30111,0.32980,1.0953,4,28,579.8,0,0.8126
180,157,1555,fp16,N,N,22,-171,0.04485,0.08613,1.9203,4,97,25.9,0,1.1037
148,6102,1802,fp16,N,N,22,-621294410,0.06915,0.08718,1.2606,4,99,378.0,0,1.0069
28299,3252,162,fp16,N,N,17,-621294408,0.19555,0.23047,1.1786,4,43,1934.7,0,0.6217
318,555,341,fp16,N,N,17,-170,0.02335,0.03955,1.6940,4,240,55.7,0,0.9873
146,2394,984,fp16,N,N,22,-171,0.04177,0.05854,1.4016,4,159,153.1,0,0.9959
229,7268,10942,fp16,N,N,22,-621294412,0.39497,0.40834,1.0338,4,24,432.2,0,1.0176
657,695,2219,fp16,N,N,22,-621294410,0.08097,0.11250,1.3894,4,78,96.7,0,0.9827
27044,5130,388,fp16,N,N,17,-621294408,0.43000,0.48361,1.1247,4,21,1348.6,0,0.6776
554,3245,632,fp16,N,N,17,-621294405,0.03482,0.05265,1.5120,4,165,344.4,0,1.0792
138,748,11667,fp16,N,N,22,-171,0.32139,0.35759,1.1126,4,28,65.6,0,0.9964
189,6448,595,fp16,N,N,17,-621294403,0.03081,0.04512,1.4645,4,190,414.6,0,1.0074
617,9441,8668,fp16,N,N,22,-621294409,0.40942,0.41487,1.0133,4,24,482.8,0,0.6404
2919,742,14799,fp16,N,N,22,-621294407,0.52334,0.51876,0.9913,4,18,223.6,0,0.9906
2682,218,6314,fp16,N,N,22,-621294406,0.20213,0.23725,1.1737,4,40,192.7,0,1.1693
184,2935,259,fp16,N,N,17,-621294410,0.02229,0.03668,1.6453,4,251,169.4,0,0.9832
1518,191,9569,fp16,N,N,22,-621294410,0.29673,0.39273,1.3235,4,26,114.1,0,1.0056
22470,508,5716,fp16,N,N,17,-621294414,0.33952,0.34098,1.0043,4,29,908.2,0,0.6649
6460,255,7674,fp16,N,N,22,-621294408,0.29775,0.32305,1.0850,4,31,368.3,0,1.0000
387,9164,377,fp16,N,N,17,-621294410,0.02801,0.04298,1.5343,4,201,763.5,0,1.0063
316,3942,3062,fp16,N,N,22,-621294410,0.10556,0.13068,1.2380,4,69,294.2,0,1.0005
954,11193,4145,fp16,N,N,22,-621294415,0.29175,0.30868,1.0580,4,27,491.6,0,0.6978
995,22025,8902,fp16,N,N,17,-621294412,1.41146,1.47409,1.0444,4,7,352.5,0,0.6524
1970,196,3139,fp16,N,N,22,-621294410,0.10712,0.12951,1.2090,4,65,141.4,0,1.2777
190,3084,6050,fp16,N,N,22,-621294406,0.19293,0.22410,1.1616,4,43,217.5,0,1.0103
1833,217,2136,fp16,N,N,22,-621294410,0.07778,0.10811,1.3900,4,86,133.1,0,0.9938
31983,601,145,fp16,N,N,17,-621294406,0.06205,0.07782,1.2541,4,126,1391.4,0,0.9379
22734,643,9504,fp16,N,N,17,-621294415,0.71204,0.70683,0.9927,4,14,706.2,0,0.8083
226,219,434,fp16,N,N,17,-621294406,0.02719,0.04305,1.5829,4,197,21.5,0,0.9879
5525,246,3721,fp16,N,N,22,-621294410,0.12985,0.15172,1.1684,4,58,372.6,0,1.0134
5690,855,3297,fp16,N,N,22,-621294409,0.14242,0.17343,1.2177,4,54,439.7,0,0.7778
677,411,8594,fp16,N,N,22,-621294410,0.26775,0.35103,1.3111,4,28,74.0,0,0.9905
5977,9056,213,fp16,N,N,17,-621294410,0.11478,0.12440,1.0838,4,73,1942.0,0,0.6539
2078,7511,538,fp16,N,N,17,-621294408,0.07037,0.08115,1.1533,4,107,1033.9,0,0.6400
21154,163,6884,fp16,N,N,22,-621294405,0.27909,0.32433,1.1621,4,28,1101.0,0,0.7865
12339,1835,565,fp16,N,N,17,-621294408,0.13367,0.15304,1.1449,4,64,797.4,0,0.6329
147,1734,4718,fp16,N,N,22,-171,0.15295,0.15381,1.0056,4,57,122.7,0,1.0425
167,455,1685,fp16,N,N,22,-171,0.05014,0.09006,1.7963,4,93,47.9,0,0.9746
140,2653,9940,fp16,N,N,22,-621294406,0.30741,0.30741,1.0000,4,33,185.5,0,1.0197
13198,580,1816,fp16,N,N,22,-621294412,0.13874,0.11869,0.8555,4,66,581.4,0,0.8098
1444,2788,1016,fp16,N,N,22,-621294411,0.04869,0.06639,1.3637,4,135,507.4,0,1.1018
735,2182,15132,fp16,N,N,22,-621294412,0.53173,0.52842,0.9938,4,18,178.1,0,0.9978
484,128,29438,fp16,N,N,22,-171,0.80311,0.87505,1.0896,4,12,45.2,0,0.9766
