version,M,N,K,dtype,opA,opB,kernel
6.3.4,92,167,17672,fp32,N,T,MT256x256x32_MI32x32x2x1_SN_1LDSB1_APM1_ABV0_ACED0_AF0EM1_AF1EM1_AMAS3_ASE_ASGT_ASLT_ASM_ASAE01_ASCE01_ASEM1_AAC0_BL1_BS1_CLR0_DTLA0_DTLB0_DTVA0_DTVB0_DVO0_ETSP_EPS1_ELFLR0_EMLL0_FSSC10_FL0_GLVWA4_GLVWB4_GRCGA1_GRCGB1_GRPM1_GRVW4_GSU1
6.3.4,697,174,30162,fp32,N,T,MT256x256x32_MI32x32x2x1_SN_1LDSB1_APM1_ABV0_ACED0_AF0EM1_AF1EM1_AMAS3_ASE_ASGT_ASLT_ASM_ASAE01_ASCE01_ASEM1_AAC0_BL1_BS1_CLR0_DTLA0_DTLB0_DTVA0_DTVB0_DVO0_ETSP_EPS1_ELFLR0_EMLL0_FSSC10_FL0_GLVWA4_GLVWB4_GRCGA1_GRCGB1_GRPM1_GRVW4_GSU1
6.3.4,523,249,26152,fp32,N,T,MT256x256x32_MI32x32x2x1_SN_1LDSB1_APM1_ABV0_ACED0_AF0EM1_AF1EM1_AMAS3_ASE_ASGT_ASLT_ASM_ASAE01_ASCE01_ASEM1_AAC0_BL1_BS1_CLR0_DTLA0_DTLB0_DTVA0_DTVB0_DVO0_ETSP_EPS1_ELFLR0_EMLL0_FSSC10_FL0_GLVWA4_GLVWB4_GRCGA1_GRCGB1_GRPM1_GRVW4_GSU1
6.3.4,474,414,12849,fp32,N,T,MT256x256x32_MI32x32x2x1_SN_1LDSB1_APM1_ABV0_ACED0_AF0EM1_AF1EM1_AMAS3_ASE_ASGT_ASLT_ASM_ASAE01_ASCE01_ASEM1_AAC0_BL1_BS1_CLR0_DTLA0_DTLB0_DTVA0_DTVB0_DVO0_ETSP_EPS1_ELFLR0_EMLL0_FSSC10_FL0_GLVWA4_GLVWB4_GRCGA1_GRCGB1_GRPM1_GRVW4_GSU1
6.3.4,1,194,1081,bf16,T,T,MT16x16x16
6.3.4,1,79,8445,fp32,T,T,MT64x64x16_MI32x32x2x1_SN_1LDSB1_APM1_ABV0_ACED0_AF0EM1_AF1EM1_AMAS0_ASE_ASGT_ASLT_ASM_ASAE01_ASCE01_ASEM1_AAC0_BL1_BS1_CLR0_DTLA0_DTLB0_DTVA0_DTVB0_DVO0_ETSP_EPS1_ELFLR0_EMLL0_FSSC10_FL0_GLVWA1_GLVWB1_GRCGA1_GRCGB1_GRPM1_GRVW1_GSU1
6.3.4,43,1,2092,fp16,N,T,MT256x256x32_MI32x32x8x1_SN_1LDSB1_APM1_ABV0_ACED0_AF0EM1_AF1EM1_AMAS3_ASE_ASGT_ASLT_ASM_ASAE01_ASCE01_ASEM1_AAC0_BL1_BS1_CLR0_DTLA0_DTLB0_DTVA0_DTVB0_DVO0_ETSP_EPS1_ELFLR0_EMLL0_FSSC10_FL0_GLVWA8_GLVWB8_GRCGA1_GRCGB1_GRPM1_GRVW8_GSU1
6.3.4,1496,398,31866,fp32,N,T,MT256x256x32_MI32x32x2x1_SN_1LDSB1_APM1_ABV0_ACED0_AF0EM1_AF1EM1_AMAS3_ASE_ASGT_ASLT_ASM_ASAE01_ASCE01_ASEM1_AAC0_BL1_BS1_CLR0_DTLA0_DTLB0_DTVA0_DTVB0_DVO0_ETSP_EPS1_ELFLR0_EMLL0_FSSC10_FL0_GLVWA4_GLVWB4_GRCGA1_GRCGB1_GRPM1_GRVW4_GSU1
6.3.4,12,14,13995,fp16,T,N,MT256x128x16_MI32x32x8x1_SN_1LDSB1_APM1_ABV0_ACED0_AF0EM1_AF1EM1_AMAS3_ASE_ASGT_ASLT_ASM_ASAE01_ASCE01_ASEM1_AAC0_BL1_BS1_CLR0_DTLA0_DTLB0_DTVA0_DTVB0_DVO0_ETSP_EPS1_ELFLR0_EMLL0_FSSC10_FL0_GLVWA8_GLVWB8_GRCGA1_GRCGB1_GRPM1_GRVW8_GSU1
6.3.4,51,4,18172,fp16,T,N,MT256x256x16_MI32x32x8x1_SN_1LDSB0_APM1_ABV0_ACED0_AF0EM1_AF1EM1_AMAS3_ASE_ASGT_ASLT_ASM_ASAE01_ASCE01_ASEM1_AAC0_BL1_BS1_CLR1_DTLA0_DTLB0_DTVA0_DTVB0_DVO0_ETSP_EPS1_ELFLR0_EMLL0_FSSC10_FL0_GLVWA4_GLVWB4_GRCGA1_GRCGB1_GRPM1_GRVW4_GSU1
6.3.4,1,4196,6469,fp16,T,T,MT32x32x16
6.3.4,1206,11,14563,fp32,N,N,MT128x128x16_MI16x16x4x1_SN_1LDSB0_APM1_ABV0_ACED0_AF0EM1_AF1EM1_AMAS3_ASE_ASGT_ASLT_ASM_ASAE01_ASCE01_ASEM1_AAC0_BL1_BS1_CLR0_DTLA0_DTLB0_DTVA0_DTVB0_DVO0_ETSP_EPS1_ELFLR0_EMLL0_FSSC10_FL0_GLVWA4_GLVWB4_GRCGA1_GRCGB1_GRPM1_GRVW4_GSU1
6.4.4,92,167,17672,fp32,N,T,MT256x256x32_MI32x32x2x1_SN_1LDSB1_APM1_ABV0_ACED0_AF0EM1_AF1EM1_AMAS3_ASE_ASGT_ASLT_ASM_ASAE01_ASCE01_ASEM1_AAC0_BL1_BS1_CLR0_DTLA0_DTLB0_DTVA0_DTVB0_DVO0_ETSP_EPS1_ELFLR0_EMLL0_FSSC10_FL0_GLVWA4_GLVWB4_GRCGA1_GRCGB1_GRPM1_GRVW4_GSU1
6.4.4,697,174,30162,fp32,N,T,MT256x256x32_MI32x32x2x1_SN_1LDSB1_APM1_ABV0_ACED0_AF0EM1_AF1EM1_AMAS3_ASE_ASGT_ASLT_ASM_ASAE01_ASCE01_ASEM1_AAC0_BL1_BS1_CLR0_DTLA0_DTLB0_DTVA0_DTVB0_DVO0_ETSP_EPS1_ELFLR0_EMLL0_FSSC10_FL0_GLVWA4_GLVWB4_GRCGA1_GRCGB1_GRPM1_GRVW4_GSU1
6.4.4,523,249,26152,fp32,N,T,MT256x256x32_MI32x32x2x1_SN_1LDSB1_APM1_ABV0_ACED0_AF0EM1_AF1EM1_AMAS3_ASE_ASGT_ASLT_ASM_ASAE01_ASCE01_ASEM1_AAC0_BL1_BS1_CLR0_DTLA0_DTLB0_DTVA0_DTVB0_DVO0_ETSP_EPS1_ELFLR0_EMLL0_FSSC10_FL0_GLVWA4_GLVWB4_GRCGA1_GRCGB1_GRPM1_GRVW4_GSU1
6.4.4,474,414,12849,fp32,N,T,MT256x256x32_MI32x32x2x1_SN_1LDSB1_APM1_ABV0_ACED0_AF0EM1_AF1EM1_AMAS3_ASE_ASGT_ASLT_ASM_ASAE01_ASCE01_ASEM1_AAC0_BL1_BS1_CLR0_DTLA0_DTLB0_DTVA0_DTVB0_DVO0_ETSP_EPS1_ELFLR0_EMLL0_FSSC10_FL0_GLVWA4_GLVWB4_GRCGA1_GRCGB1_GRPM1_GRVW4_GSU1
6.4.4,1,194,1081,bf16,T,T,MT16x16x16
6.4.4,1,79,8445,fp32,T,T,MT64x64x16_MI32x32x2x1_SN_1LDSB1_APM1_ABV0_ACED0_AF0EM1_AF1EM1_AMAS0_ASE_ASGT_ASLT_ASM_ASAE01_ASCE01_ASEM1_AAC0_BL1_BS1_CLR0_DTLA0_DTLB0_DTVA0_DTVB0_DVO0_ETSP_EPS1_ELFLR0_EMLL0_FSSC10_FL0_GLVWA1_GLVWB1_GRCGA1_GRCGB1_GRPM1_GRVW1_GSU1
6.4.4,43,1,2092,fp16,N,T,MT256x256x32_MI32x32x8x1_SN_1LDSB1_APM1_ABV0_ACED0_AF0EM1_AF1EM1_AMAS3_ASE_ASGT_ASLT_ASM_ASAE01_ASCE01_ASEM1_AAC0_BL1_BS1_CLR0_DTLA0_DTLB0_DTVA0_DTVB0_DVO0_ETSP_EPS1_ELFLR0_EMLL0_FSSC10_FL0_GLVWA8_GLVWB8_GRCGA1_GRCGB1_GRPM1_GRVW8_GSU1
6.4.4,1496,398,31866,fp32,N,T,MT256x256x32_MI32x32x2x1_SN_1LDSB1_APM1_ABV0_ACED0_AF0EM1_AF1EM1_AMAS3_ASE_ASGT_ASLT_ASM_ASAE01_ASCE01_ASEM1_AAC0_BL1_BS1_CLR0_DTLA0_DTLB0_DTVA0_DTVB0_DVO0_ETSP_EPS1_ELFLR0_EMLL0_FSSC10_FL0_GLVWA4_GLVWB4_GRCGA1_GRCGB1_GRPM1_GRVW4_GSU1
6.4.4,12,14,13995,fp16,T,N,MT256x128x16_MI32x32x8x1_SN_1LDSB1_APM1_ABV0_ACED0_AF0EM1_AF1EM1_AMAS3_ASE_ASGT_ASLT_ASM_ASAE01_ASCE01_ASEM1_AAC0_BL1_BS1_CLR0_DTLA0_DTLB0_DTVA0_DTVB0_DVO0_ETSP_EPS1_ELFLR0_EMLL0_FSSC10_FL0_GLVWA8_GLVWB8_GRCGA1_GRCGB1_GRPM1_GRVW8_GSU1
6.4.4,51,4,18172,fp16,T,N,MT256x256x16_MI32x32x8x1_SN_1LDSB0_APM1_ABV0_ACED0_AF0EM1_AF1EM1_AMAS3_ASE_ASGT_ASLT_ASM_ASAE01_ASCE01_ASEM1_AAC0_BL1_BS1_CLR1_DTLA0_DTLB0_DTVA0_DTVB0_DVO0_ETSP_EPS1_ELFLR0_EMLL0_FSSC10_FL0_GLVWA4_GLVWB4_GRCGA1_GRCGB1_GRPM1_GRVW4_GSU1
6.4.4,1,4196,6469,fp16,T,T,MT32x32x16
6.4.4,1206,11,14563,fp32,N,N,MT128x128x16_MI16x16x4x1_SN_1LDSB0_APM1_ABV0_ACED0_AF0EM1_AF1EM1_AMAS3_ASE_ASGT_ASLT_ASM_ASAE01_ASCE01_ASEM1_AAC0_BL1_BS1_CLR0_DTLA0_DTLB0_DTVA0_DTVB0_DVO0_ETSP_EPS1_ELFLR0_EMLL0_FSSC10_FL0_GLVWA4_GLVWB4_GRCGA1_GRCGB1_GRPM1_GRVW4_GSU1
7.0.3,92,167,17672,fp32,N,T,MT256x256x32_MI32x32x2x1_SN_1LDSB1_APM1_ABV0_ACED0_AF0EM1_AF1EM1_AMAS3_ASE_ASGT_ASLT_ASM_ASAE01_ASCE01_ASEM1_AAC0_BL1_BS1_CLR0_DTLA0_DTLB0_DTVA0_DTVB0_DVO0_ETSP_EPS1_ELFLR0_EMLL0_FSSC10_FL0_GLVWA4_GLVWB4_GRCGA1_GRCGB1_GRPM1_GRVW4_GSU1
7.0.3,697,174,30162,fp32,N,T,MT256x256x32_MI32x32x2x1_SN_1LDSB1_APM1_ABV0_ACED0_AF0EM1_AF1EM1_AMAS3_ASE_ASGT_ASLT_ASM_ASAE01_ASCE01_ASEM1_AAC0_BL1_BS1_CLR0_DTLA0_DTLB0_DTVA0_DTVB0_DVO0_ETSP_EPS1_ELFLR0_EMLL0_FSSC10_FL0_GLVWA4_GLVWB4_GRCGA1_GRCGB1_GRPM1_GRVW4_GSU1
7.0.3,523,249,26152,fp32,N,T,MT256x256x32_MI32x32x2x1_SN_1LDSB1_APM1_ABV0_ACED0_AF0EM1_AF1EM1_AMAS3_ASE_ASGT_ASLT_ASM_ASAE01_ASCE01_ASEM1_AAC0_BL1_BS1_CLR0_DTLA0_DTLB0_DTVA0_DTVB0_DVO0_ETSP_EPS1_ELFLR0_EMLL0_FSSC10_FL0_GLVWA4_GLVWB4_GRCGA1_GRCGB1_GRPM1_GRVW4_GSU1
7.0.3,474,414,12849,fp32,N,T,MT256x256x32_MI32x32x2x1_SN_1LDSB1_APM1_ABV0_ACED0_AF0EM1_AF1EM1_AMAS3_ASE_ASGT_ASLT_ASM_ASAE01_ASCE01_ASEM1_AAC0_BL1_BS1_CLR0_DTLA0_DTLB0_DTVA0_DTVB0_DVO0_ETSP_EPS1_ELFLR0_EMLL0_FSSC10_FL0_GLVWA4_GLVWB4_GRCGA1_GRCGB1_GRPM1_GRVW4_GSU1
7.0.3,1,194,1081,bf16,T,T,MT16x16x16
7.0.3,1,79,8445,fp32,T,T,MT64x64x16_MI32x32x2x1_SN_1LDSB1_APM1_ABV0_ACED0_AF0EM1_AF1EM1_AMAS0_ASE_ASGT_ASLT_ASM_ASAE01_ASCE01_ASEM1_AAC0_BL1_BS1_CLR0_DTLA0_DTLB0_DTVA0_DTVB0_DVO0_ETSP_EPS1_ELFLR0_EMLL0_FSSC10_FL0_GLVWA1_GLVWB1_GRCGA1_GRCGB1_GRPM1_GRVW1_GSU1
7.0.3,43,1,2092,fp16,N,T,MT256x256x32_MI32x32x8x1_SN_1LDSB1_APM1_ABV0_ACED0_AF0EM1_AF1EM1_AMAS3_ASE_ASGT_ASLT_ASM_ASAE01_ASCE01_ASEM1_AAC0_BL1_BS1_CLR0_DTLA0_DTLB0_DTVA0_DTVB0_DVO0_ETSP_EPS1_ELFLR0_EMLL0_FSSC10_FL0_GLVWA8_GLVWB8_GRCGA1_GRCGB1_GRPM1_GRVW8_GSU1
7.0.3,1496,398,31866,fp32,N,T,MT256x256x32_MI32x32x2x1_SN_1LDSB1_APM1_ABV0_ACED0_AF0EM1_AF1EM1_AMAS3_ASE_ASGT_ASLT_ASM_ASAE01_ASCE01_ASEM1_AAC0_BL1_BS1_CLR0_DTLA0_DTLB0_DTVA0_DTVB0_DVO0_ETSP_EPS1_ELFLR0_EMLL0_FSSC10_FL0_GLVWA4_GLVWB4_GRCGA1_GRCGB1_GRPM1_GRVW4_GSU1
7.0.3,12,14,13995,fp16,T,N,MT256x128x16_MI32x32x8x1_SN_1LDSB1_APM1_ABV0_ACED0_AF0EM1_AF1EM1_AMAS3_ASE_ASGT_ASLT_ASM_ASAE01_ASCE01_ASEM1_AAC0_BL1_BS1_CLR0_DTLA0_DTLB0_DTVA0_DTVB0_DVO0_ETSP_EPS1_ELFLR0_EMLL0_FSSC10_FL0_GLVWA8_GLVWB8_GRCGA1_GRCGB1_GRPM1_GRVW8_GSU1
7.0.3,51,4,18172,fp16,T,N,MT256x256x16_MI32x32x8x1_SN_1LDSB0_APM1_ABV0_ACED0_AF0EM1_AF1EM1_AMAS3_ASE_ASGT_ASLT_ASM_ASAE01_ASCE01_ASEM1_AAC0_BL1_BS1_CLR1_DTLA0_DTLB0_DTVA0_DTVB0_DVO0_ETSP_EPS1_ELFLR0_EMLL0_FSSC10_FL0_GLVWA4_GLVWB4_GRCGA1_GRCGB1_GRPM1_GRVW4_GSU1
7.0.3,1,4196,6469,fp16,T,T,MT32x32x16
7.0.3,1206,11,14563,fp32,N,N,MT128x128x16_MI16x16x4x1_SN_1LDSB0_APM1_ABV0_ACED0_AF0EM1_AF1EM1_AMAS3_ASE_ASGT_ASLT_ASM_ASAE01_ASCE01_ASEM1_AAC0_BL1_BS1_CLR0_DTLA0_DTLB0_DTVA0_DTVB0_DVO0_ETSP_EPS1_ELFLR0_EMLL0_FSSC10_FL0_GLVWA4_GLVWB4_GRCGA1_GRCGB1_GRPM1_GRVW4_GSU1
7.2.3,92,167,17672,fp32,N,T,MT256x256x32_MI32x32x2x1_SN_1LDSB1_APM1_ABV0_ACED0_AF0EM1_AF1EM1_AMAS3_ASE_ASGT_ASLT_ASM_ASAE01_ASCE01_ASEM1_AAC0_BL1_BS1_CLR0_DTLA0_DTLB0_DTVA0_DTVB0_DVO0_ETSP_EPS1_ELFLR0_EMLL0_FSSC10_FL0_GLVWA4_GLVWB4_GRCGA1_GRCGB1_GRPM1_GRVW4_GSU1
7.2.3,697,174,30162,fp32,N,T,MT256x256x32_MI32x32x2x1_SN_1LDSB1_APM1_ABV0_ACED0_AF0EM1_AF1EM1_AMAS3_ASE_ASGT_ASLT_ASM_ASAE01_ASCE01_ASEM1_AAC0_BL1_BS1_CLR0_DTLA0_DTLB0_DTVA0_DTVB0_DVO0_ETSP_EPS1_ELFLR0_EMLL0_FSSC10_FL0_GLVWA4_GLVWB4_GRCGA1_GRCGB1_GRPM1_GRVW4_GSU1
7.2.3,523,249,26152,fp32,N,T,MT256x256x32_MI32x32x2x1_SN_1LDSB1_APM1_ABV0_ACED0_AF0EM1_AF1EM1_AMAS3_ASE_ASGT_ASLT_ASM_ASAE01_ASCE01_ASEM1_AAC0_BL1_BS1_CLR0_DTLA0_DTLB0_DTVA0_DTVB0_DVO0_ETSP_EPS1_ELFLR0_EMLL0_FSSC10_FL0_GLVWA4_GLVWB4_GRCGA1_GRCGB1_GRPM1_GRVW4_GSU1
7.2.3,474,414,12849,fp32,N,T,MT256x256x32_MI32x32x2x1_SN_1LDSB1_APM1_ABV0_ACED0_AF0EM1_AF1EM1_AMAS3_ASE_ASGT_ASLT_ASM_ASAE01_ASCE01_ASEM1_AAC0_BL1_BS1_CLR0_DTLA0_DTLB0_DTVA0_DTVB0_DVO0_ETSP_EPS1_ELFLR0_EMLL0_FSSC10_FL0_GLVWA4_GLVWB4_GRCGA1_GRCGB1_GRPM1_GRVW4_GSU1
7.2.3,1,194,1081,bf16,T,T,MT16x16x16
7.2.3,1,79,8445,fp32,T,T,MT64x64x16_MI32x32x2x1_SN_1LDSB1_APM1_ABV0_ACED0_AF0EM1_AF1EM1_AMAS0_ASE_ASGT_ASLT_ASM_ASAE01_ASCE01_ASEM1_AAC0_BL1_BS1_CLR0_DTLA0_DTLB0_DTVA0_DTVB0_DVO0_ETSP_EPS1_ELFLR0_EMLL0_FSSC10_FL0_GLVWA1_GLVWB1_GRCGA1_GRCGB1_GRPM1_GRVW1_GSU1
7.2.3,43,1,2092,fp16,N,T,MT256x256x32_MI32x32x8x1_SN_1LDSB1_APM1_ABV0_ACED0_AF0EM1_AF1EM1_AMAS3_ASE_ASGT_ASLT_ASM_ASAE01_ASCE01_ASEM1_AAC0_BL1_BS1_CLR0_DTLA0_DTLB0_DTVA0_DTVB0_DVO0_ETSP_EPS1_ELFLR0_EMLL0_FSSC10_FL0_GLVWA8_GLVWB8_GRCGA1_GRCGB1_GRPM1_GRVW8_GSU1
7.2.3,1496,398,31866,fp32,N,T,MT256x256x32_MI32x32x2x1_SN_1LDSB1_APM1_ABV0_ACED0_AF0EM1_AF1EM1_AMAS3_ASE_ASGT_ASLT_ASM_ASAE01_ASCE01_ASEM1_AAC0_BL1_BS1_CLR0_DTLA0_DTLB0_DTVA0_DTVB0_DVO0_ETSP_EPS1_ELFLR0_EMLL0_FSSC10_FL0_GLVWA4_GLVWB4_GRCGA1_GRCGB1_GRPM1_GRVW4_GSU1
7.2.3,12,14,13995,fp16,T,N,MT256x128x16_MI32x32x8x1_SN_1LDSB1_APM1_ABV0_ACED0_AF0EM1_AF1EM1_AMAS3_ASE_ASGT_ASLT_ASM_ASAE01_ASCE01_ASEM1_AAC0_BL1_BS1_CLR0_DTLA0_DTLB0_DTVA0_DTVB0_DVO0_ETSP_EPS1_ELFLR0_EMLL0_FSSC10_FL0_GLVWA8_GLVWB8_GRCGA1_GRCGB1_GRPM1_GRVW8_GSU1
7.2.3,51,4,18172,fp16,T,N,MT256x256x16_MI32x32x8x1_SN_1LDSB0_APM1_ABV0_ACED0_AF0EM1_AF1EM1_AMAS3_ASE_ASGT_ASLT_ASM_ASAE01_ASCE01_ASEM1_AAC0_BL1_BS1_CLR1_DTLA0_DTLB0_DTVA0_DTVB0_DVO0_ETSP_EPS1_ELFLR0_EMLL0_FSSC10_FL0_GLVWA4_GLVWB4_GRCGA1_GRCGB1_GRPM1_GRVW4_GSU1
7.2.3,1,4196,6469,fp16,T,T,MT32x32x16
7.2.3,1206,11,14563,fp32,N,N,MT128x128x16_MI16x16x4x1_SN_1LDSB0_APM1_ABV0_ACED0_AF0EM1_AF1EM1_AMAS3_ASE_ASGT_ASLT_ASM_ASAE01_ASCE01_ASEM1_AAC0_BL1_BS1_CLR0_DTLA0_DTLB0_DTVA0_DTVB0_DVO0_ETSP_EPS1_ELFLR0_EMLL0_FSSC10_FL0_GLVWA4_GLVWB4_GRCGA1_GRCGB1_GRPM1_GRVW4_GSU1
